Godot Engine v4.7.1.stable.official.a13da4feb - https://godotengine.org

[   0% ] [90m[1mfirst_scan_filesystem[22m | Started Project initialization (5 steps)[39m[0m
[   0% ] [90m[1mfirst_scan_filesystem[22m | Scanning file structure...[39m[0m
[  16% ] [90m[1mfirst_scan_filesystem[22m | Loading global class names...[39m[0m
[  33% ] [90m[1mfirst_scan_filesystem[22m | Verifying GDExtensions...[39m[0m
[  50% ] [90m[1mfirst_scan_filesystem[22m | Creating autoload scripts...[39m[0m
[  66% ] [90m[1mfirst_scan_filesystem[22m | Initializing plugins...[39m[0m
[  83% ] [90m[1mfirst_scan_filesystem[22m | Starting file scan...[39m[0m
[92m[ DONE ][39m [1mfirst_scan_filesystem[22m
[0m
FLUX pixel atlas export: 7 verified original PNGs, 119207 bytes
[   0% ] [90m[1msavepack[22m | Started Packing (102 steps)[39m[0m
[   1% ] [90m[1msavepack[22m | Storing File: res://art_batches/pixel_v1/magic/export/magic_00.png[39m[0m
[   1% ] [90m[1msavepack[22m | Storing File: res://art_batches/pixel_v1/magic/export/magic_01.png[39m[0m
[   1% ] [90m[1msavepack[22m | Storing File: res://art_batches/pixel_v1/magic/export/magic_02.png[39m[0m
[   1% ] [90m[1msavepack[22m | Storing File: res://art_batches/pixel_v1/map/export/terrain/atlas.png[39m[0m
[   1% ] [90m[1msavepack[22m | Storing File: res://art_batches/pixel_v1/map/export/architecture/atlas.png[39m[0m
[   1% ] [90m[1msavepack[22m | Storing File: res://art_batches/pixel_v1/map/export/props/atlas.png[39m[0m
[   1% ] [90m[1msavepack[22m | Storing File: res://art_batches/pixel_v1/map/export/ambient/atlas.png[39m[0m
[   1% ] [90m[1msavepack[22m | Storing File: res://.godot/imported/ba_djoh_atlas.png-3374bd5505b39243746c117e78817296.ctex[39m[0m
[   1% ] [90m[1msavepack[22m | Storing File: res://assets/sprites/champions/ba_djoh/ba_djoh_atlas.png.import[39m[0m
[   1% ] [90m[1msavepack[22m | Storing File: res://.godot/imported/ba_djoh_direction_preview.png-a211d67b13b08d1d75c3c4b00a441502.ctex[39m[0m
[   1% ] [90m[1msavepack[22m | Storing File: res://assets/sprites/champions/ba_djoh/ba_djoh_direction_preview.png.import[39m[0m
[   1% ] [90m[1msavepack[22m | Storing File: res://.godot/imported/garden-edge.png-2fc14d49f17a81e4242b8f33dd979436.ctex[39m[0m
[   1% ] [90m[1msavepack[22m | Storing File: res://assets/environment/sanctum_g2/runtime_kit_v1/garden-edge.png.import[39m[0m
[   1% ] [90m[1msavepack[22m | Storing File: res://.godot/imported/ordinary-stone-path.png-829c8a82a36184459bbef95bd168a57c.ctex[39m[0m
[   1% ] [90m[1msavepack[22m | Storing File: res://assets/environment/sanctum_g2/runtime_kit_v1/ordinary-stone-path.png.import[39m[0m
[   1% ] [90m[1msavepack[22m | Storing File: res://.godot/imported/warm-stone-ground.png-c2d858a570f780281b4ff1af6160eff4.ctex[39m[0m
[   1% ] [90m[1msavepack[22m | Storing File: res://assets/environment/sanctum_g2/runtime_kit_v1/warm-stone-ground.png.import[39m[0m
[   1% ] [90m[1msavepack[22m | Storing File: res://.godot/imported/worldbone-cliff.png-da9367864ca8253c396559c255ee9fdf.ctex[39m[0m
[   1% ] [90m[1msavepack[22m | Storing File: res://assets/environment/sanctum_g2/runtime_kit_v1/worldbone-cliff.png.import[39m[0m
[   1% ] [90m[1msavepack[22m | Storing File: res://.godot/imported/props.png-48a951cc6aaf3b3129bc16e0e7ab9aff.ctex[39m[0m
[   1% ] [90m[1msavepack[22m | Storing File: res://assets/environment/wellspring_v3/props.png.import[39m[0m
[   1% ] [90m[1msavepack[22m | Storing File: res://.godot/imported/surfaces.png-6e8f0e55accd322f84fff6218bde9247.ctex[39m[0m
[   1% ] [90m[1msavepack[22m | Storing File: res://assets/environment/wellspring_v3/surfaces.png.import[39m[0m
[   1% ] [90m[1msavepack[22m | Storing File: res://.godot/imported/element_icons_v2.png-6842be934140b94dcf4382d525e20429.ctex[39m[0m
[   1% ] [90m[1msavepack[22m | Storing File: res://assets/icons/v2/element_icons_v2.png.import[39m[0m
[   1% ] [90m[1msavepack[22m | Storing File: res://.godot/imported/element_icons_v1.png-70b749183652926ea7d987066daf8a84.ctex[39m[0m
[   1% ] [90m[1msavepack[22m | Storing File: res://assets/icons/element_icons_v1.png.import[39m[0m
[   1% ] [90m[1msavepack[22m | Storing File: res://.godot/imported/foundation_ability_icons_v1.png-9d9e7e7a595da6fa784d58b509195859.ctex[39m[0m
[   1% ] [90m[1msavepack[22m | Storing File: res://assets/icons/foundation_ability_icons_v1.png.import[39m[0m
[   1% ] [90m[1msavepack[22m | Storing File: res://.godot/imported/ui_state_icons_v1.png-71f7e53c0ad8a4add88ea8036f6d0d1e.ctex[39m[0m
[   1% ] [90m[1msavepack[22m | Storing File: res://assets/icons/ui_state_icons_v1.png.import[39m[0m
[   1% ] [90m[1msavepack[22m | Storing File: res://.godot/imported/alchemical_proving_grounds_preview.png-6b067e8d4f4f5957e91f312c1f1ce232.ctex[39m[0m
[   1% ] [90m[1msavepack[22m | Storing File: res://assets/maps/sanctum/districts/alchemical_proving_grounds_preview.png.import[39m[0m
[   1% ] [90m[1msavepack[22m | Storing File: res://.godot/imported/crown_observatory_preview.png-2d06f883796fd62da47b642cb3da1740.ctex[39m[0m
[   1% ] [90m[1msavepack[22m | Storing File: res://assets/maps/sanctum/districts/crown_observatory_preview.png.import[39m[0m
[   2% ] [90m[1msavepack[22m | Storing File: res://.godot/imported/foundry_deep_preview.png-c7ff34f56f682ab48d6bb4bf9f885be4.ctex[39m[0m
[   2% ] [90m[1msavepack[22m | Storing File: res://assets/maps/sanctum/districts/foundry_deep_preview.png.import[39m[0m
[   2% ] [90m[1msavepack[22m | Storing File: res://.godot/imported/living_archive_preview.png-9c3bcbe1346e96b7c5a4431c5a49171c.ctex[39m[0m
[   2% ] [90m[1msavepack[22m | Storing File: res://assets/maps/sanctum/districts/living_archive_preview.png.import[39m[0m
[   2% ] [90m[1msavepack[22m | Storing File: res://.godot/imported/movement_conservatory_preview.png-5e38b3c2a3d63228d1c938414305d2ea.ctex[39m[0m
[   2% ] [90m[1msavepack[22m | Storing File: res://assets/maps/sanctum/districts/movement_conservatory_preview.png.import[39m[0m
[   2% ] [90m[1msavepack[22m | Storing File: res://.godot/imported/nexus_court_preview.png-46d0a56f6140063d04075881b5ef8f34.ctex[39m[0m
[   2% ] [90m[1msavepack[22m | Storing File: res://assets/maps/sanctum/districts/nexus_court_preview.png.import[39m[0m
[   2% ] [90m[1msavepack[22m | Storing File: res://.godot/imported/seasonal_expanse_preview.png-169bd3fd44da13e0dde7b8fa2492fd55.ctex[39m[0m
[   2% ] [90m[1msavepack[22m | Storing File: res://assets/maps/sanctum/districts/seasonal_expanse_preview.png.import[39m[0m
[   2% ] [90m[1msavepack[22m | Storing File: res://.godot/imported/verdant_recovery_preview.png-3b71b13f67d429d314e207234ca90f49.ctex[39m[0m
[   2% ] [90m[1msavepack[22m | Storing File: res://assets/maps/sanctum/districts/verdant_recovery_preview.png.import[39m[0m
[   2% ] [90m[1msavepack[22m | Storing File: res://.godot/imported/wayfarer_concourse_preview.png-148213de518c8c9ced17936276a1e343.ctex[39m[0m
[   2% ] [90m[1msavepack[22m | Storing File: res://assets/maps/sanctum/districts/wayfarer_concourse_preview.png.import[39m[0m
[   2% ] [90m[1msavepack[22m | Storing File: res://.godot/imported/nexus_to_conservatory_preview_v1.png-1acd9382dab2ddaa0e0917fce370c607.ctex[39m[0m
[   2% ] [90m[1msavepack[22m | Storing File: res://assets/maps/sanctum/nexus_to_conservatory_preview_v1.png.import[39m[0m
[   2% ] [90m[1msavepack[22m | Storing File: res://.godot/imported/sanctum_district_overview_v1.png-3f27dd3721acf74d7a9afd90a34df776.ctex[39m[0m
[   2% ] [90m[1msavepack[22m | Storing File: res://assets/maps/sanctum/sanctum_district_overview_v1.png.import[39m[0m
[   2% ] [90m[1msavepack[22m | Storing File: res://.godot/imported/preview_1280x720.png-97da50e9ea1c2057d3ef55819b6a89f1.ctex[39m[0m
[   2% ] [90m[1msavepack[22m | Storing File: res://assets/maps/wellspring/deep_foundry/preview_1280x720.png.import[39m[0m
[   2% ] [90m[1msavepack[22m | Storing File: res://.godot/imported/preview_1280x720.png-f80145669de7314a875d67b142797e31.ctex[39m[0m
[   2% ] [90m[1msavepack[22m | Storing File: res://assets/maps/wellspring/elemental_proving_grounds/preview_1280x720.png.import[39m[0m
[   2% ] [90m[1msavepack[22m | Storing File: res://.godot/imported/preview_1280x720.png-59973431af6274b1be1ba70e2304a70a.ctex[39m[0m
[   2% ] [90m[1msavepack[22m | Storing File: res://assets/maps/wellspring/farflow_concourse/preview_1280x720.png.import[39m[0m
[   2% ] [90m[1msavepack[22m | Storing File: res://.godot/imported/preview_1280x720.png-0e10098015db09ce0b90cd122770fbd3.ctex[39m[0m
[   2% ] [90m[1msavepack[22m | Storing File: res://assets/maps/wellspring/living_archive/preview_1280x720.png.import[39m[0m
[   3% ] [90m[1msavepack[22m | Storing File: res://.godot/imported/preview_1280x720.png-3da570a966b90e111e9c650b607269c8.ctex[39m[0m
[   3% ] [90m[1msavepack[22m | Storing File: res://assets/maps/wellspring/movement_gardens/preview_1280x720.png.import[39m[0m
[   3% ] [90m[1msavepack[22m | Storing File: res://.godot/imported/preview_1280x720.png-83b89c265460ec0ca13dea3d05a09654.ctex[39m[0m
[   3% ] [90m[1msavepack[22m | Storing File: res://assets/maps/wellspring/restoration_grove/preview_1280x720.png.import[39m[0m
[   3% ] [90m[1msavepack[22m | Storing File: res://.godot/imported/preview_1280x720.png-bad61914745a0fd07ba9bbc5d629a3d4.ctex[39m[0m
[   3% ] [90m[1msavepack[22m | Storing File: res://assets/maps/wellspring/seasonal_reaches/preview_1280x720.png.import[39m[0m
[   3% ] [90m[1msavepack[22m | Storing File: res://.godot/imported/preview_1280x720.png-d72dea0ce5f1896f74bed6b0b15a1127.ctex[39m[0m
[   3% ] [90m[1msavepack[22m | Storing File: res://assets/maps/wellspring/source_court/preview_1280x720.png.import[39m[0m
[   3% ] [90m[1msavepack[22m | Storing File: res://.godot/imported/preview_1280x720.png-6f091aed14e36ad6b3d0b30f6a74ed74.ctex[39m[0m
[   3% ] [90m[1msavepack[22m | Storing File: res://assets/maps/wellspring/starward_crown/preview_1280x720.png.import[39m[0m
[   3% ] [90m[1msavepack[22m | Storing File: res://.godot/imported/wellspring_overview_2560x1440.png-5ef46da2273ea4e8e0d953cd42cadf6d.ctex[39m[0m
[   3% ] [90m[1msavepack[22m | Storing File: res://assets/maps/wellspring/wellspring_overview_2560x1440.png.import[39m[0m
[   3% ] [90m[1msavepack[22m | Storing File: res://.godot/imported/world_interaction_props_v1.png-fd5eacf0d4343030987d48bdeec8460f.ctex[39m[0m
[   3% ] [90m[1msavepack[22m | Storing File: res://assets/props/world_interaction_props_v1.png.import[39m[0m
[   3% ] [90m[1msavepack[22m | Storing File: res://.godot/imported/interaction_props_v2.png-c5afce88d05ae138e51f79c73e220cf3.ctex[39m[0m
[   3% ] [90m[1msavepack[22m | Storing File: res://assets/props_v2/interaction_props_v2.png.import[39m[0m
[   3% ] [90m[1msavepack[22m | Storing File: res://assets/shaders/visual_accessibility.gdshader[39m[0m
[   3% ] [90m[1msavepack[22m | Storing File: res://.godot/imported/attachment_preview.png-8e7b114f9404d8c9c53f50c83adf4c82.ctex[39m[0m
[   3% ] [90m[1msavepack[22m | Storing File: res://assets/sprites/ancestries/angel/attachment_preview.png.import[39m[0m
[   3% ] [90m[1msavepack[22m | Storing File: res://.godot/imported/base_atlas.png-4787a22baa2bbbaf295bdbcd061aad4b.ctex[39m[0m
[   3% ] [90m[1msavepack[22m | Storing File: res://assets/sprites/ancestries/angel/base_atlas.png.import[39m[0m
[   3% ] [90m[1msavepack[22m | Storing File: res://.godot/imported/base_overlay_debug_atlas.png-d657fbd41bd15a877b372156f3c23073.ctex[39m[0m
[   3% ] [90m[1msavepack[22m | Storing File: res://assets/sprites/ancestries/angel/base_overlay_debug_atlas.png.import[39m[0m
[   3% ] [90m[1msavepack[22m | Storing File: res://.godot/imported/attachment_preview.png-75778bc5ee74cfb47b1cb2c32fd6fc79.ctex[39m[0m
[   3% ] [90m[1msavepack[22m | Storing File: res://assets/sprites/ancestries/demon/attachment_preview.png.import[39m[0m
[   3% ] [90m[1msavepack[22m | Storing File: res://.godot/imported/base_atlas.png-095432cda8f064c5b73931220c4db424.ctex[39m[0m
[   3% ] [90m[1msavepack[22m | Storing File: res://assets/sprites/ancestries/demon/base_atlas.png.import[39m[0m
[   4% ] [90m[1msavepack[22m | Storing File: res://.godot/imported/base_overlay_debug_atlas.png-9aefbb6a6962f90fce8f79d4ea2e43b2.ctex[39m[0m
[   4% ] [90m[1msavepack[22m | Storing File: res://assets/sprites/ancestries/demon/base_overlay_debug_atlas.png.import[39m[0m
[   4% ] [90m[1msavepack[22m | Storing File: res://.godot/imported/attachment_preview.png-58d6fdeb1f200c447d2d80ad12ab367b.ctex[39m[0m
[   4% ] [90m[1msavepack[22m | Storing File: res://assets/sprites/ancestries/dwarf/attachment_preview.png.import[39m[0m
[   4% ] [90m[1msavepack[22m | Storing File: res://.godot/imported/base_atlas.png-6d64948d802a435d9809d8c3e4d13cad.ctex[39m[0m
[   4% ] [90m[1msavepack[22m | Storing File: res://assets/sprites/ancestries/dwarf/base_atlas.png.import[39m[0m
[   4% ] [90m[1msavepack[22m | Storing File: res://.godot/imported/base_overlay_debug_atlas.png-dabdfd4f3c0bdb2fa5af4163fd1d7f94.ctex[39m[0m
[   4% ] [90m[1msavepack[22m | Storing File: res://assets/sprites/ancestries/dwarf/base_overlay_debug_atlas.png.import[39m[0m
[   4% ] [90m[1msavepack[22m | Storing File: res://.godot/imported/attachment_preview.png-acc6506688585cbec3033f8e8073f501.ctex[39m[0m
[   4% ] [90m[1msavepack[22m | Storing File: res://assets/sprites/ancestries/elf/attachment_preview.png.import[39m[0m
[   4% ] [90m[1msavepack[22m | Storing File: res://.godot/imported/academy-facade.png-304b7b62e700477a225266c69c89a9c7.ctex[39m[0m
[   4% ] [90m[1msavepack[22m | Storing File: res://assets/environment/wellspring_v2/runtime_kit_v2/academy-facade.png.import[39m[0m
[   4% ] [90m[1msavepack[22m | Storing File: res://.godot/imported/academy-roof.png-8fab2d84bf7c21bba76134fdfceb3d9c.ctex[39m[0m
[   4% ] [90m[1msavepack[22m | Storing File: res://assets/environment/wellspring_v2/runtime_kit_v2/academy-roof.png.import[39m[0m
[   4% ] [90m[1msavepack[22m | Storing File: res://.godot/imported/academy-window.png-3adce0188cd0dc927bc68145a00e5292.ctex[39m[0m
[   4% ] [90m[1msavepack[22m | Storing File: res://assets/environment/wellspring_v2/runtime_kit_v2/academy-window.png.import[39m[0m
[   4% ] [90m[1msavepack[22m | Storing File: res://.godot/imported/brass-inlay.png-30e6b258ff7fe015983748e1fffb1650.ctex[39m[0m
[   4% ] [90m[1msavepack[22m | Storing File: res://assets/environment/wellspring_v2/runtime_kit_v2/brass-inlay.png.import[39m[0m
[   4% ] [90m[1msavepack[22m | Storing File: res://.godot/imported/brass-lantern.png-244b0dec6b830ba87c6717cfff84c84a.ctex[39m[0m
[   4% ] [90m[1msavepack[22m | Storing File: res://assets/environment/wellspring_v2/runtime_kit_v2/brass-lantern.png.import[39m[0m
[   4% ] [90m[1msavepack[22m | Storing File: res://.godot/imported/broad-canopy-tree.png-55f4308e5b75b30291e421bb17a35d66.ctex[39m[0m
[   4% ] [90m[1msavepack[22m | Storing File: res://assets/environment/wellspring_v2/runtime_kit_v2/broad-canopy-tree.png.import[39m[0m
[   4% ] [90m[1msavepack[22m | Storing File: res://.godot/imported/cardinal-bridge.png-4602b796958701a9f8887cb0370d461e.ctex[39m[0m
[   4% ] [90m[1msavepack[22m | Storing File: res://assets/environment/wellspring_v2/runtime_kit_v2/cardinal-bridge.png.import[39m[0m
[   4% ] [90m[1msavepack[22m | Storing File: res://.godot/imported/farflow-portal.png-b61dcc2286fda2959b05521d05e4ac62.ctex[39m[0m
[   4% ] [90m[1msavepack[22m | Storing File: res://assets/environment/wellspring_v2/runtime_kit_v2/farflow-portal.png.import[39m[0m
[   5% ] [90m[1msavepack[22m | Storing File: res://.godot/imported/flowering-bush.png-ae9b2f771275d14e5e9d659708edec90.ctex[39m[0m
[   5% ] [90m[1msavepack[22m | Storing File: res://assets/environment/wellspring_v2/runtime_kit_v2/flowering-bush.png.import[39m[0m
[   5% ] [90m[1msavepack[22m | Storing File: res://.godot/imported/garden-planter.png-39ef3ae73d250554c8398e5c58ea1d85.ctex[39m[0m
[   5% ] [90m[1msavepack[22m | Storing File: res://assets/environment/wellspring_v2/runtime_kit_v2/garden-planter.png.import[39m[0m
[   5% ] [90m[1msavepack[22m | Storing File: res://.godot/imported/quiet-cobblestone.png-e926e6dab9bb883d7721fbf314ad81c2.ctex[39m[0m
[   5% ] [90m[1msavepack[22m | Storing File: res://assets/environment/wellspring_v2/runtime_kit_v2/quiet-cobblestone.png.import[39m[0m
[   5% ] [90m[1msavepack[22m | Storing File: res://.godot/imported/source-fountain.png-5d1ff31e16bf6efc90bd1d1c111492bf.ctex[39m[0m
[   5% ] [90m[1msavepack[22m | Storing File: res://assets/environment/wellspring_v2/runtime_kit_v2/source-fountain.png.import[39m[0m
[   5% ] [90m[1msavepack[22m | Storing File: res://.godot/imported/training-target.png-dc2e24ca6f9ae38854587ea147dfef8e.ctex[39m[0m
[   5% ] [90m[1msavepack[22m | Storing File: res://assets/environment/wellspring_v2/runtime_kit_v2/training-target.png.import[39m[0m
[   5% ] [90m[1msavepack[22m | Storing File: res://.godot/imported/water-channel.png-d9ea5201ae3fb35e2f0c84d151a1a437.ctex[39m[0m
[   5% ] [90m[1msavepack[22m | Storing File: res://assets/environment/wellspring_v2/runtime_kit_v2/water-channel.png.import[39m[0m
[   5% ] [90m[1msavepack[22m | Storing File: res://.godot/imported/worldbone-ledge.png-97614ca357db2790b057e803dd8e981e.ctex[39m[0m
[   5% ] [90m[1msavepack[22m | Storing File: res://assets/environment/wellspring_v2/runtime_kit_v2/worldbone-ledge.png.import[39m[0m
[   5% ] [90m[1msavepack[22m | Storing File: res://.godot/imported/attachment_preview.png-d648d8f05b0c6c4272b086bbfa8b5101.ctex[39m[0m
[   5% ] [90m[1msavepack[22m | Storing File: res://assets/sprites/ancestries/goblin/attachment_preview.png.import[39m[0m
[   5% ] [90m[1msavepack[22m | Storing File: res://.godot/imported/base_atlas.png-f81cbe3d06d6b9796d726d883422f25f.ctex[39m[0m
[   5% ] [90m[1msavepack[22m | Storing File: res://assets/sprites/ancestries/goblin/base_atlas.png.import[39m[0m
[   5% ] [90m[1msavepack[22m | Storing File: res://.godot/imported/base_overlay_debug_atlas.png-853c38a7030c7e130707ee1c44485f6c.ctex[39m[0m
[   5% ] [90m[1msavepack[22m | Storing File: res://assets/sprites/ancestries/goblin/base_overlay_debug_atlas.png.import[39m[0m
[   5% ] [90m[1msavepack[22m | Storing File: res://.godot/imported/attachment_preview.png-fdd92f1cc06ae94556791d5ac3791629.ctex[39m[0m
[   5% ] [90m[1msavepack[22m | Storing File: res://assets/sprites/ancestries/harvestkin/attachment_preview.png.import[39m[0m
[   5% ] [90m[1msavepack[22m | Storing File: res://.godot/imported/base_atlas.png-a07b02de982d5f9f68372afc62475ced.ctex[39m[0m
[   5% ] [90m[1msavepack[22m | Storing File: res://assets/sprites/ancestries/harvestkin/base_atlas.png.import[39m[0m
[   5% ] [90m[1msavepack[22m | Storing File: res://.godot/imported/base_overlay_debug_atlas.png-fe43ccd479ada3376a4ab5902d4ccd03.ctex[39m[0m
[   5% ] [90m[1msavepack[22m | Storing File: res://assets/sprites/ancestries/harvestkin/base_overlay_debug_atlas.png.import[39m[0m
[   6% ] [90m[1msavepack[22m | Storing File: res://.godot/imported/attachment_preview.png-1d54a5481252a1397166950eb8060fb8.ctex[39m[0m
[   6% ] [90m[1msavepack[22m | Storing File: res://assets/sprites/ancestries/hobbit/attachment_preview.png.import[39m[0m
[   6% ] [90m[1msavepack[22m | Storing File: res://.godot/imported/base_atlas.png-89de0595d7f8c3c136d1a7d4d4878ddb.ctex[39m[0m
[   6% ] [90m[1msavepack[22m | Storing File: res://assets/sprites/ancestries/hobbit/base_atlas.png.import[39m[0m
[   6% ] [90m[1msavepack[22m | Storing File: res://.godot/imported/base_overlay_debug_atlas.png-886a0d82d937fab42f2c36bb0566fc2d.ctex[39m[0m
[   6% ] [90m[1msavepack[22m | Storing File: res://assets/sprites/ancestries/hobbit/base_overlay_debug_atlas.png.import[39m[0m
[   6% ] [90m[1msavepack[22m | Storing File: res://.godot/imported/attachment_preview.png-efc184754a60f97edde9427214b87fef.ctex[39m[0m
[   6% ] [90m[1msavepack[22m | Storing File: res://assets/sprites/ancestries/human/attachment_preview.png.import[39m[0m
[   6% ] [90m[1msavepack[22m | Storing File: res://.godot/imported/base_atlas.png-01a6644a072cb5cb9e0c24b7972ceab5.ctex[39m[0m
[   6% ] [90m[1msavepack[22m | Storing File: res://assets/sprites/ancestries/human/base_atlas.png.import[39m[0m
[   6% ] [90m[1msavepack[22m | Storing File: res://.godot/imported/base_overlay_debug_atlas.png-1a3bb9aa757e2f2d139c3cd0987aec38.ctex[39m[0m
[   6% ] [90m[1msavepack[22m | Storing File: res://assets/sprites/ancestries/human/base_overlay_debug_atlas.png.import[39m[0m
[   6% ] [90m[1msavepack[22m | Storing File: res://.godot/imported/attachment_preview.png-9018dd8d16d84c93eec68a7b3cd2cfd9.ctex[39m[0m
[   6% ] [90m[1msavepack[22m | Storing File: res://assets/sprites/ancestries/minotaur/attachment_preview.png.import[39m[0m
[   6% ] [90m[1msavepack[22m | Storing File: res://.godot/imported/base_atlas.png-d26d445fb2a4a8378d122cc79c95af9e.ctex[39m[0m
[   6% ] [90m[1msavepack[22m | Storing File: res://assets/sprites/ancestries/minotaur/base_atlas.png.import[39m[0m
[   6% ] [90m[1msavepack[22m | Storing File: res://.godot/imported/base_atlas.png-332b2e8de5ecee1e2440506db9741b82.ctex[39m[0m
[   6% ] [90m[1msavepack[22m | Storing File: res://assets/sprites/ancestries/elf/base_atlas.png.import[39m[0m
[   6% ] [90m[1msavepack[22m | Storing File: res://.godot/imported/base_overlay_debug_atlas.png-e0284e901213be1bcc7d0abefd611f39.ctex[39m[0m
[   6% ] [90m[1msavepack[22m | Storing File: res://assets/sprites/ancestries/elf/base_overlay_debug_atlas.png.import[39m[0m
[   6% ] [90m[1msavepack[22m | Storing File: res://.godot/imported/attachment_preview.png-1847f3dff25b001bca34f91eaf6a43bb.ctex[39m[0m
[   6% ] [90m[1msavepack[22m | Storing File: res://assets/sprites/ancestries/gnome/attachment_preview.png.import[39m[0m
[   6% ] [90m[1msavepack[22m | Storing File: res://.godot/imported/base_atlas.png-42e959661ec4b3ab2c66ed04397a49f2.ctex[39m[0m
[   6% ] [90m[1msavepack[22m | Storing File: res://assets/sprites/ancestries/gnome/base_atlas.png.import[39m[0m
[   6% ] [90m[1msavepack[22m | Storing File: res://.godot/imported/base_overlay_debug_atlas.png-d99ab33b499be2509265e7a26b56491c.ctex[39m[0m
[   6% ] [90m[1msavepack[22m | Storing File: res://assets/sprites/ancestries/gnome/base_overlay_debug_atlas.png.import[39m[0m
[   6% ] [90m[1msavepack[22m | Storing File: res://.godot/imported/base_atlas.png-0b5fd7c85ef2aa59a9339e1623b87f26.ctex[39m[0m
[   6% ] [90m[1msavepack[22m | Storing File: res://assets/sprites/ancestries/scorpionkin/base_atlas.png.import[39m[0m
[   7% ] [90m[1msavepack[22m | Storing File: res://.godot/imported/base_overlay_debug_atlas.png-cc64d38d16da655ff79c10d2d3ef4183.ctex[39m[0m
[   7% ] [90m[1msavepack[22m | Storing File: res://assets/sprites/ancestries/scorpionkin/base_overlay_debug_atlas.png.import[39m[0m
[   7% ] [90m[1msavepack[22m | Storing File: res://.godot/imported/attachment_preview.png-db334e5d722fab619c4cb9bfb979be48.ctex[39m[0m
[   7% ] [90m[1msavepack[22m | Storing File: res://assets/sprites/ancestries/seakin/attachment_preview.png.import[39m[0m
[   7% ] [90m[1msavepack[22m | Storing File: res://.godot/imported/base_atlas.png-c15d78a7c3e285eb0894e23942023eb3.ctex[39m[0m
[   7% ] [90m[1msavepack[22m | Storing File: res://assets/sprites/ancestries/seakin/base_atlas.png.import[39m[0m
[   7% ] [90m[1msavepack[22m | Storing File: res://.godot/imported/base_overlay_debug_atlas.png-c30f233ad2e7197ce4445bb4a7415220.ctex[39m[0m
[   7% ] [90m[1msavepack[22m | Storing File: res://assets/sprites/ancestries/seakin/base_overlay_debug_atlas.png.import[39m[0m
[   7% ] [90m[1msavepack[22m | Storing File: res://.godot/imported/attachment_preview.png-6ce07fd1a4f9105651d0a5972b3657ec.ctex[39m[0m
[   7% ] [90m[1msavepack[22m | Storing File: res://assets/sprites/ancestries/stoneborn/attachment_preview.png.import[39m[0m
[   7% ] [90m[1msavepack[22m | Storing File: res://.godot/imported/base_atlas.png-604e686bc0c5ab601b74e1f6e272564d.ctex[39m[0m
[   7% ] [90m[1msavepack[22m | Storing File: res://assets/sprites/ancestries/stoneborn/base_atlas.png.import[39m[0m
[   7% ] [90m[1msavepack[22m | Storing File: res://.godot/imported/base_overlay_debug_atlas.png-432f8755948694f395031c2d6443436c.ctex[39m[0m
[   7% ] [90m[1msavepack[22m | Storing File: res://assets/sprites/ancestries/stoneborn/base_overlay_debug_atlas.png.import[39m[0m
[   7% ] [90m[1msavepack[22m | Storing File: res://.godot/imported/attachment_preview.png-d4a87f74e056ef97d543b9794cecef56.ctex[39m[0m
[   7% ] [90m[1msavepack[22m | Storing File: res://assets/sprites/ancestries/sylph/attachment_preview.png.import[39m[0m
[   7% ] [90m[1msavepack[22m | Storing File: res://.godot/imported/base_atlas.png-311811fba87f23f8dc185bd25511e1b6.ctex[39m[0m
[   7% ] [90m[1msavepack[22m | Storing File: res://assets/sprites/ancestries/sylph/base_atlas.png.import[39m[0m
[   7% ] [90m[1msavepack[22m | Storing File: res://.godot/imported/base_overlay_debug_atlas.png-e848e248998d628f59b4a7e2084c6ad7.ctex[39m[0m
[   7% ] [90m[1msavepack[22m | Storing File: res://assets/sprites/ancestries/sylph/base_overlay_debug_atlas.png.import[39m[0m
[   7% ] [90m[1msavepack[22m | Storing File: res://.godot/imported/attachment_preview.png-6073f36cc40510e2e1d8eba7c2d2280a.ctex[39m[0m
[   7% ] [90m[1msavepack[22m | Storing File: res://assets/sprites/ancestries/treefolk/attachment_preview.png.import[39m[0m
[   7% ] [90m[1msavepack[22m | Storing File: res://.godot/imported/base_atlas.png-84797d7979294856bdaabc7b2626f1c0.ctex[39m[0m
[   7% ] [90m[1msavepack[22m | Storing File: res://assets/sprites/ancestries/treefolk/base_atlas.png.import[39m[0m
[   7% ] [90m[1msavepack[22m | Storing File: res://.godot/imported/base_overlay_debug_atlas.png-a2af25848457369c30c475a9477eeed5.ctex[39m[0m
[   7% ] [90m[1msavepack[22m | Storing File: res://assets/sprites/ancestries/treefolk/base_overlay_debug_atlas.png.import[39m[0m
[   8% ] [90m[1msavepack[22m | Storing File: res://.godot/imported/attachment_preview.png-ee8b278d6f35456e7b146bc77c3a507b.ctex[39m[0m
[   8% ] [90m[1msavepack[22m | Storing File: res://assets/sprites/ancestries/troll/attachment_preview.png.import[39m[0m
[   8% ] [90m[1msavepack[22m | Storing File: res://.godot/imported/base_atlas.png-96363478c149f33e864526a45af17aca.ctex[39m[0m
[   8% ] [90m[1msavepack[22m | Storing File: res://assets/sprites/ancestries/troll/base_atlas.png.import[39m[0m
[   8% ] [90m[1msavepack[22m | Storing File: res://.godot/imported/base_overlay_debug_atlas.png-a5c46ef690a983964911165cf9d64b0b.ctex[39m[0m
[   8% ] [90m[1msavepack[22m | Storing File: res://assets/sprites/ancestries/troll/base_overlay_debug_atlas.png.import[39m[0m
[   8% ] [90m[1msavepack[22m | Storing File: res://.godot/imported/attachment_preview.png-879b5b00b828e3ed0d11058f606cc309.ctex[39m[0m
[   8% ] [90m[1msavepack[22m | Storing File: res://assets/sprites/ancestries/undead/attachment_preview.png.import[39m[0m
[   8% ] [90m[1msavepack[22m | Storing File: res://.godot/imported/base_atlas.png-0f0199381ccae2951aa23a2a27d89b86.ctex[39m[0m
[   8% ] [90m[1msavepack[22m | Storing File: res://assets/sprites/ancestries/undead/base_atlas.png.import[39m[0m
[   8% ] [90m[1msavepack[22m | Storing File: res://.godot/imported/base_overlay_debug_atlas.png-844211b852ba4dcd00b60d23606b9b02.ctex[39m[0m
[   8% ] [90m[1msavepack[22m | Storing File: res://assets/sprites/ancestries/undead/base_overlay_debug_atlas.png.import[39m[0m
[   8% ] [90m[1msavepack[22m | Storing File: res://.godot/imported/attachment_preview.png-f1943d85459fb2aed215a4536f3c4430.ctex[39m[0m
[   8% ] [90m[1msavepack[22m | Storing File: res://assets/sprites/ancestries/vampire/attachment_preview.png.import[39m[0m
[   8% ] [90m[1msavepack[22m | Storing File: res://.godot/imported/base_overlay_debug_atlas.png-06acc6a8fd98986e51fd204792defbf8.ctex[39m[0m
[   8% ] [90m[1msavepack[22m | Storing File: res://assets/sprites/ancestries/minotaur/base_overlay_debug_atlas.png.import[39m[0m
[   8% ] [90m[1msavepack[22m | Storing File: res://.godot/imported/attachment_preview.png-177cf956413fab1f21ddadef2ced2840.ctex[39m[0m
[   8% ] [90m[1msavepack[22m | Storing File: res://assets/sprites/ancestries/nymph/attachment_preview.png.import[39m[0m
[   8% ] [90m[1msavepack[22m | Storing File: res://.godot/imported/base_atlas.png-5eb045c0fecf74a5edbc1ccb0f2460e9.ctex[39m[0m
[   8% ] [90m[1msavepack[22m | Storing File: res://assets/sprites/ancestries/nymph/base_atlas.png.import[39m[0m
[   8% ] [90m[1msavepack[22m | Storing File: res://.godot/imported/base_overlay_debug_atlas.png-209f0c05a1cedc99a78fced81b37d164.ctex[39m[0m
[   8% ] [90m[1msavepack[22m | Storing File: res://assets/sprites/ancestries/nymph/base_overlay_debug_atlas.png.import[39m[0m
[   8% ] [90m[1msavepack[22m | Storing File: res://.godot/imported/attachment_preview.png-53ef82848ac73a92399f0bdf03d13e6c.ctex[39m[0m
[   8% ] [90m[1msavepack[22m | Storing File: res://assets/sprites/ancestries/orc/attachment_preview.png.import[39m[0m
[   8% ] [90m[1msavepack[22m | Storing File: res://.godot/imported/base_atlas.png-6bd34771f8138da144f19b03c7c4809c.ctex[39m[0m
[   8% ] [90m[1msavepack[22m | Storing File: res://assets/sprites/ancestries/orc/base_atlas.png.import[39m[0m
[   9% ] [90m[1msavepack[22m | Storing File: res://.godot/imported/base_overlay_debug_atlas.png-b97b67d227562aa1fcb25ebad27e3e33.ctex[39m[0m
[   9% ] [90m[1msavepack[22m | Storing File: res://assets/sprites/ancestries/orc/base_overlay_debug_atlas.png.import[39m[0m
[   9% ] [90m[1msavepack[22m | Storing File: res://.godot/imported/attachment_preview.png-8a93a3c9c287aac6bf264c2df07d76c0.ctex[39m[0m
[   9% ] [90m[1msavepack[22m | Storing File: res://assets/sprites/ancestries/scorpionkin/attachment_preview.png.import[39m[0m
[   9% ] [90m[1msavepack[22m | Storing File: res://.godot/imported/base_overlay_debug_atlas.png-5edaf8de44bfaa418aa8078e459cfd8a.ctex[39m[0m
[   9% ] [90m[1msavepack[22m | Storing File: res://assets/sprites/ancestries/werewolf/base_overlay_debug_atlas.png.import[39m[0m
[   9% ] [90m[1msavepack[22m | Storing File: res://.godot/imported/attachment_preview.png-8ad31b09336e995e3601917175e8feeb.ctex[39m[0m
[   9% ] [90m[1msavepack[22m | Storing File: res://assets/sprites/ancestries/wyrmborn/attachment_preview.png.import[39m[0m
[   9% ] [90m[1msavepack[22m | Storing File: res://.godot/imported/base_atlas.png-9956a7bb086d5ee53141d0729bb3a4f0.ctex[39m[0m
[   9% ] [90m[1msavepack[22m | Storing File: res://assets/sprites/ancestries/wyrmborn/base_atlas.png.import[39m[0m
[   9% ] [90m[1msavepack[22m | Storing File: res://.godot/imported/base_overlay_debug_atlas.png-2899437734c23f3e45383c3d41ff721a.ctex[39m[0m
[   9% ] [90m[1msavepack[22m | Storing File: res://assets/sprites/ancestries/wyrmborn/base_overlay_debug_atlas.png.import[39m[0m
[   9% ] [90m[1msavepack[22m | Storing File: res://src/sim/world/collision_world.gdc[39m[0m
[   9% ] [90m[1msavepack[22m | Storing File: res://src/sim/replay/replay_data.gdc[39m[0m
[   9% ] [90m[1msavepack[22m | Storing File: res://src/sim/movement/surface_motion_policy.gdc[39m[0m
[   9% ] [90m[1msavepack[22m | Storing File: res://src/sim/movement/movement_tuning.gdc[39m[0m
[   9% ] [90m[1msavepack[22m | Storing File: res://src/sim/movement/movement_system.gdc[39m[0m
[   9% ] [90m[1msavepack[22m | Storing File: res://src/sim/materials/material_grid.gdc[39m[0m
[   9% ] [90m[1msavepack[22m | Storing File: res://src/sim/entities/resource_recovery.gdc[39m[0m
[   9% ] [90m[1msavepack[22m | Storing File: res://src/sim/entities/player_tuning.gdc[39m[0m
[  10% ] [90m[1msavepack[22m | Storing File: res://.godot/imported/base_atlas.png-cb805e973c578d284ec32cd52e5fbaca.ctex[39m[0m
[  10% ] [90m[1msavepack[22m | Storing File: res://assets/sprites/ancestries/vampire/base_atlas.png.import[39m[0m
[  10% ] [90m[1msavepack[22m | Storing File: res://.godot/imported/base_overlay_debug_atlas.png-abf27efd8072c1492868540c6fa78556.ctex[39m[0m
[  10% ] [90m[1msavepack[22m | Storing File: res://assets/sprites/ancestries/vampire/base_overlay_debug_atlas.png.import[39m[0m
[  10% ] [90m[1msavepack[22m | Storing File: res://.godot/imported/attachment_preview.png-ae839c2066eb239346d8250ece6d4802.ctex[39m[0m
[  10% ] [90m[1msavepack[22m | Storing File: res://assets/sprites/ancestries/weaverkin/attachment_preview.png.import[39m[0m
[  10% ] [90m[1msavepack[22m | Storing File: res://.godot/imported/base_atlas.png-95dda79ed94ecf47c6b8406390c84799.ctex[39m[0m
[  10% ] [90m[1msavepack[22m | Storing File: res://assets/sprites/ancestries/weaverkin/base_atlas.png.import[39m[0m
[  10% ] [90m[1msavepack[22m | Storing File: res://.godot/imported/base_overlay_debug_atlas.png-cf80de331f0d6d2b286cde0444bbbdc8.ctex[39m[0m
[  10% ] [90m[1msavepack[22m | Storing File: res://assets/sprites/ancestries/weaverkin/base_overlay_debug_atlas.png.import[39m[0m
[  10% ] [90m[1msavepack[22m | Storing File: res://.godot/imported/attachment_preview.png-aca293d8c4d3f0cfb4f9cc29a9db2001.ctex[39m[0m
[  10% ] [90m[1msavepack[22m | Storing File: res://assets/sprites/ancestries/werewolf/attachment_preview.png.import[39m[0m
[  10% ] [90m[1msavepack[22m | Storing File: res://.godot/imported/base_atlas.png-6271b0ac95ec24b34ff319929be0930f.ctex[39m[0m
[  10% ] [90m[1msavepack[22m | Storing File: res://assets/sprites/ancestries/werewolf/base_atlas.png.import[39m[0m
[  10% ] [90m[1msavepack[22m | Storing File: res://src/presentation/wellspring_character_sprite.gdc[39m[0m
[  10% ] [90m[1msavepack[22m | Storing File: res://src/presentation/wellspring_architecture_kit.gdc[39m[0m
[  10% ] [90m[1msavepack[22m | Storing File: res://src/presentation/visual_specimen.gdc[39m[0m
[  10% ] [90m[1msavepack[22m | Storing File: res://src/presentation/visual_language.gdc[39m[0m
[  10% ] [90m[1msavepack[22m | Storing File: res://src/presentation/visual_asset_registry.gdc[39m[0m
[  10% ] [90m[1msavepack[22m | Storing File: res://src/presentation/visual_asset_gallery.gdc[39m[0m
[  11% ] [90m[1msavepack[22m | Storing File: res://src/presentation/visual_accessibility_filter.gdc[39m[0m
[  11% ] [90m[1msavepack[22m | Storing File: res://src/presentation/spell_loom_presenter.gdc[39m[0m
[  11% ] [90m[1msavepack[22m | Storing File: res://src/presentation/spell_delivery_direction_contract.gdc[39m[0m
[  11% ] [90m[1msavepack[22m | Storing File: res://src/sim/entities/player_state.gdc[39m[0m
[  11% ] [90m[1msavepack[22m | Storing File: res://src/sim/entities/player_resources_system.gdc[39m[0m
[  11% ] [90m[1msavepack[22m | Storing File: res://src/sim/core/sim_world.gdc[39m[0m
[  11% ] [90m[1msavepack[22m | Storing File: res://src/sim/core/sim_config.gdc[39m[0m
[  11% ] [90m[1msavepack[22m | Storing File: res://src/sim/core/sim_command.gdc[39m[0m
[  11% ] [90m[1msavepack[22m | Storing File: res://src/sim/core/canonical_bytes.gdc[39m[0m
[  11% ] [90m[1msavepack[22m | Storing File: res://src/sim/core/action_transition_policy.gdc[39m[0m
[  11% ] [90m[1msavepack[22m | Storing File: res://src/sim/combat/training_target_system.gdc[39m[0m
[  11% ] [90m[1msavepack[22m | Storing File: res://src/sim/combat/projectile_state.gdc[39m[0m
[  11% ] [90m[1msavepack[22m | Storing File: res://src/sim/combat/field_state.gdc[39m[0m
[  11% ] [90m[1msavepack[22m | Storing File: res://src/sim/combat/combat_tuning.gdc[39m[0m
[  12% ] [90m[1msavepack[22m | Storing File: res://src/sim/combat/combat_system.gdc[39m[0m
[  12% ] [90m[1msavepack[22m | Storing File: res://src/sim/combat/combat_definition_table.gdc[39m[0m
[  12% ] [90m[1msavepack[22m | Storing File: res://src/sim/chemistry/reaction_definition_table.gdc[39m[0m
[  12% ] [90m[1msavepack[22m | Storing File: res://src/sim/chemistry/element_reaction_state.gdc[39m[0m
[  12% ] [90m[1msavepack[22m | Storing File: res://src/sim/chemistry/element_deposit_state.gdc[39m[0m
[  12% ] [90m[1msavepack[22m | Storing File: res://src/sim/chemistry/element_chemistry_system.gdc[39m[0m
[  12% ] [90m[1msavepack[22m | Storing File: res://src/presentation/wellspring_wayfinding.gdc[39m[0m
[  12% ] [90m[1msavepack[22m | Storing File: res://src/presentation/wellspring_visual_catalog.gdc[39m[0m
[  12% ] [90m[1msavepack[22m | Storing File: res://src/presentation/wellspring_interaction_presenter.gdc[39m[0m
[  12% ] [90m[1msavepack[22m | Storing File: res://src/presentation/wellspring_illustrated_kit.gdc[39m[0m
[  12% ] [90m[1msavepack[22m | Storing File: res://src/presentation/wellspring_district_view.gdc[39m[0m
[  12% ] [90m[1msavepack[22m | Storing File: res://src/presentation/pixel_effect_geometry.gdc[39m[0m
[  12% ] [90m[1msavepack[22m | Storing File: res://src/presentation/natural_map_kit.gdc[39m[0m
[  13% ] [90m[1msavepack[22m | Storing File: res://src/presentation/movement_practice_trace.gdc[39m[0m
[  13% ] [90m[1msavepack[22m | Storing File: res://src/presentation/movement_practice_coach.gdc[39m[0m
[  13% ] [90m[1msavepack[22m | Storing File: res://src/presentation/movement_guide_model.gdc[39m[0m
[  13% ] [90m[1msavepack[22m | Storing File: res://src/presentation/minimal_champion_motion.gdc[39m[0m
[  13% ] [90m[1msavepack[22m | Storing File: res://src/presentation/landing_presentation.gdc[39m[0m
[  13% ] [90m[1msavepack[22m | Storing File: res://src/presentation/jump_presentation.gdc[39m[0m
[  13% ] [90m[1msavepack[22m | Storing File: res://src/presentation/heavy_blast_presenter.gdc[39m[0m
[  13% ] [90m[1msavepack[22m | Storing File: res://src/presentation/foundation_spell_presenter.gdc[39m[0m
[  13% ] [90m[1msavepack[22m | Storing File: res://src/presentation/element_glyph_renderer.gdc[39m[0m
[  13% ] [90m[1msavepack[22m | Storing File: res://src/presentation/element_chemistry_presenter.gdc[39m[0m
[  13% ] [90m[1msavepack[22m | Storing File: res://src/presentation/element_audio.gdc[39m[0m
[  13% ] [90m[1msavepack[22m | Storing File: res://src/presentation/eight_direction_resolver.gdc[39m[0m
[  13% ] [90m[1msavepack[22m | Storing File: res://src/presentation/complete_visual_gallery.gdc[39m[0m
[  14% ] [90m[1msavepack[22m | Storing File: res://src/presentation/complete_visual_catalog.gdc[39m[0m
[  14% ] [90m[1msavepack[22m | Storing File: res://src/presentation/compact_combat_hud.gdc[39m[0m
[  14% ] [90m[1msavepack[22m | Storing File: res://src/presentation/combat_feedback_model.gdc[39m[0m
[  14% ] [90m[1msavepack[22m | Storing File: res://src/presentation/chemistry_practice_coach.gdc[39m[0m
[  14% ] [90m[1msavepack[22m | Storing File: res://src/presentation/chemistry_guide_model.gdc[39m[0m
[  14% ] [90m[1msavepack[22m | Storing File: res://src/presentation/character_selection_grid.gdc[39m[0m
[  14% ] [90m[1msavepack[22m | Storing File: res://src/presentation/cartoon_champion_presenter.gdc[39m[0m
[  14% ] [90m[1msavepack[22m | Storing File: res://src/presentation/burst_projectile_presenter.gdc[39m[0m
[  14% ] [90m[1msavepack[22m | Storing File: res://src/presentation/aim_reticle_presenter.gdc[39m[0m
[  14% ] [90m[1msavepack[22m | Storing File: res://src/presentation/actor_motion_history.gdc[39m[0m
[  14% ] [90m[1msavepack[22m | Storing File: res://src/net/session_transport.gdc[39m[0m
[  14% ] [90m[1msavepack[22m | Storing File: res://src/net/session_steward.gdc[39m[0m
[  14% ] [90m[1msavepack[22m | Storing File: res://src/net/session_snapshot.gdc[39m[0m
[  14% ] [90m[1msavepack[22m | Storing File: res://src/net/session_round.gdc[39m[0m
[  15% ] [90m[1msavepack[22m | Storing File: res://src/net/session_request_policy.gdc[39m[0m
[  15% ] [90m[1msavepack[22m | Storing File: res://src/net/session_hearth.gdc[39m[0m
[  15% ] [90m[1msavepack[22m | Storing File: res://src/net/session_event_inbox.gdc[39m[0m
[  15% ] [90m[1msavepack[22m | Storing File: res://src/net/session_charter.gdc[39m[0m
[  15% ] [90m[1msavepack[22m | Storing File: res://src/net/lan_lobby.gdc[39m[0m
[  15% ] [90m[1msavepack[22m | Storing File: res://src/net/client_prediction.gdc[39m[0m
[  15% ] [90m[1msavepack[22m | Storing File: res://src/net/authoritative_session.gdc[39m[0m
[  15% ] [90m[1msavepack[22m | Storing File: res://src/content/wellspring_environment_kit.gdc[39m[0m
[  15% ] [90m[1msavepack[22m | Storing File: res://src/content/sanctum_runtime_kit.gdc[39m[0m
[  15% ] [90m[1msavepack[22m | Storing File: res://src/content/sanctum_campus_layout.gdc[39m[0m
[  15% ] [90m[1msavepack[22m | Storing File: res://src/content/reaction_catalog.gdc[39m[0m
[  15% ] [90m[1msavepack[22m | Storing File: res://src/content/material_yard_definition.gdc[39m[0m
[  15% ] [90m[1msavepack[22m | Storing File: res://src/content/material_registry.gdc[39m[0m
[  16% ] [90m[1msavepack[22m | Storing File: res://src/content/loadout_definition.gdc[39m[0m
[  16% ] [90m[1msavepack[22m | Storing File: res://src/content/image_asset_inspector.gdc[39m[0m
[  16% ] [90m[1msavepack[22m | Storing File: res://src/content/hub_definition.gdc[39m[0m
[  16% ] [90m[1msavepack[22m | Storing File: res://src/content/environment_kit_manifest.gdc[39m[0m
[  16% ] [90m[1msavepack[22m | Storing File: res://src/content/champion_roster_plan.gdc[39m[0m
[  16% ] [90m[1msavepack[22m | Storing File: res://src/content/champion_catalog.gdc[39m[0m
[  16% ] [90m[1msavepack[22m | Storing File: res://src/content/canonical_content.gdc[39m[0m
[  16% ] [90m[1msavepack[22m | Storing File: res://src/content/body_type_profile_catalog.gdc[39m[0m
[  16% ] [90m[1msavepack[22m | Storing File: res://src/content/ability_catalog.gdc[39m[0m
[  16% ] [90m[1msavepack[22m | Storing File: res://src/app/spell_loom_editor.gdc[39m[0m
[  16% ] [90m[1msavepack[22m | Storing File: res://src/app/spectator_focus.gdc[39m[0m
[  16% ] [90m[1msavepack[22m | Storing File: res://src/app/sanctum_station_model.gdc[39m[0m
[  16% ] [90m[1msavepack[22m | Storing File: res://src/app/runtime_content_summary.gdc[39m[0m
[  17% ] [90m[1msavepack[22m | Storing File: res://src/app/player_preferences.gdc[39m[0m
[  17% ] [90m[1msavepack[22m | Storing File: res://src/app/input_router.gdc[39m[0m
[  17% ] [90m[1msavepack[22m | Storing File: res://src/app/control_binding_editor.gdc[39m[0m
[  17% ] [90m[1msavepack[22m | Storing File: res://src/app/character_selection_model.gdc[39m[0m
[  17% ] [90m[1msavepack[22m | Storing File: res://src/app/character_overview_model.gdc[39m[0m
[  17% ] [90m[1msavepack[22m | Storing File: res://src/app/champion_attunement.gdc[39m[0m
[  17% ] [90m[1msavepack[22m | Storing File: res://src/app/bootstrap.gdc[39m[0m
[  17% ] [90m[1msavepack[22m | Storing File: res://.godot/imported/ba_djoh_overlay_debug_atlas.png-40b8a5f5c178aa699987ec9a99337254.ctex[39m[0m
[  17% ] [90m[1msavepack[22m | Storing File: res://assets/sprites/champions/ba_djoh/ba_djoh_overlay_debug_atlas.png.import[39m[0m
[  17% ] [90m[1msavepack[22m | Storing File: res://.godot/imported/ba_djoh_portrait.png-afda0d94b4eef212403cf0ac641afee3.ctex[39m[0m
[  17% ] [90m[1msavepack[22m | Storing File: res://assets/sprites/champions/ba_djoh/ba_djoh_portrait.png.import[39m[0m
[  17% ] [90m[1msavepack[22m | Storing File: res://scripts/runtime-state.gdc[39m[0m
[  17% ] [90m[1msavepack[22m | Storing File: res://scripts/report_texture_rgba_hash.gdc[39m[0m
[  17% ] [90m[1msavepack[22m | Storing File: res://.godot/imported/ba_djoh_selection_icon.png-6a77e4a445a1a2ed150fe63e6c2d37b6.ctex[39m[0m
[  17% ] [90m[1msavepack[22m | Storing File: res://assets/sprites/champions/ba_djoh/ba_djoh_selection_icon.png.import[39m[0m
[  17% ] [90m[1msavepack[22m | Storing File: res://scripts/prepare_wellspring_environment_v2.gdc[39m[0m
[  17% ] [90m[1msavepack[22m | Storing File: res://scripts/prepare_g2_environment_kit.gdc[39m[0m
[  18% ] [90m[1msavepack[22m | Storing File: res://scripts/generate_sanctum_runtime_kit.gdc[39m[0m
[  18% ] [90m[1msavepack[22m | Storing File: res://scripts/capture_movement_specimen.gdc[39m[0m
[  18% ] [90m[1msavepack[22m | Storing File: res://.godot/imported/biggy_bob_atlas.png-b121ff2148da0f8b5b86eb57c32e1cc0.ctex[39m[0m
[  18% ] [90m[1msavepack[22m | Storing File: res://assets/sprites/champions/biggy_bob/biggy_bob_atlas.png.import[39m[0m
[  18% ] [90m[1msavepack[22m | Storing File: res://scripts/build_illustrated_visuals.gdc[39m[0m
[  18% ] [90m[1msavepack[22m | Storing File: res://.godot/imported/biggy_bob_direction_preview.png-3359171e7c4f497b7f25ad114c453df6.ctex[39m[0m
[  18% ] [90m[1msavepack[22m | Storing File: res://assets/sprites/champions/biggy_bob/biggy_bob_direction_preview.png.import[39m[0m
[  18% ] [90m[1msavepack[22m | Storing File: res://scripts/build_cast_expansion.gdc[39m[0m
[  18% ] [90m[1msavepack[22m | Storing File: res://scripts/audit_illustrated_visuals.gdc[39m[0m
[  18% ] [90m[1msavepack[22m | Storing File: res://scripts/audit_cast_expansion.gdc[39m[0m
[  18% ] [90m[1msavepack[22m | Storing File: res://.godot/exported/133200997/export-35af0e0804fd85420014bf8aa62d1a70-wellspring_visual_gallery.scn[39m[0m
[  18% ] [90m[1msavepack[22m | Storing File: res://.godot/exported/133200997/export-fa0416f3110c565b984d0455f80aa619-visual_asset_gallery.scn[39m[0m
[  18% ] [90m[1msavepack[22m | Storing File: res://.godot/exported/133200997/export-9dc2f4f45d089d30b01783d1df3cf4b8-complete_visual_gallery.scn[39m[0m
[  18% ] [90m[1msavepack[22m | Storing File: res://.godot/exported/133200997/export-f8e31811d776bd3599563fa60af4ecab-source_court.scn[39m[0m
[  18% ] [90m[1msavepack[22m | Storing File: res://.godot/exported/133200997/export-9035ec9a362e7076eddd92b2c467252e-wellspring_character_sprite.scn[39m[0m
[  19% ] [90m[1msavepack[22m | Storing File: res://.godot/exported/133200997/export-f4e2c9f812ce7a74237ab875d8ca03c9-bootstrap.scn[39m[0m
[  19% ] [90m[1msavepack[22m | Storing File: res://.godot/imported/biggy_bob_overlay_debug_atlas.png-7f26c858dfa19086c4f8a0e67d11b31e.ctex[39m[0m
[  19% ] [90m[1msavepack[22m | Storing File: res://assets/sprites/champions/biggy_bob/biggy_bob_overlay_debug_atlas.png.import[39m[0m
[  19% ] [90m[1msavepack[22m | Storing File: res://.godot/imported/debug_atlas.png-ceb4733270dc303cdd3b69775a5cadda.ctex[39m[0m
[  19% ] [90m[1msavepack[22m | Storing File: res://assets/sprites/races_v2/hobbit/exemplar/debug_atlas.png.import[39m[0m
[  19% ] [90m[1msavepack[22m | Storing File: res://.godot/imported/biggy_bob_portrait.png-01bad3d331a3d95c8b71810723199d24.ctex[39m[0m
[  19% ] [90m[1msavepack[22m | Storing File: res://assets/sprites/champions/biggy_bob/biggy_bob_portrait.png.import[39m[0m
[  19% ] [90m[1msavepack[22m | Storing File: res://.godot/imported/biggy_bob_selection_icon.png-c712d2d0d7a96e7c9ebd83fa0af8b080.ctex[39m[0m
[  19% ] [90m[1msavepack[22m | Storing File: res://assets/sprites/champions/biggy_bob/biggy_bob_selection_icon.png.import[39m[0m
[  19% ] [90m[1msavepack[22m | Storing File: res://.godot/imported/grimm_bow_portrait.png-5f586328cce72746a8b56c32c2c6609f.ctex[39m[0m
[  19% ] [90m[1msavepack[22m | Storing File: res://assets/sprites/champions/grimm_bow/grimm_bow_portrait.png.import[39m[0m
[  19% ] [90m[1msavepack[22m | Storing File: res://.godot/imported/djonah_thaan_atlas.png-6aec8112b175b13e20ac40ed0c640014.ctex[39m[0m
[  19% ] [90m[1msavepack[22m | Storing File: res://assets/sprites/champions/djonah_thaan/djonah_thaan_atlas.png.import[39m[0m
[  19% ] [90m[1msavepack[22m | Storing File: res://.godot/imported/djonah_thaan_direction_preview.png-1c0c03a23d78c80630d94fad0b810cd1.ctex[39m[0m
[  19% ] [90m[1msavepack[22m | Storing File: res://assets/sprites/champions/djonah_thaan/djonah_thaan_direction_preview.png.import[39m[0m
[  19% ] [90m[1msavepack[22m | Storing File: res://.godot/imported/djonah_thaan_overlay_debug_atlas.png-e0fc5e06954851445d7c1b2c4fe32bf0.ctex[39m[0m
[  19% ] [90m[1msavepack[22m | Storing File: res://assets/sprites/champions/djonah_thaan/djonah_thaan_overlay_debug_atlas.png.import[39m[0m
[  19% ] [90m[1msavepack[22m | Storing File: res://.godot/imported/djonah_thaan_portrait.png-94df6dda2fd8c2eceaf9e1a3515571a0.ctex[39m[0m
[  19% ] [90m[1msavepack[22m | Storing File: res://assets/sprites/champions/djonah_thaan/djonah_thaan_portrait.png.import[39m[0m
[  19% ] [90m[1msavepack[22m | Storing File: res://.godot/imported/djonah_thaan_selection_icon.png-44d3c01fd8a141b2d20111cec84b65e1.ctex[39m[0m
[  19% ] [90m[1msavepack[22m | Storing File: res://assets/sprites/champions/djonah_thaan/djonah_thaan_selection_icon.png.import[39m[0m
[  19% ] [90m[1msavepack[22m | Storing File: res://.godot/imported/donnok_atlas.png-6517fd9e044297b8b61220f8b8020225.ctex[39m[0m
[  19% ] [90m[1msavepack[22m | Storing File: res://assets/sprites/champions/donnok/donnok_atlas.png.import[39m[0m
[  19% ] [90m[1msavepack[22m | Storing File: res://.godot/imported/donnok_direction_preview.png-d5111600995be4bed75a92d71a40e34a.ctex[39m[0m
[  19% ] [90m[1msavepack[22m | Storing File: res://assets/sprites/champions/donnok/donnok_direction_preview.png.import[39m[0m
[  19% ] [90m[1msavepack[22m | Storing File: res://.godot/imported/donnok_overlay_debug_atlas.png-cde32dc3c10d676f2a63b0a36445d79f.ctex[39m[0m
[  19% ] [90m[1msavepack[22m | Storing File: res://assets/sprites/champions/donnok/donnok_overlay_debug_atlas.png.import[39m[0m
[  20% ] [90m[1msavepack[22m | Storing File: res://.godot/imported/donnok_portrait.png-578d95d9bb24a554d4a9e162a9326a73.ctex[39m[0m
[  20% ] [90m[1msavepack[22m | Storing File: res://assets/sprites/champions/donnok/donnok_portrait.png.import[39m[0m
[  20% ] [90m[1msavepack[22m | Storing File: res://.godot/imported/donnok_selection_icon.png-68955f63b43ba0d5fecdea7a01634385.ctex[39m[0m
[  20% ] [90m[1msavepack[22m | Storing File: res://assets/sprites/champions/donnok/donnok_selection_icon.png.import[39m[0m
[  20% ] [90m[1msavepack[22m | Storing File: res://.godot/imported/dr_apex_atlas.png-8337a0d9d5f6af3ff9af17cb5c6ab30e.ctex[39m[0m
[  20% ] [90m[1msavepack[22m | Storing File: res://assets/sprites/champions/dr_apex/dr_apex_atlas.png.import[39m[0m
[  20% ] [90m[1msavepack[22m | Storing File: res://.godot/imported/dr_apex_direction_preview.png-e878cd44cc17a8650f023bf15ad912d0.ctex[39m[0m
[  20% ] [90m[1msavepack[22m | Storing File: res://assets/sprites/champions/dr_apex/dr_apex_direction_preview.png.import[39m[0m
[  20% ] [90m[1msavepack[22m | Storing File: res://.godot/imported/dr_apex_overlay_debug_atlas.png-9c36e49aaa6573f6e61c6ead3cd5da88.ctex[39m[0m
[  20% ] [90m[1msavepack[22m | Storing File: res://assets/sprites/champions/dr_apex/dr_apex_overlay_debug_atlas.png.import[39m[0m
[  20% ] [90m[1msavepack[22m | Storing File: res://.godot/imported/dr_apex_portrait.png-70fe76d80847998fef0570831e8b0877.ctex[39m[0m
[  20% ] [90m[1msavepack[22m | Storing File: res://assets/sprites/champions/dr_apex/dr_apex_portrait.png.import[39m[0m
[  20% ] [90m[1msavepack[22m | Storing File: res://.godot/imported/dr_apex_selection_icon.png-e418aa67ccb5eb9c4d3f82215079b9b2.ctex[39m[0m
[  20% ] [90m[1msavepack[22m | Storing File: res://assets/sprites/champions/dr_apex/dr_apex_selection_icon.png.import[39m[0m
[  20% ] [90m[1msavepack[22m | Storing File: res://.godot/imported/fluup_atlas.png-9aeca49d2207060affab30b1ce78940b.ctex[39m[0m
[  20% ] [90m[1msavepack[22m | Storing File: res://assets/sprites/champions/fluup/fluup_atlas.png.import[39m[0m
[  20% ] [90m[1msavepack[22m | Storing File: res://.godot/imported/fluup_direction_preview.png-d81b188f121f43b656e13413de83e524.ctex[39m[0m
[  20% ] [90m[1msavepack[22m | Storing File: res://assets/sprites/champions/fluup/fluup_direction_preview.png.import[39m[0m
[  20% ] [90m[1msavepack[22m | Storing File: res://.godot/imported/fluup_overlay_debug_atlas.png-16cc67f22e6893625c987e98b5affc30.ctex[39m[0m
[  20% ] [90m[1msavepack[22m | Storing File: res://assets/sprites/champions/fluup/fluup_overlay_debug_atlas.png.import[39m[0m
[  20% ] [90m[1msavepack[22m | Storing File: res://.godot/imported/fluup_portrait.png-22da7de09d89085b967f02bc9b324dde.ctex[39m[0m
[  20% ] [90m[1msavepack[22m | Storing File: res://assets/sprites/champions/fluup/fluup_portrait.png.import[39m[0m
[  20% ] [90m[1msavepack[22m | Storing File: res://.godot/imported/fluup_selection_icon.png-ac33964122c7febdee0c874aadbefe37.ctex[39m[0m
[  20% ] [90m[1msavepack[22m | Storing File: res://assets/sprites/champions/fluup/fluup_selection_icon.png.import[39m[0m
[  20% ] [90m[1msavepack[22m | Storing File: res://.godot/imported/grace_reava_atlas.png-ba20d457c84145113abc226cc9ea8cda.ctex[39m[0m
[  20% ] [90m[1msavepack[22m | Storing File: res://assets/sprites/champions/grace_reava/grace_reava_atlas.png.import[39m[0m
[  21% ] [90m[1msavepack[22m | Storing File: res://.godot/imported/grace_reava_direction_preview.png-eae3f07f5b30a03348aeb099ce3ec6c3.ctex[39m[0m
[  21% ] [90m[1msavepack[22m | Storing File: res://assets/sprites/champions/grace_reava/grace_reava_direction_preview.png.import[39m[0m
[  21% ] [90m[1msavepack[22m | Storing File: res://.godot/imported/grace_reava_overlay_debug_atlas.png-47bf6e0be9aa65a90383755b718a688d.ctex[39m[0m
[  21% ] [90m[1msavepack[22m | Storing File: res://assets/sprites/champions/grace_reava/grace_reava_overlay_debug_atlas.png.import[39m[0m
[  21% ] [90m[1msavepack[22m | Storing File: res://.godot/imported/grace_reava_portrait.png-714a6bd0a3b18a17dac3df91a9e683b1.ctex[39m[0m
[  21% ] [90m[1msavepack[22m | Storing File: res://assets/sprites/champions/grace_reava/grace_reava_portrait.png.import[39m[0m
[  21% ] [90m[1msavepack[22m | Storing File: res://.godot/imported/grace_reava_selection_icon.png-ec2ba8c4127bb42c8a4d1b3bd0d68764.ctex[39m[0m
[  21% ] [90m[1msavepack[22m | Storing File: res://assets/sprites/champions/grace_reava/grace_reava_selection_icon.png.import[39m[0m
[  21% ] [90m[1msavepack[22m | Storing File: res://.godot/imported/grimm_bow_atlas.png-cc6769432a2dbc5cd51902fc0818ab3f.ctex[39m[0m
[  21% ] [90m[1msavepack[22m | Storing File: res://assets/sprites/champions/grimm_bow/grimm_bow_atlas.png.import[39m[0m
[  21% ] [90m[1msavepack[22m | Storing File: res://.godot/imported/grimm_bow_direction_preview.png-964211cf303674564f742f51e01cbe80.ctex[39m[0m
[  21% ] [90m[1msavepack[22m | Storing File: res://assets/sprites/champions/grimm_bow/grimm_bow_direction_preview.png.import[39m[0m
[  21% ] [90m[1msavepack[22m | Storing File: res://.godot/imported/grimm_bow_overlay_debug_atlas.png-e037e4aad238504f949aae535b57355d.ctex[39m[0m
[  21% ] [90m[1msavepack[22m | Storing File: res://assets/sprites/champions/grimm_bow/grimm_bow_overlay_debug_atlas.png.import[39m[0m
[  21% ] [90m[1msavepack[22m | Storing File: res://.godot/imported/grimm_bow_selection_icon.png-a75fe23b4998ec4059e6ad0345478fa3.ctex[39m[0m
[  21% ] [90m[1msavepack[22m | Storing File: res://assets/sprites/champions/grimm_bow/grimm_bow_selection_icon.png.import[39m[0m
[  21% ] [90m[1msavepack[22m | Storing File: res://.godot/imported/haara_atlas.png-f0a11e6e57610dd7d3d2840ffa2ee6b2.ctex[39m[0m
[  21% ] [90m[1msavepack[22m | Storing File: res://assets/sprites/champions/haara/haara_atlas.png.import[39m[0m
[  21% ] [90m[1msavepack[22m | Storing File: res://.godot/imported/haara_direction_preview.png-b8cf51491c0360d12e195ce79ae5ee20.ctex[39m[0m
[  21% ] [90m[1msavepack[22m | Storing File: res://assets/sprites/champions/haara/haara_direction_preview.png.import[39m[0m
[  21% ] [90m[1msavepack[22m | Storing File: res://.godot/imported/haara_overlay_debug_atlas.png-4dc2cdb5aa307a5658fafb0e7958eebe.ctex[39m[0m
[  21% ] [90m[1msavepack[22m | Storing File: res://assets/sprites/champions/haara/haara_overlay_debug_atlas.png.import[39m[0m
[  21% ] [90m[1msavepack[22m | Storing File: res://.godot/imported/haara_portrait.png-ce19616e94a9abdacdaebfc115fe59a4.ctex[39m[0m
[  21% ] [90m[1msavepack[22m | Storing File: res://assets/sprites/champions/haara/haara_portrait.png.import[39m[0m
[  21% ] [90m[1msavepack[22m | Storing File: res://.godot/imported/haara_selection_icon.png-1422405a27b3b55112af309481d82857.ctex[39m[0m
[  21% ] [90m[1msavepack[22m | Storing File: res://assets/sprites/champions/haara/haara_selection_icon.png.import[39m[0m
[  22% ] [90m[1msavepack[22m | Storing File: res://.godot/imported/ha_rekt_atlas.png-85b6fee6daa87a669647a83c9c2cbbe5.ctex[39m[0m
[  22% ] [90m[1msavepack[22m | Storing File: res://assets/sprites/champions/ha_rekt/ha_rekt_atlas.png.import[39m[0m
[  22% ] [90m[1msavepack[22m | Storing File: res://.godot/imported/ha_rekt_direction_preview.png-78b6cb946b2c666325c87f69d70cfa26.ctex[39m[0m
[  22% ] [90m[1msavepack[22m | Storing File: res://assets/sprites/champions/ha_rekt/ha_rekt_direction_preview.png.import[39m[0m
[  22% ] [90m[1msavepack[22m | Storing File: res://.godot/imported/ha_rekt_overlay_debug_atlas.png-49f468af27411eb646cff67821e8d328.ctex[39m[0m
[  22% ] [90m[1msavepack[22m | Storing File: res://assets/sprites/champions/ha_rekt/ha_rekt_overlay_debug_atlas.png.import[39m[0m
[  22% ] [90m[1msavepack[22m | Storing File: res://.godot/imported/ha_rekt_portrait.png-9ef2222385d1badc0879ba143e471972.ctex[39m[0m
[  22% ] [90m[1msavepack[22m | Storing File: res://assets/sprites/champions/ha_rekt/ha_rekt_portrait.png.import[39m[0m
[  22% ] [90m[1msavepack[22m | Storing File: res://.godot/imported/hesus_christo_atlas.png-ed3240e519c02c9e8fdd5cc1445caf38.ctex[39m[0m
[  22% ] [90m[1msavepack[22m | Storing File: res://assets/sprites/champions/hesus_christo/hesus_christo_atlas.png.import[39m[0m
[  22% ] [90m[1msavepack[22m | Storing File: res://.godot/imported/ha_rekt_selection_icon.png-7d091ead0fbb4d981fdac14953812b5a.ctex[39m[0m
[  22% ] [90m[1msavepack[22m | Storing File: res://assets/sprites/champions/ha_rekt/ha_rekt_selection_icon.png.import[39m[0m
[  22% ] [90m[1msavepack[22m | Storing File: res://.godot/imported/hesus_christo_direction_preview.png-a5ad6bc662deac42854a0c5696d3d85f.ctex[39m[0m
[  22% ] [90m[1msavepack[22m | Storing File: res://assets/sprites/champions/hesus_christo/hesus_christo_direction_preview.png.import[39m[0m
[  22% ] [90m[1msavepack[22m | Storing File: res://.godot/imported/hesus_christo_overlay_debug_atlas.png-641dbf08212e99fe0b4e58709cb6ccbc.ctex[39m[0m
[  22% ] [90m[1msavepack[22m | Storing File: res://assets/sprites/champions/hesus_christo/hesus_christo_overlay_debug_atlas.png.import[39m[0m
[  22% ] [90m[1msavepack[22m | Storing File: res://.godot/imported/hesus_christo_portrait.png-129970bb1562ef9e4bf8b2bf5e0deb53.ctex[39m[0m
[  22% ] [90m[1msavepack[22m | Storing File: res://assets/sprites/champions/hesus_christo/hesus_christo_portrait.png.import[39m[0m
[  22% ] [90m[1msavepack[22m | Storing File: res://.godot/imported/jan_wicked_atlas.png-90c6ae286685c97d7b5fc09c8be34742.ctex[39m[0m
[  22% ] [90m[1msavepack[22m | Storing File: res://assets/sprites/champions/jan_wicked/jan_wicked_atlas.png.import[39m[0m
[  22% ] [90m[1msavepack[22m | Storing File: res://.godot/imported/hesus_christo_selection_icon.png-df510cbfaf4fb2908ac6144fa1242fd2.ctex[39m[0m
[  22% ] [90m[1msavepack[22m | Storing File: res://assets/sprites/champions/hesus_christo/hesus_christo_selection_icon.png.import[39m[0m
[  22% ] [90m[1msavepack[22m | Storing File: res://.godot/imported/jan_wicked_direction_preview.png-2ce785012d480b4f3f112e1a1bac8987.ctex[39m[0m
[  22% ] [90m[1msavepack[22m | Storing File: res://assets/sprites/champions/jan_wicked/jan_wicked_direction_preview.png.import[39m[0m
[  22% ] [90m[1msavepack[22m | Storing File: res://.godot/imported/jan_wicked_portrait.png-5feddc9ae1cb0c9f230f57146f45fdb0.ctex[39m[0m
[  22% ] [90m[1msavepack[22m | Storing File: res://assets/sprites/champions/jan_wicked/jan_wicked_portrait.png.import[39m[0m
[  22% ] [90m[1msavepack[22m | Storing File: res://.godot/imported/jan_wicked_overlay_debug_atlas.png-4868e745123d4f906e34fb22760510b4.ctex[39m[0m
[  22% ] [90m[1msavepack[22m | Storing File: res://assets/sprites/champions/jan_wicked/jan_wicked_overlay_debug_atlas.png.import[39m[0m
[  23% ] [90m[1msavepack[22m | Storing File: res://.godot/imported/jan_wicked_selection_icon.png-f4e4712be366357719bb2ad4572b25d1.ctex[39m[0m
[  23% ] [90m[1msavepack[22m | Storing File: res://assets/sprites/champions/jan_wicked/jan_wicked_selection_icon.png.import[39m[0m
[  23% ] [90m[1msavepack[22m | Storing File: res://.godot/imported/leaf_hidden_atlas.png-405158f6d3066fb8d356e37ef84ac2a3.ctex[39m[0m
[  23% ] [90m[1msavepack[22m | Storing File: res://assets/sprites/champions/leaf_hidden/leaf_hidden_atlas.png.import[39m[0m
[  23% ] [90m[1msavepack[22m | Storing File: res://.godot/imported/leaf_hidden_direction_preview.png-3aebe46218df15e82962a4625edcef94.ctex[39m[0m
[  23% ] [90m[1msavepack[22m | Storing File: res://assets/sprites/champions/leaf_hidden/leaf_hidden_direction_preview.png.import[39m[0m
[  23% ] [90m[1msavepack[22m | Storing File: res://.godot/imported/leaf_hidden_overlay_debug_atlas.png-a9dcc177ea040160cb3a01876e7adfc7.ctex[39m[0m
[  23% ] [90m[1msavepack[22m | Storing File: res://assets/sprites/champions/leaf_hidden/leaf_hidden_overlay_debug_atlas.png.import[39m[0m
[  23% ] [90m[1msavepack[22m | Storing File: res://.godot/imported/leaf_hidden_portrait.png-8909d04128201548f57893d05721dcf0.ctex[39m[0m
[  23% ] [90m[1msavepack[22m | Storing File: res://assets/sprites/champions/leaf_hidden/leaf_hidden_portrait.png.import[39m[0m
[  23% ] [90m[1msavepack[22m | Storing File: res://.godot/imported/nico_lai_atlas.png-28e563feac8b702fc1c34e29f4872c9a.ctex[39m[0m
[  23% ] [90m[1msavepack[22m | Storing File: res://assets/sprites/champions/nico_lai/nico_lai_atlas.png.import[39m[0m
[  23% ] [90m[1msavepack[22m | Storing File: res://.godot/imported/leaf_hidden_selection_icon.png-90a5c5054f98cc3511269dbb0287602c.ctex[39m[0m
[  23% ] [90m[1msavepack[22m | Storing File: res://assets/sprites/champions/leaf_hidden/leaf_hidden_selection_icon.png.import[39m[0m
[  23% ] [90m[1msavepack[22m | Storing File: res://.godot/imported/nico_lai_direction_preview.png-5fd2ed4fe2339eb8c091c0f5552c51ae.ctex[39m[0m
[  23% ] [90m[1msavepack[22m | Storing File: res://assets/sprites/champions/nico_lai/nico_lai_direction_preview.png.import[39m[0m
[  23% ] [90m[1msavepack[22m | Storing File: res://.godot/imported/nico_lai_overlay_debug_atlas.png-7dc1197d407892734041dd697cbb0a7f.ctex[39m[0m
[  23% ] [90m[1msavepack[22m | Storing File: res://assets/sprites/champions/nico_lai/nico_lai_overlay_debug_atlas.png.import[39m[0m
[  23% ] [90m[1msavepack[22m | Storing File: res://.godot/imported/oh_tipi_portrait.png-7fda1409acab22ca82e8494cb9990174.ctex[39m[0m
[  23% ] [90m[1msavepack[22m | Storing File: res://assets/sprites/champions/oh_tipi/oh_tipi_portrait.png.import[39m[0m
[  23% ] [90m[1msavepack[22m | Storing File: res://.godot/imported/oh_tipi_atlas.png-bf912bcc9a69d6f1ca68df416fc278d6.ctex[39m[0m
[  23% ] [90m[1msavepack[22m | Storing File: res://assets/sprites/champions/oh_tipi/oh_tipi_atlas.png.import[39m[0m
[  23% ] [90m[1msavepack[22m | Storing File: res://.godot/imported/nico_lai_portrait.png-2a810a0993e0b101781dd90e189e85b2.ctex[39m[0m
[  23% ] [90m[1msavepack[22m | Storing File: res://assets/sprites/champions/nico_lai/nico_lai_portrait.png.import[39m[0m
[  23% ] [90m[1msavepack[22m | Storing File: res://.godot/imported/nico_lai_selection_icon.png-618f957c19c40adc3b5b57e1d91cdf14.ctex[39m[0m
[  23% ] [90m[1msavepack[22m | Storing File: res://assets/sprites/champions/nico_lai/nico_lai_selection_icon.png.import[39m[0m
[  24% ] [90m[1msavepack[22m | Storing File: res://.godot/imported/oh_tipi_direction_preview.png-97a0036dea467bbf077a35d80debadb3.ctex[39m[0m
[  24% ] [90m[1msavepack[22m | Storing File: res://assets/sprites/champions/oh_tipi/oh_tipi_direction_preview.png.import[39m[0m
[  24% ] [90m[1msavepack[22m | Storing File: res://.godot/imported/oh_tipi_overlay_debug_atlas.png-13d09b455d80af3ac516f73f6484344f.ctex[39m[0m
[  24% ] [90m[1msavepack[22m | Storing File: res://assets/sprites/champions/oh_tipi/oh_tipi_overlay_debug_atlas.png.import[39m[0m
[  24% ] [90m[1msavepack[22m | Storing File: res://.godot/imported/oh_tipi_selection_icon.png-a9bd6625bc9baef1fcff6c2de38277ee.ctex[39m[0m
[  24% ] [90m[1msavepack[22m | Storing File: res://assets/sprites/champions/oh_tipi/oh_tipi_selection_icon.png.import[39m[0m
[  24% ] [90m[1msavepack[22m | Storing File: res://.godot/imported/oll_i_atlas.png-d03806297e366b2aa8ee71ed41cab9ba.ctex[39m[0m
[  24% ] [90m[1msavepack[22m | Storing File: res://assets/sprites/champions/oll_i/oll_i_atlas.png.import[39m[0m
[  24% ] [90m[1msavepack[22m | Storing File: res://.godot/imported/oll_i_direction_preview.png-df3ec10dd62d93f5913e23d61f9024a4.ctex[39m[0m
[  24% ] [90m[1msavepack[22m | Storing File: res://assets/sprites/champions/oll_i/oll_i_direction_preview.png.import[39m[0m
[  24% ] [90m[1msavepack[22m | Storing File: res://.godot/imported/oll_i_overlay_debug_atlas.png-bc1c6d24277bcb11680c94b28eab08fb.ctex[39m[0m
[  24% ] [90m[1msavepack[22m | Storing File: res://assets/sprites/champions/oll_i/oll_i_overlay_debug_atlas.png.import[39m[0m
[  24% ] [90m[1msavepack[22m | Storing File: res://.godot/imported/oll_i_portrait.png-93bfac9f96146428eb9b7324d673037c.ctex[39m[0m
[  24% ] [90m[1msavepack[22m | Storing File: res://assets/sprites/champions/oll_i/oll_i_portrait.png.import[39m[0m
[  24% ] [90m[1msavepack[22m | Storing File: res://.godot/imported/oll_i_selection_icon.png-96ee7233520a33d1e2546a39bd238c33.ctex[39m[0m
[  24% ] [90m[1msavepack[22m | Storing File: res://assets/sprites/champions/oll_i/oll_i_selection_icon.png.import[39m[0m
[  24% ] [90m[1msavepack[22m | Storing File: res://.godot/imported/red_baron_atlas.png-f3a0d9ecf83cc856d59a576341db86c8.ctex[39m[0m
[  24% ] [90m[1msavepack[22m | Storing File: res://assets/sprites/champions/red_baron/red_baron_atlas.png.import[39m[0m
[  24% ] [90m[1msavepack[22m | Storing File: res://.godot/imported/red_baron_direction_preview.png-bd1ffbfe9ceed0eaf75d3cbf25facb06.ctex[39m[0m
[  24% ] [90m[1msavepack[22m | Storing File: res://assets/sprites/champions/red_baron/red_baron_direction_preview.png.import[39m[0m
[  24% ] [90m[1msavepack[22m | Storing File: res://src/presentation/spell_animation_skeleton_library.gdc[39m[0m
[  24% ] [90m[1msavepack[22m | Storing File: res://src/presentation/skeleton_animation_library.gdc[39m[0m
[  24% ] [90m[1msavepack[22m | Storing File: res://src/presentation/sight_occlusion.gdc[39m[0m
[  25% ] [90m[1msavepack[22m | Storing File: res://src/presentation/sanctum_campus_renderer.gdc[39m[0m
[  25% ] [90m[1msavepack[22m | Storing File: res://src/presentation/projectile_presentation_motion.gdc[39m[0m
[  25% ] [90m[1msavepack[22m | Storing File: res://src/presentation/player_compendium.gdc[39m[0m
[  25% ] [90m[1msavepack[22m | Storing File: res://src/presentation/pixel_spell_effects.gdc[39m[0m
[  25% ] [90m[1msavepack[22m | Storing File: res://src/presentation/pixel_primitives.gdc[39m[0m
[  25% ] [90m[1msavepack[22m | Storing File: res://src/presentation/pixel_presentation.gdc[39m[0m
[  25% ] [90m[1msavepack[22m | Storing File: res://src/presentation/pixel_movement_effects.gdc[39m[0m
[  25% ] [90m[1msavepack[22m | Storing File: res://src/presentation/pixel_map_library.gdc[39m[0m
[  25% ] [90m[1msavepack[22m | Storing File: res://src/presentation/pixel_magic_library.gdc[39m[0m
[  25% ] [90m[1msavepack[22m | Storing File: res://.godot/imported/steezo_atlas.png-b75254e1bd473811c36af958e5769f6a.ctex[39m[0m
[  25% ] [90m[1msavepack[22m | Storing File: res://assets/sprites/champions/steezo/steezo_atlas.png.import[39m[0m
[  25% ] [90m[1msavepack[22m | Storing File: res://.godot/imported/steezo_direction_preview.png-8b987419f7476d79e6e3ee8d594f5a73.ctex[39m[0m
[  25% ] [90m[1msavepack[22m | Storing File: res://assets/sprites/champions/steezo/steezo_direction_preview.png.import[39m[0m
[  25% ] [90m[1msavepack[22m | Storing File: res://.godot/imported/steezo_overlay_debug_atlas.png-eb2d97b08f2c091c9784a37270a92adc.ctex[39m[0m
[  25% ] [90m[1msavepack[22m | Storing File: res://assets/sprites/champions/steezo/steezo_overlay_debug_atlas.png.import[39m[0m
[  25% ] [90m[1msavepack[22m | Storing File: res://.godot/imported/steezo_portrait.png-11fd9b4d1f2b872cc7cf754e80121da7.ctex[39m[0m
[  25% ] [90m[1msavepack[22m | Storing File: res://assets/sprites/champions/steezo/steezo_portrait.png.import[39m[0m
[  25% ] [90m[1msavepack[22m | Storing File: res://.godot/imported/steezo_selection_icon.png-255563f45fd4c1cf7fdaad800da585a8.ctex[39m[0m
[  25% ] [90m[1msavepack[22m | Storing File: res://assets/sprites/champions/steezo/steezo_selection_icon.png.import[39m[0m
[  26% ] [90m[1msavepack[22m | Storing File: res://.godot/imported/s_wayne_atlas.png-75a812b710df82934dd4110e1ef9a97e.ctex[39m[0m
[  26% ] [90m[1msavepack[22m | Storing File: res://assets/sprites/champions/s_wayne/s_wayne_atlas.png.import[39m[0m
[  26% ] [90m[1msavepack[22m | Storing File: res://.godot/imported/s_wayne_direction_preview.png-c84a2f7d2d78a72e93f0a7547fd628dd.ctex[39m[0m
[  26% ] [90m[1msavepack[22m | Storing File: res://assets/sprites/champions/s_wayne/s_wayne_direction_preview.png.import[39m[0m
[  26% ] [90m[1msavepack[22m | Storing File: res://.godot/imported/s_wayne_overlay_debug_atlas.png-9fcc23dfd552ae8df7cde94f35c3dbeb.ctex[39m[0m
[  26% ] [90m[1msavepack[22m | Storing File: res://assets/sprites/champions/s_wayne/s_wayne_overlay_debug_atlas.png.import[39m[0m
[  26% ] [90m[1msavepack[22m | Storing File: res://.godot/imported/s_wayne_portrait.png-a5a562507a85d3a392f6f62501a1a006.ctex[39m[0m
[  26% ] [90m[1msavepack[22m | Storing File: res://assets/sprites/champions/s_wayne/s_wayne_portrait.png.import[39m[0m
[  26% ] [90m[1msavepack[22m | Storing File: res://.godot/imported/s_wayne_selection_icon.png-10996057f0a1c6a99e88ebdc1620a9a1.ctex[39m[0m
[  26% ] [90m[1msavepack[22m | Storing File: res://assets/sprites/champions/s_wayne/s_wayne_selection_icon.png.import[39m[0m
[  26% ] [90m[1msavepack[22m | Storing File: res://.godot/imported/treevor_mason_atlas.png-13d12be0d046158c0f5fadf5f9053313.ctex[39m[0m
[  26% ] [90m[1msavepack[22m | Storing File: res://assets/sprites/champions/treevor_mason/treevor_mason_atlas.png.import[39m[0m
[  26% ] [90m[1msavepack[22m | Storing File: res://.godot/imported/treevor_mason_direction_preview.png-f06755ab3a2fcae43b60bda2838b699d.ctex[39m[0m
[  26% ] [90m[1msavepack[22m | Storing File: res://assets/sprites/champions/treevor_mason/treevor_mason_direction_preview.png.import[39m[0m
[  26% ] [90m[1msavepack[22m | Storing File: res://.godot/imported/treevor_mason_overlay_debug_atlas.png-bd9a4055a7f4a725e611b4c466c9e778.ctex[39m[0m
[  26% ] [90m[1msavepack[22m | Storing File: res://assets/sprites/champions/treevor_mason/treevor_mason_overlay_debug_atlas.png.import[39m[0m
[  26% ] [90m[1msavepack[22m | Storing File: res://.godot/imported/treevor_mason_portrait.png-60a87be3bb2f5de84f2c10c0d51e35c2.ctex[39m[0m
[  26% ] [90m[1msavepack[22m | Storing File: res://assets/sprites/champions/treevor_mason/treevor_mason_portrait.png.import[39m[0m
[  26% ] [90m[1msavepack[22m | Storing File: res://.godot/imported/treevor_mason_selection_icon.png-b6591bd91c934af8b46ef5ea11877beb.ctex[39m[0m
[  26% ] [90m[1msavepack[22m | Storing File: res://assets/sprites/champions/treevor_mason/treevor_mason_selection_icon.png.import[39m[0m
[  26% ] [90m[1msavepack[22m | Storing File: res://.godot/imported/unnamed_angel_atlas.png-932b02a6ca9f5ab46847136cb064713b.ctex[39m[0m
[  26% ] [90m[1msavepack[22m | Storing File: res://assets/sprites/champions/unnamed_angel/unnamed_angel_atlas.png.import[39m[0m
[  26% ] [90m[1msavepack[22m | Storing File: res://.godot/imported/unnamed_angel_direction_preview.png-c67299dff8f1df6b971d26b9e60fcf2a.ctex[39m[0m
[  26% ] [90m[1msavepack[22m | Storing File: res://assets/sprites/champions/unnamed_angel/unnamed_angel_direction_preview.png.import[39m[0m
[  26% ] [90m[1msavepack[22m | Storing File: res://.godot/imported/unnamed_angel_overlay_debug_atlas.png-4b5b33e6b2e56dc323499e8bd80904e5.ctex[39m[0m
[  26% ] [90m[1msavepack[22m | Storing File: res://assets/sprites/champions/unnamed_angel/unnamed_angel_overlay_debug_atlas.png.import[39m[0m
[  27% ] [90m[1msavepack[22m | Storing File: res://.godot/imported/unnamed_angel_portrait.png-389fca10d5b99ffcb6bd33e686cd342f.ctex[39m[0m
[  27% ] [90m[1msavepack[22m | Storing File: res://assets/sprites/champions/unnamed_angel/unnamed_angel_portrait.png.import[39m[0m
[  27% ] [90m[1msavepack[22m | Storing File: res://.godot/imported/red_baron_overlay_debug_atlas.png-e12ce0414f08a80c7c5c5cdc3c26aac7.ctex[39m[0m
[  27% ] [90m[1msavepack[22m | Storing File: res://assets/sprites/champions/red_baron/red_baron_overlay_debug_atlas.png.import[39m[0m
[  27% ] [90m[1msavepack[22m | Storing File: res://.godot/imported/red_baron_portrait.png-6be055424afe90bd5c3b6fd9e6359429.ctex[39m[0m
[  27% ] [90m[1msavepack[22m | Storing File: res://assets/sprites/champions/red_baron/red_baron_portrait.png.import[39m[0m
[  27% ] [90m[1msavepack[22m | Storing File: res://.godot/imported/red_baron_selection_icon.png-fcdb981e192d7f7cb84bcf3e3a7507cf.ctex[39m[0m
[  27% ] [90m[1msavepack[22m | Storing File: res://assets/sprites/champions/red_baron/red_baron_selection_icon.png.import[39m[0m
[  27% ] [90m[1msavepack[22m | Storing File: res://.godot/imported/spai_si_atlas.png-4e0a538aa5c7da0324fd2dba50d78000.ctex[39m[0m
[  27% ] [90m[1msavepack[22m | Storing File: res://assets/sprites/champions/spai_si/spai_si_atlas.png.import[39m[0m
[  27% ] [90m[1msavepack[22m | Storing File: res://.godot/imported/spai_si_direction_preview.png-7b28cf289a328ad047d483ef91481c48.ctex[39m[0m
[  27% ] [90m[1msavepack[22m | Storing File: res://assets/sprites/champions/spai_si/spai_si_direction_preview.png.import[39m[0m
[  27% ] [90m[1msavepack[22m | Storing File: res://.godot/imported/spai_si_overlay_debug_atlas.png-461e2a3f49e207fea8e78b778f7fda5d.ctex[39m[0m
[  27% ] [90m[1msavepack[22m | Storing File: res://assets/sprites/champions/spai_si/spai_si_overlay_debug_atlas.png.import[39m[0m
[  27% ] [90m[1msavepack[22m | Storing File: res://.godot/imported/spai_si_portrait.png-53ccaea3723c8994de9bf85bf09e2baa.ctex[39m[0m
[  27% ] [90m[1msavepack[22m | Storing File: res://assets/sprites/champions/spai_si/spai_si_portrait.png.import[39m[0m
[  27% ] [90m[1msavepack[22m | Storing File: res://.godot/imported/spai_si_selection_icon.png-d275e918af01005b01ec77a8660a93d6.ctex[39m[0m
[  27% ] [90m[1msavepack[22m | Storing File: res://assets/sprites/champions/spai_si/spai_si_selection_icon.png.import[39m[0m
[  27% ] [90m[1msavepack[22m | Storing File: res://.godot/imported/roster_portrait_128.png-0b262aea054cc3a410f7cfdc522388ce.ctex[39m[0m
[  27% ] [90m[1msavepack[22m | Storing File: res://assets/sprites/champions_v2/biggy_bob/roster_portrait_128.png.import[39m[0m
[  27% ] [90m[1msavepack[22m | Storing File: res://.godot/imported/atlas.png-cd9a121bd03c33afb62e62ce8cc669cc.ctex[39m[0m
[  27% ] [90m[1msavepack[22m | Storing File: res://assets/sprites/champions_v2/djonah_thaan/atlas.png.import[39m[0m
[  27% ] [90m[1msavepack[22m | Storing File: res://.godot/imported/debug_atlas.png-b196dd630bf4a7f49045220b6d286d7e.ctex[39m[0m
[  27% ] [90m[1msavepack[22m | Storing File: res://assets/sprites/champions_v2/djonah_thaan/debug_atlas.png.import[39m[0m
[  27% ] [90m[1msavepack[22m | Storing File: res://.godot/imported/direction_preview.png-6f1450d8352e7e082ac01f35f1aa34ba.ctex[39m[0m
[  27% ] [90m[1msavepack[22m | Storing File: res://assets/sprites/champions_v2/djonah_thaan/direction_preview.png.import[39m[0m
[  28% ] [90m[1msavepack[22m | Storing File: res://.godot/imported/roster_portrait_128.png-44fbc6795cf563eb3803caaf4adc6e79.ctex[39m[0m
[  28% ] [90m[1msavepack[22m | Storing File: res://assets/sprites/champions_v2/djonah_thaan/roster_portrait_128.png.import[39m[0m
[  28% ] [90m[1msavepack[22m | Storing File: res://.godot/imported/selection_icon_48.png-f0290580733d177ded730f006ff9b349.ctex[39m[0m
[  28% ] [90m[1msavepack[22m | Storing File: res://assets/sprites/champions_v2/djonah_thaan/selection_icon_48.png.import[39m[0m
[  28% ] [90m[1msavepack[22m | Storing File: res://.godot/imported/atlas.png-b1afb73b763e912302c9b643363aa2bd.ctex[39m[0m
[  28% ] [90m[1msavepack[22m | Storing File: res://assets/sprites/champions_v2/donnok/atlas.png.import[39m[0m
[  28% ] [90m[1msavepack[22m | Storing File: res://.godot/imported/debug_atlas.png-17493499d7e8e6192f010809350bd01d.ctex[39m[0m
[  28% ] [90m[1msavepack[22m | Storing File: res://assets/sprites/champions_v2/donnok/debug_atlas.png.import[39m[0m
[  28% ] [90m[1msavepack[22m | Storing File: res://.godot/imported/direction_preview.png-bdd98246ac096aca00558837406cbf3a.ctex[39m[0m
[  28% ] [90m[1msavepack[22m | Storing File: res://assets/sprites/champions_v2/donnok/direction_preview.png.import[39m[0m
[  28% ] [90m[1msavepack[22m | Storing File: res://.godot/imported/keyframe_board.png-bf32a3410eb299303585b5c8d8f8d9cc.ctex[39m[0m
[  28% ] [90m[1msavepack[22m | Storing File: res://assets/sprites/champions_v2/donnok/keyframe_board.png.import[39m[0m
[  28% ] [90m[1msavepack[22m | Storing File: res://.godot/imported/hero_portrait_256.png-1225cf61f9df4e0c6a901979485989b2.ctex[39m[0m
[  28% ] [90m[1msavepack[22m | Storing File: res://assets/sprites/champions_v2/donnok/hero_portrait_256.png.import[39m[0m
[  28% ] [90m[1msavepack[22m | Storing File: res://.godot/imported/hud_portrait_64.png-e54123268752cf73ce9912f6ba0bc580.ctex[39m[0m
[  28% ] [90m[1msavepack[22m | Storing File: res://assets/sprites/champions_v2/donnok/hud_portrait_64.png.import[39m[0m
[  28% ] [90m[1msavepack[22m | Storing File: res://.godot/imported/atlas.png-1739fa789ecf5a23f4a96874a9652965.ctex[39m[0m
[  28% ] [90m[1msavepack[22m | Storing File: res://assets/sprites/champions_v2/dr_apex/atlas.png.import[39m[0m
[  28% ] [90m[1msavepack[22m | Storing File: res://.godot/imported/roster_portrait_128.png-002937bba7455d9529c9d95191a82a3f.ctex[39m[0m
[  28% ] [90m[1msavepack[22m | Storing File: res://assets/sprites/champions_v2/donnok/roster_portrait_128.png.import[39m[0m
[  28% ] [90m[1msavepack[22m | Storing File: res://.godot/imported/selection_icon_48.png-db42fbccf886ee57f8fc7a4e856db2e1.ctex[39m[0m
[  28% ] [90m[1msavepack[22m | Storing File: res://assets/sprites/champions_v2/donnok/selection_icon_48.png.import[39m[0m
[  28% ] [90m[1msavepack[22m | Storing File: res://.godot/imported/debug_atlas.png-63feb740461b640114ddef1118916bfe.ctex[39m[0m
[  28% ] [90m[1msavepack[22m | Storing File: res://assets/sprites/champions_v2/dr_apex/debug_atlas.png.import[39m[0m
[  28% ] [90m[1msavepack[22m | Storing File: res://.godot/imported/hud_portrait_64.png-38b8f96fd5cc43aa89e810d2f3d0fbd0.ctex[39m[0m
[  28% ] [90m[1msavepack[22m | Storing File: res://assets/sprites/champions_v2/dr_apex/hud_portrait_64.png.import[39m[0m
[  28% ] [90m[1msavepack[22m | Storing File: res://.godot/imported/direction_preview.png-ea88ed15e1b549115434c67d06cbbcb0.ctex[39m[0m
[  28% ] [90m[1msavepack[22m | Storing File: res://assets/sprites/champions_v2/dr_apex/direction_preview.png.import[39m[0m
[  29% ] [90m[1msavepack[22m | Storing File: res://.godot/imported/hero_portrait_256.png-ee07cf1d062d24e110c048c990dda034.ctex[39m[0m
[  29% ] [90m[1msavepack[22m | Storing File: res://assets/sprites/champions_v2/dr_apex/hero_portrait_256.png.import[39m[0m
[  29% ] [90m[1msavepack[22m | Storing File: res://.godot/imported/keyframe_board.png-7177e30b17a2040d7c264074ced23044.ctex[39m[0m
[  29% ] [90m[1msavepack[22m | Storing File: res://assets/sprites/champions_v2/dr_apex/keyframe_board.png.import[39m[0m
[  29% ] [90m[1msavepack[22m | Storing File: res://.godot/imported/roster_portrait_128.png-be2816ed0e22cc6aa78677b2db91fbef.ctex[39m[0m
[  29% ] [90m[1msavepack[22m | Storing File: res://assets/sprites/champions_v2/dr_apex/roster_portrait_128.png.import[39m[0m
[  29% ] [90m[1msavepack[22m | Storing File: res://.godot/imported/selection_icon_48.png-dd0154c9434f93996bd059de93f6724a.ctex[39m[0m
[  29% ] [90m[1msavepack[22m | Storing File: res://assets/sprites/champions_v2/dr_apex/selection_icon_48.png.import[39m[0m
[  29% ] [90m[1msavepack[22m | Storing File: res://.godot/imported/atlas.png-a2128b80a12c593db8081a4f0abc0097.ctex[39m[0m
[  29% ] [90m[1msavepack[22m | Storing File: res://assets/sprites/champions_v2/fluup/atlas.png.import[39m[0m
[  29% ] [90m[1msavepack[22m | Storing File: res://.godot/imported/debug_atlas.png-65f66f9220cb37f8bc6dbe12c4dbd199.ctex[39m[0m
[  29% ] [90m[1msavepack[22m | Storing File: res://assets/sprites/champions_v2/fluup/debug_atlas.png.import[39m[0m
[  29% ] [90m[1msavepack[22m | Storing File: res://.godot/imported/direction_preview.png-0537058e445a0202f1fef54dfb9f659b.ctex[39m[0m
[  29% ] [90m[1msavepack[22m | Storing File: res://assets/sprites/champions_v2/fluup/direction_preview.png.import[39m[0m
[  29% ] [90m[1msavepack[22m | Storing File: res://.godot/imported/hero_portrait_256.png-3099e7e49b580782f55b0a50686e8bea.ctex[39m[0m
[  29% ] [90m[1msavepack[22m | Storing File: res://assets/sprites/champions_v2/fluup/hero_portrait_256.png.import[39m[0m
[  29% ] [90m[1msavepack[22m | Storing File: res://.godot/imported/hud_portrait_64.png-64228a3a8cced6ce9e050608a61376e4.ctex[39m[0m
[  29% ] [90m[1msavepack[22m | Storing File: res://assets/sprites/champions_v2/fluup/hud_portrait_64.png.import[39m[0m
[  29% ] [90m[1msavepack[22m | Storing File: res://.godot/imported/keyframe_board.png-e757af394353fd1370b07948c8598f27.ctex[39m[0m
[  29% ] [90m[1msavepack[22m | Storing File: res://assets/sprites/champions_v2/fluup/keyframe_board.png.import[39m[0m
[  29% ] [90m[1msavepack[22m | Storing File: res://.godot/imported/roster_portrait_128.png-cd7c4b22df52801b5e4f51fb6e429f69.ctex[39m[0m
[  29% ] [90m[1msavepack[22m | Storing File: res://assets/sprites/champions_v2/fluup/roster_portrait_128.png.import[39m[0m
[  29% ] [90m[1msavepack[22m | Storing File: res://.godot/imported/selection_icon_48.png-4c1ca28a5412b0ab45b8e388f11035f5.ctex[39m[0m
[  29% ] [90m[1msavepack[22m | Storing File: res://assets/sprites/champions_v2/fluup/selection_icon_48.png.import[39m[0m
[  29% ] [90m[1msavepack[22m | Storing File: res://.godot/imported/atlas.png-b9f42869600f5f4648b2f10bffa4054a.ctex[39m[0m
[  29% ] [90m[1msavepack[22m | Storing File: res://assets/sprites/champions_v2/grace_reava/atlas.png.import[39m[0m
[  30% ] [90m[1msavepack[22m | Storing File: res://.godot/imported/debug_atlas.png-1583538559ee78a00553515aa41eefcc.ctex[39m[0m
[  30% ] [90m[1msavepack[22m | Storing File: res://assets/sprites/champions_v2/grace_reava/debug_atlas.png.import[39m[0m
[  30% ] [90m[1msavepack[22m | Storing File: res://.godot/imported/hero_portrait_256.png-fa57b5d0c4d8c12e8f0069a9d56b6fae.ctex[39m[0m
[  30% ] [90m[1msavepack[22m | Storing File: res://assets/sprites/champions_v2/grace_reava/hero_portrait_256.png.import[39m[0m
[  30% ] [90m[1msavepack[22m | Storing File: res://.godot/imported/hud_portrait_64.png-4173cf0629753045feaea2bddf1ac9a1.ctex[39m[0m
[  30% ] [90m[1msavepack[22m | Storing File: res://assets/sprites/champions_v2/grace_reava/hud_portrait_64.png.import[39m[0m
[  30% ] [90m[1msavepack[22m | Storing File: res://.godot/imported/direction_preview.png-90950666639fa55b1eb41c19070c3251.ctex[39m[0m
[  30% ] [90m[1msavepack[22m | Storing File: res://assets/sprites/champions_v2/grace_reava/direction_preview.png.import[39m[0m
[  30% ] [90m[1msavepack[22m | Storing File: res://.godot/imported/keyframe_board.png-9e3af4a2dcb2d73bf96cc114c29fca12.ctex[39m[0m
[  30% ] [90m[1msavepack[22m | Storing File: res://assets/sprites/champions_v2/grace_reava/keyframe_board.png.import[39m[0m
[  30% ] [90m[1msavepack[22m | Storing File: res://.godot/imported/roster_portrait_128.png-69859a3180db57713c0cae184e27f4f3.ctex[39m[0m
[  30% ] [90m[1msavepack[22m | Storing File: res://assets/sprites/champions_v2/grace_reava/roster_portrait_128.png.import[39m[0m
[  30% ] [90m[1msavepack[22m | Storing File: res://.godot/imported/selection_icon_48.png-8884390d896d3a0ac05d2444515896ec.ctex[39m[0m
[  30% ] [90m[1msavepack[22m | Storing File: res://assets/sprites/champions_v2/grace_reava/selection_icon_48.png.import[39m[0m
[  30% ] [90m[1msavepack[22m | Storing File: res://.godot/imported/debug_atlas.png-905ae2c4dc0e4fa76d7d1d7f9b7cab98.ctex[39m[0m
[  30% ] [90m[1msavepack[22m | Storing File: res://assets/sprites/champions_v2/grimm_bow/debug_atlas.png.import[39m[0m
[  30% ] [90m[1msavepack[22m | Storing File: res://.godot/imported/direction_preview.png-1d7d13a748eb97636d3e9358183dff48.ctex[39m[0m
[  30% ] [90m[1msavepack[22m | Storing File: res://assets/sprites/champions_v2/grimm_bow/direction_preview.png.import[39m[0m
[  30% ] [90m[1msavepack[22m | Storing File: res://.godot/imported/hero_portrait_256.png-b73d3dda65779e4c19d8f9e1f973640b.ctex[39m[0m
[  30% ] [90m[1msavepack[22m | Storing File: res://assets/sprites/champions_v2/grimm_bow/hero_portrait_256.png.import[39m[0m
[  30% ] [90m[1msavepack[22m | Storing File: res://.godot/imported/atlas.png-246a1c84515fce9bf540c22f4c5efe08.ctex[39m[0m
[  30% ] [90m[1msavepack[22m | Storing File: res://assets/sprites/champions_v2/grimm_bow/atlas.png.import[39m[0m
[  30% ] [90m[1msavepack[22m | Storing File: res://.godot/imported/hud_portrait_64.png-0a1580be8cb0e7341f96683b783211af.ctex[39m[0m
[  30% ] [90m[1msavepack[22m | Storing File: res://assets/sprites/champions_v2/grimm_bow/hud_portrait_64.png.import[39m[0m
[  30% ] [90m[1msavepack[22m | Storing File: res://.godot/imported/keyframe_board.png-89ba0f58b30d705251574cbbf5ded780.ctex[39m[0m
[  30% ] [90m[1msavepack[22m | Storing File: res://assets/sprites/champions_v2/grimm_bow/keyframe_board.png.import[39m[0m
[  30% ] [90m[1msavepack[22m | Storing File: res://.godot/imported/roster_portrait_128.png-f9154978f6096610e8e49bb7d4cecf99.ctex[39m[0m
[  30% ] [90m[1msavepack[22m | Storing File: res://assets/sprites/champions_v2/grimm_bow/roster_portrait_128.png.import[39m[0m
[  31% ] [90m[1msavepack[22m | Storing File: res://.godot/imported/debug_atlas.png-c3ddda56b9388d30a5016f894594c824.ctex[39m[0m
[  31% ] [90m[1msavepack[22m | Storing File: res://assets/sprites/champions_v2/haara/debug_atlas.png.import[39m[0m
[  31% ] [90m[1msavepack[22m | Storing File: res://.godot/imported/selection_icon_48.png-3e1f4eea76d4265246baa51a060545ec.ctex[39m[0m
[  31% ] [90m[1msavepack[22m | Storing File: res://assets/sprites/champions_v2/grimm_bow/selection_icon_48.png.import[39m[0m
[  31% ] [90m[1msavepack[22m | Storing File: res://.godot/imported/atlas.png-85cad90b618fb265d11fc58508b372a4.ctex[39m[0m
[  31% ] [90m[1msavepack[22m | Storing File: res://assets/sprites/champions_v2/haara/atlas.png.import[39m[0m
[  31% ] [90m[1msavepack[22m | Storing File: res://.godot/imported/direction_preview.png-cbb7ddae0ff012b613610bb9fc6475b9.ctex[39m[0m
[  31% ] [90m[1msavepack[22m | Storing File: res://assets/sprites/champions_v2/haara/direction_preview.png.import[39m[0m
[  31% ] [90m[1msavepack[22m | Storing File: res://.godot/imported/hero_portrait_256.png-2184baa2730c6dc1c88cc51a4eaefb2d.ctex[39m[0m
[  31% ] [90m[1msavepack[22m | Storing File: res://assets/sprites/champions_v2/haara/hero_portrait_256.png.import[39m[0m
[  31% ] [90m[1msavepack[22m | Storing File: res://.godot/imported/hud_portrait_64.png-c710a33cb197eb5d5c3303659ae1fb36.ctex[39m[0m
[  31% ] [90m[1msavepack[22m | Storing File: res://assets/sprites/champions_v2/haara/hud_portrait_64.png.import[39m[0m
[  31% ] [90m[1msavepack[22m | Storing File: res://.godot/imported/keyframe_board.png-be1e910d6a1d00d8b8fdff66242f2224.ctex[39m[0m
[  31% ] [90m[1msavepack[22m | Storing File: res://assets/sprites/champions_v2/haara/keyframe_board.png.import[39m[0m
[  31% ] [90m[1msavepack[22m | Storing File: res://.godot/imported/roster_portrait_128.png-d07a69cb57f26d31c25b8d1ad414fb20.ctex[39m[0m
[  31% ] [90m[1msavepack[22m | Storing File: res://assets/sprites/champions_v2/haara/roster_portrait_128.png.import[39m[0m
[  31% ] [90m[1msavepack[22m | Storing File: res://.godot/imported/selection_icon_48.png-5eccbca40e65f656cad774567e20fdea.ctex[39m[0m
[  31% ] [90m[1msavepack[22m | Storing File: res://assets/sprites/champions_v2/haara/selection_icon_48.png.import[39m[0m
[  31% ] [90m[1msavepack[22m | Storing File: res://.godot/imported/atlas.png-938c1dcf0e73fdc242a82f94a6280dfd.ctex[39m[0m
[  31% ] [90m[1msavepack[22m | Storing File: res://assets/sprites/champions_v2/ha_rekt/atlas.png.import[39m[0m
[  31% ] [90m[1msavepack[22m | Storing File: res://.godot/imported/direction_preview.png-a199615877de9befa7f0a144c6d613d4.ctex[39m[0m
[  31% ] [90m[1msavepack[22m | Storing File: res://assets/sprites/champions_v2/ha_rekt/direction_preview.png.import[39m[0m
[  31% ] [90m[1msavepack[22m | Storing File: res://.godot/imported/hero_portrait_256.png-08f013d7a28fb8a8b253fd68f61befb6.ctex[39m[0m
[  31% ] [90m[1msavepack[22m | Storing File: res://assets/sprites/champions_v2/ha_rekt/hero_portrait_256.png.import[39m[0m
[  31% ] [90m[1msavepack[22m | Storing File: res://.godot/imported/debug_atlas.png-74366d3eca0727553c7ece3eb7b9ebc3.ctex[39m[0m
[  31% ] [90m[1msavepack[22m | Storing File: res://assets/sprites/champions_v2/ha_rekt/debug_atlas.png.import[39m[0m
[  32% ] [90m[1msavepack[22m | Storing File: res://.godot/imported/direction_preview.png-327b3cd0fef4eb87e2946e473254243c.ctex[39m[0m
[  32% ] [90m[1msavepack[22m | Storing File: res://assets/sprites/champions_v2/hesus_christo/direction_preview.png.import[39m[0m
[  32% ] [90m[1msavepack[22m | Storing File: res://.godot/imported/selection_icon_48.png-7942c2bba89bba147681a25c3992535c.ctex[39m[0m
[  32% ] [90m[1msavepack[22m | Storing File: res://assets/sprites/champions_v2/ha_rekt/selection_icon_48.png.import[39m[0m
[  32% ] [90m[1msavepack[22m | Storing File: res://.godot/imported/hud_portrait_64.png-149feef3be3840981f539e86e2cf5401.ctex[39m[0m
[  32% ] [90m[1msavepack[22m | Storing File: res://assets/sprites/champions_v2/ha_rekt/hud_portrait_64.png.import[39m[0m
[  32% ] [90m[1msavepack[22m | Storing File: res://.godot/imported/keyframe_board.png-d8e038d04586f32ab9303e33380df527.ctex[39m[0m
[  32% ] [90m[1msavepack[22m | Storing File: res://assets/sprites/champions_v2/ha_rekt/keyframe_board.png.import[39m[0m
[  32% ] [90m[1msavepack[22m | Storing File: res://.godot/imported/roster_portrait_128.png-f6281624508caa4c080d5705650fc58c.ctex[39m[0m
[  32% ] [90m[1msavepack[22m | Storing File: res://assets/sprites/champions_v2/ha_rekt/roster_portrait_128.png.import[39m[0m
[  32% ] [90m[1msavepack[22m | Storing File: res://.godot/imported/atlas.png-04fd0c012c4ed137517b1f0104ca1ae9.ctex[39m[0m
[  32% ] [90m[1msavepack[22m | Storing File: res://assets/sprites/champions_v2/hesus_christo/atlas.png.import[39m[0m
[  32% ] [90m[1msavepack[22m | Storing File: res://.godot/imported/debug_atlas.png-3be9fe9418ff8ef916da390d0ccecd42.ctex[39m[0m
[  32% ] [90m[1msavepack[22m | Storing File: res://assets/sprites/champions_v2/hesus_christo/debug_atlas.png.import[39m[0m
[  32% ] [90m[1msavepack[22m | Storing File: res://.godot/imported/keyframe_board.png-e89ae8f7284c02ded973afca2050b7d2.ctex[39m[0m
[  32% ] [90m[1msavepack[22m | Storing File: res://assets/sprites/champions_v2/hesus_christo/keyframe_board.png.import[39m[0m
[  32% ] [90m[1msavepack[22m | Storing File: res://.godot/imported/hero_portrait_256.png-633e9688827e85b68d0e97aaf790deb4.ctex[39m[0m
[  32% ] [90m[1msavepack[22m | Storing File: res://assets/sprites/champions_v2/hesus_christo/hero_portrait_256.png.import[39m[0m
[  32% ] [90m[1msavepack[22m | Storing File: res://.godot/imported/hud_portrait_64.png-1a247f08b2e60e02ee78f962eb23d6f2.ctex[39m[0m
[  32% ] [90m[1msavepack[22m | Storing File: res://assets/sprites/champions_v2/hesus_christo/hud_portrait_64.png.import[39m[0m
[  32% ] [90m[1msavepack[22m | Storing File: res://.godot/imported/roster_portrait_128.png-53d068b8f8c2fe4c7b98bd09f8727846.ctex[39m[0m
[  32% ] [90m[1msavepack[22m | Storing File: res://assets/sprites/champions_v2/hesus_christo/roster_portrait_128.png.import[39m[0m
[  32% ] [90m[1msavepack[22m | Storing File: res://.godot/imported/selection_icon_48.png-df3aa60d50880b59b2409eaf1c5bbf4d.ctex[39m[0m
[  32% ] [90m[1msavepack[22m | Storing File: res://assets/sprites/champions_v2/hesus_christo/selection_icon_48.png.import[39m[0m
[  32% ] [90m[1msavepack[22m | Storing File: res://.godot/imported/atlas.png-2c565fdd07de2e4e83de116a6352475c.ctex[39m[0m
[  32% ] [90m[1msavepack[22m | Storing File: res://assets/sprites/champions_v2/jan_wicked/atlas.png.import[39m[0m
[  33% ] [90m[1msavepack[22m | Storing File: res://.godot/imported/debug_atlas.png-f9ff5ca4eccef5fd81de4ea59862c58f.ctex[39m[0m
[  33% ] [90m[1msavepack[22m | Storing File: res://assets/sprites/champions_v2/jan_wicked/debug_atlas.png.import[39m[0m
[  33% ] [90m[1msavepack[22m | Storing File: res://.godot/imported/direction_preview.png-dc91066fff228038b93443b1f23eb943.ctex[39m[0m
[  33% ] [90m[1msavepack[22m | Storing File: res://assets/sprites/champions_v2/jan_wicked/direction_preview.png.import[39m[0m
[  33% ] [90m[1msavepack[22m | Storing File: res://.godot/imported/unnamed_angel_selection_icon.png-2c794c99dcf3e760e66f940e681fe072.ctex[39m[0m
[  33% ] [90m[1msavepack[22m | Storing File: res://assets/sprites/champions/unnamed_angel/unnamed_angel_selection_icon.png.import[39m[0m
[  33% ] [90m[1msavepack[22m | Storing File: res://.godot/imported/urzh_atlas.png-f8c38cb778001fd3f2ec29b895e4278b.ctex[39m[0m
[  33% ] [90m[1msavepack[22m | Storing File: res://assets/sprites/champions/urzh/urzh_atlas.png.import[39m[0m
[  33% ] [90m[1msavepack[22m | Storing File: res://.godot/imported/urzh_direction_preview.png-d5f13d1fd418f0f38b5bc34687b19693.ctex[39m[0m
[  33% ] [90m[1msavepack[22m | Storing File: res://assets/sprites/champions/urzh/urzh_direction_preview.png.import[39m[0m
[  33% ] [90m[1msavepack[22m | Storing File: res://.godot/imported/urzh_selection_icon.png-00d4cc46c0ff4870545fa16e39c324da.ctex[39m[0m
[  33% ] [90m[1msavepack[22m | Storing File: res://assets/sprites/champions/urzh/urzh_selection_icon.png.import[39m[0m
[  33% ] [90m[1msavepack[22m | Storing File: res://.godot/imported/urzh_overlay_debug_atlas.png-534045faf9a3fef648e9cdbca6e0b032.ctex[39m[0m
[  33% ] [90m[1msavepack[22m | Storing File: res://assets/sprites/champions/urzh/urzh_overlay_debug_atlas.png.import[39m[0m
[  33% ] [90m[1msavepack[22m | Storing File: res://.godot/imported/urzh_portrait.png-7ad5ada8617ff77a3e3a907f7383c077.ctex[39m[0m
[  33% ] [90m[1msavepack[22m | Storing File: res://assets/sprites/champions/urzh/urzh_portrait.png.import[39m[0m
[  33% ] [90m[1msavepack[22m | Storing File: res://.godot/imported/wa_bidi_atlas.png-86bc95c1b5508b6457f2173bb852686e.ctex[39m[0m
[  33% ] [90m[1msavepack[22m | Storing File: res://assets/sprites/champions/wa_bidi/wa_bidi_atlas.png.import[39m[0m
[  33% ] [90m[1msavepack[22m | Storing File: res://.godot/imported/wa_bidi_portrait.png-af4d608b6d684c2883d07c074b998d3f.ctex[39m[0m
[  33% ] [90m[1msavepack[22m | Storing File: res://assets/sprites/champions/wa_bidi/wa_bidi_portrait.png.import[39m[0m
[  33% ] [90m[1msavepack[22m | Storing File: res://.godot/imported/wa_bidi_overlay_debug_atlas.png-6bb30b129e5e76693dbf03e328bcc45d.ctex[39m[0m
[  33% ] [90m[1msavepack[22m | Storing File: res://assets/sprites/champions/wa_bidi/wa_bidi_overlay_debug_atlas.png.import[39m[0m
[  33% ] [90m[1msavepack[22m | Storing File: res://.godot/imported/wa_bidi_direction_preview.png-f3c9574ca78951adfafac7806aa5018e.ctex[39m[0m
[  33% ] [90m[1msavepack[22m | Storing File: res://assets/sprites/champions/wa_bidi/wa_bidi_direction_preview.png.import[39m[0m
[  33% ] [90m[1msavepack[22m | Storing File: res://.godot/imported/wa_bidi_selection_icon.png-36ae05c370503dfadb508935106d8739.ctex[39m[0m
[  33% ] [90m[1msavepack[22m | Storing File: res://assets/sprites/champions/wa_bidi/wa_bidi_selection_icon.png.import[39m[0m
[  33% ] [90m[1msavepack[22m | Storing File: res://.godot/imported/roster_overview_v1.png-04628e83892e769fd2506526ba79e789.ctex[39m[0m
[  33% ] [90m[1msavepack[22m | Storing File: res://assets/sprites/champions/roster_overview_v1.png.import[39m[0m
[  33% ] [90m[1msavepack[22m | Storing File: res://.godot/imported/atlas.png-bec4ba65521bdf2a2a415decac0c415b.ctex[39m[0m
[  33% ] [90m[1msavepack[22m | Storing File: res://assets/sprites/champions_v2/ba_djoh/atlas.png.import[39m[0m
[  33% ] [90m[1msavepack[22m | Storing File: res://.godot/imported/debug_atlas.png-70f824455866380dd2162e34112ae665.ctex[39m[0m
[  33% ] [90m[1msavepack[22m | Storing File: res://assets/sprites/champions_v2/ba_djoh/debug_atlas.png.import[39m[0m
[  33% ] [90m[1msavepack[22m | Storing File: res://.godot/imported/direction_preview.png-e354b13c9656c2d742f968543a57ab88.ctex[39m[0m
[  33% ] [90m[1msavepack[22m | Storing File: res://assets/sprites/champions_v2/ba_djoh/direction_preview.png.import[39m[0m
[  33% ] [90m[1msavepack[22m | Storing File: res://.godot/imported/hero_portrait_256.png-cd8f063160528019066aecbe99981f54.ctex[39m[0m
[  33% ] [90m[1msavepack[22m | Storing File: res://assets/sprites/champions_v2/ba_djoh/hero_portrait_256.png.import[39m[0m
[  33% ] [90m[1msavepack[22m | Storing File: res://.godot/imported/hud_portrait_64.png-552f9b7b2b32ed9eabf0782bc8f1294f.ctex[39m[0m
[  33% ] [90m[1msavepack[22m | Storing File: res://assets/sprites/champions_v2/ba_djoh/hud_portrait_64.png.import[39m[0m
[  33% ] [90m[1msavepack[22m | Storing File: res://.godot/imported/keyframe_board.png-4246e727eb5ddb5e6f2d131bcbf271d8.ctex[39m[0m
[  33% ] [90m[1msavepack[22m | Storing File: res://assets/sprites/champions_v2/ba_djoh/keyframe_board.png.import[39m[0m
[  33% ] [90m[1msavepack[22m | Storing File: res://.godot/imported/roster_portrait_128.png-2498d4989317e77dbad306098f6aded7.ctex[39m[0m
[  33% ] [90m[1msavepack[22m | Storing File: res://assets/sprites/champions_v2/ba_djoh/roster_portrait_128.png.import[39m[0m
[  33% ] [90m[1msavepack[22m | Storing File: res://.godot/imported/selection_icon_48.png-ba52d9776942bc1966386ca798c81bee.ctex[39m[0m
[  33% ] [90m[1msavepack[22m | Storing File: res://assets/sprites/champions_v2/ba_djoh/selection_icon_48.png.import[39m[0m
[  33% ] [90m[1msavepack[22m | Storing File: res://.godot/imported/atlas.png-43abe4009aa532f4faf4f31760038b40.ctex[39m[0m
[  33% ] [90m[1msavepack[22m | Storing File: res://assets/sprites/champions_v2/biggy_bob/atlas.png.import[39m[0m
[  33% ] [90m[1msavepack[22m | Storing File: res://.godot/imported/debug_atlas.png-0f972d07be5bbf2abcfcd05187ff8f46.ctex[39m[0m
[  33% ] [90m[1msavepack[22m | Storing File: res://assets/sprites/champions_v2/biggy_bob/debug_atlas.png.import[39m[0m
[  33% ] [90m[1msavepack[22m | Storing File: res://.godot/imported/direction_preview.png-d4f74b011f3e40e4b3dc3f4c0891c6e9.ctex[39m[0m
[  33% ] [90m[1msavepack[22m | Storing File: res://assets/sprites/champions_v2/biggy_bob/direction_preview.png.import[39m[0m
[  33% ] [90m[1msavepack[22m | Storing File: res://.godot/imported/hero_portrait_256.png-ab5bf51cf63bd7ec02a0cd1debab8b76.ctex[39m[0m
[  33% ] [90m[1msavepack[22m | Storing File: res://assets/sprites/champions_v2/djonah_thaan/hero_portrait_256.png.import[39m[0m
[  33% ] [90m[1msavepack[22m | Storing File: res://.godot/imported/hud_portrait_64.png-2ac1519b411aea11a99f13a1da8ab2a8.ctex[39m[0m
[  33% ] [90m[1msavepack[22m | Storing File: res://assets/sprites/champions_v2/djonah_thaan/hud_portrait_64.png.import[39m[0m
[  34% ] [90m[1msavepack[22m | Storing File: res://.godot/imported/keyframe_board.png-e0411a03cba608fbdb7c1fc5dc96d6c3.ctex[39m[0m
[  34% ] [90m[1msavepack[22m | Storing File: res://assets/sprites/champions_v2/djonah_thaan/keyframe_board.png.import[39m[0m
[  34% ] [90m[1msavepack[22m | Storing File: res://.godot/imported/hero_portrait_256.png-c36cb33fbda4efb80b3a30f063e5f2c4.ctex[39m[0m
[  34% ] [90m[1msavepack[22m | Storing File: res://assets/sprites/champions_v2/biggy_bob/hero_portrait_256.png.import[39m[0m
[  34% ] [90m[1msavepack[22m | Storing File: res://.godot/imported/hud_portrait_64.png-823d66e612ff08cb5ed84db37049956c.ctex[39m[0m
[  34% ] [90m[1msavepack[22m | Storing File: res://assets/sprites/champions_v2/biggy_bob/hud_portrait_64.png.import[39m[0m
[  34% ] [90m[1msavepack[22m | Storing File: res://.godot/imported/selection_icon_48.png-87aabac949d609919a2f552bffbebaea.ctex[39m[0m
[  34% ] [90m[1msavepack[22m | Storing File: res://assets/sprites/champions_v2/biggy_bob/selection_icon_48.png.import[39m[0m
[  34% ] [90m[1msavepack[22m | Storing File: res://.godot/imported/keyframe_board.png-34c40d5b325602852bc3f0cd001446b0.ctex[39m[0m
[  34% ] [90m[1msavepack[22m | Storing File: res://assets/sprites/champions_v2/biggy_bob/keyframe_board.png.import[39m[0m
[  34% ] [90m[1msavepack[22m | Storing File: res://.godot/imported/hero_portrait_256.png-d68eda7ba1afd4bb1e9a52cda605abdd.ctex[39m[0m
[  34% ] [90m[1msavepack[22m | Storing File: res://assets/sprites/champions_v2/nico_lai/hero_portrait_256.png.import[39m[0m
[  34% ] [90m[1msavepack[22m | Storing File: res://.godot/imported/hud_portrait_64.png-6379ea6d80ac453758c577ad0695611d.ctex[39m[0m
[  34% ] [90m[1msavepack[22m | Storing File: res://assets/sprites/champions_v2/nico_lai/hud_portrait_64.png.import[39m[0m
[  34% ] [90m[1msavepack[22m | Storing File: res://.godot/imported/keyframe_board.png-3443825d8a90b0361ef5c7c5510d8411.ctex[39m[0m
[  34% ] [90m[1msavepack[22m | Storing File: res://assets/sprites/champions_v2/nico_lai/keyframe_board.png.import[39m[0m
[  34% ] [90m[1msavepack[22m | Storing File: res://.godot/imported/roster_portrait_128.png-ebb1210af2da35f52abf850bc5543a9f.ctex[39m[0m
[  34% ] [90m[1msavepack[22m | Storing File: res://assets/sprites/champions_v2/nico_lai/roster_portrait_128.png.import[39m[0m
[  34% ] [90m[1msavepack[22m | Storing File: res://.godot/imported/selection_icon_48.png-9808ebd3e86709d143cbcedb3117669d.ctex[39m[0m
[  34% ] [90m[1msavepack[22m | Storing File: res://assets/sprites/champions_v2/nico_lai/selection_icon_48.png.import[39m[0m
[  34% ] [90m[1msavepack[22m | Storing File: res://.godot/imported/atlas.png-559b4e762574879c4018408deca71e69.ctex[39m[0m
[  34% ] [90m[1msavepack[22m | Storing File: res://assets/sprites/champions_v2/oh_tipi/atlas.png.import[39m[0m
[  34% ] [90m[1msavepack[22m | Storing File: res://.godot/imported/debug_atlas.png-0c850225c2fc09a1ec33bfc2727e4da8.ctex[39m[0m
[  34% ] [90m[1msavepack[22m | Storing File: res://assets/sprites/champions_v2/oh_tipi/debug_atlas.png.import[39m[0m
[  34% ] [90m[1msavepack[22m | Storing File: res://.godot/imported/direction_preview.png-75feca06dfdd105746c07eaacc8efdca.ctex[39m[0m
[  34% ] [90m[1msavepack[22m | Storing File: res://assets/sprites/champions_v2/oh_tipi/direction_preview.png.import[39m[0m
[  35% ] [90m[1msavepack[22m | Storing File: res://.godot/imported/hero_portrait_256.png-72d08f133894826868fa767c8a7b90f2.ctex[39m[0m
[  35% ] [90m[1msavepack[22m | Storing File: res://assets/sprites/champions_v2/oh_tipi/hero_portrait_256.png.import[39m[0m
[  35% ] [90m[1msavepack[22m | Storing File: res://.godot/imported/debug_atlas.png-17ec0d94c30fda4af866cd275aca2486.ctex[39m[0m
[  35% ] [90m[1msavepack[22m | Storing File: res://assets/sprites/champions_v2/oll_i/debug_atlas.png.import[39m[0m
[  35% ] [90m[1msavepack[22m | Storing File: res://.godot/imported/hud_portrait_64.png-637b7ced724e9d9ff45a2c28f5f903b6.ctex[39m[0m
[  35% ] [90m[1msavepack[22m | Storing File: res://assets/sprites/champions_v2/oh_tipi/hud_portrait_64.png.import[39m[0m
[  35% ] [90m[1msavepack[22m | Storing File: res://.godot/imported/selection_icon_48.png-7de7bf2939e33084c1f1dbf2b646c363.ctex[39m[0m
[  35% ] [90m[1msavepack[22m | Storing File: res://assets/sprites/champions_v2/oh_tipi/selection_icon_48.png.import[39m[0m
[  35% ] [90m[1msavepack[22m | Storing File: res://.godot/imported/keyframe_board.png-0561c9733f7b297b87d48db6ff42796a.ctex[39m[0m
[  35% ] [90m[1msavepack[22m | Storing File: res://assets/sprites/champions_v2/oh_tipi/keyframe_board.png.import[39m[0m
[  35% ] [90m[1msavepack[22m | Storing File: res://.godot/imported/roster_portrait_128.png-a98db61c3bfed63497312355ab4e6a22.ctex[39m[0m
[  35% ] [90m[1msavepack[22m | Storing File: res://assets/sprites/champions_v2/oh_tipi/roster_portrait_128.png.import[39m[0m
[  35% ] [90m[1msavepack[22m | Storing File: res://.godot/imported/atlas.png-3af34fc020ab9e1754bb1d3a560ed9e8.ctex[39m[0m
[  35% ] [90m[1msavepack[22m | Storing File: res://assets/sprites/champions_v2/oll_i/atlas.png.import[39m[0m
[  35% ] [90m[1msavepack[22m | Storing File: res://.godot/imported/direction_preview.png-e47b34bb1b2f98f6e107fe887acb3d59.ctex[39m[0m
[  35% ] [90m[1msavepack[22m | Storing File: res://assets/sprites/champions_v2/oll_i/direction_preview.png.import[39m[0m
[  35% ] [90m[1msavepack[22m | Storing File: res://.godot/imported/roster_portrait_128.png-71cc970ada8de5ac76fc2e93bdf75308.ctex[39m[0m
[  35% ] [90m[1msavepack[22m | Storing File: res://assets/sprites/champions_v2/oll_i/roster_portrait_128.png.import[39m[0m
[  35% ] [90m[1msavepack[22m | Storing File: res://.godot/imported/selection_icon_48.png-0004325e3e6a7efd00d44273cc08ffc1.ctex[39m[0m
[  35% ] [90m[1msavepack[22m | Storing File: res://assets/sprites/champions_v2/oll_i/selection_icon_48.png.import[39m[0m
[  35% ] [90m[1msavepack[22m | Storing File: res://.godot/imported/hero_portrait_256.png-cc356ae1774f888ba0b9ee071d9e8f38.ctex[39m[0m
[  35% ] [90m[1msavepack[22m | Storing File: res://assets/sprites/champions_v2/oll_i/hero_portrait_256.png.import[39m[0m
[  35% ] [90m[1msavepack[22m | Storing File: res://.godot/imported/hud_portrait_64.png-40dae3af0c23eabd0464d70584b62d63.ctex[39m[0m
[  35% ] [90m[1msavepack[22m | Storing File: res://assets/sprites/champions_v2/oll_i/hud_portrait_64.png.import[39m[0m
[  35% ] [90m[1msavepack[22m | Storing File: res://.godot/imported/keyframe_board.png-a35bba8c3ac30f648672d4010a5b96c2.ctex[39m[0m
[  35% ] [90m[1msavepack[22m | Storing File: res://assets/sprites/champions_v2/oll_i/keyframe_board.png.import[39m[0m
[  35% ] [90m[1msavepack[22m | Storing File: res://.godot/imported/atlas.png-12f05dcb6dd696745877ddca33f38cf2.ctex[39m[0m
[  35% ] [90m[1msavepack[22m | Storing File: res://assets/sprites/champions_v2/red_baron/atlas.png.import[39m[0m
[  36% ] [90m[1msavepack[22m | Storing File: res://.godot/imported/debug_atlas.png-3dc99c9a8476fbfd095e9dd8e3cd3fe7.ctex[39m[0m
[  36% ] [90m[1msavepack[22m | Storing File: res://assets/sprites/champions_v2/red_baron/debug_atlas.png.import[39m[0m
[  36% ] [90m[1msavepack[22m | Storing File: res://.godot/imported/direction_preview.png-00c11c4c0e70fdf55992d0e42b0a89db.ctex[39m[0m
[  36% ] [90m[1msavepack[22m | Storing File: res://assets/sprites/champions_v2/red_baron/direction_preview.png.import[39m[0m
[  36% ] [90m[1msavepack[22m | Storing File: res://.godot/imported/hero_portrait_256.png-a6ff06b2525be5c7e10e59155f264dad.ctex[39m[0m
[  36% ] [90m[1msavepack[22m | Storing File: res://assets/sprites/champions_v2/red_baron/hero_portrait_256.png.import[39m[0m
[  36% ] [90m[1msavepack[22m | Storing File: res://.godot/imported/keyframe_board.png-a49c0b630bf2e0447ccd90864926b779.ctex[39m[0m
[  36% ] [90m[1msavepack[22m | Storing File: res://assets/sprites/champions_v2/red_baron/keyframe_board.png.import[39m[0m
[  36% ] [90m[1msavepack[22m | Storing File: res://.godot/imported/roster_portrait_128.png-3ad0a06858114472b588d37d3d9b2fcf.ctex[39m[0m
[  36% ] [90m[1msavepack[22m | Storing File: res://assets/sprites/champions_v2/red_baron/roster_portrait_128.png.import[39m[0m
[  36% ] [90m[1msavepack[22m | Storing File: res://.godot/imported/selection_icon_48.png-ebd722f535d9c0e5dedb3e91343de630.ctex[39m[0m
[  36% ] [90m[1msavepack[22m | Storing File: res://assets/sprites/champions_v2/red_baron/selection_icon_48.png.import[39m[0m
[  36% ] [90m[1msavepack[22m | Storing File: res://.godot/imported/atlas.png-714b88e47be971600e796a6805bdfa06.ctex[39m[0m
[  36% ] [90m[1msavepack[22m | Storing File: res://assets/sprites/champions_v2/spai_si/atlas.png.import[39m[0m
[  36% ] [90m[1msavepack[22m | Storing File: res://.godot/imported/debug_atlas.png-2ab9c7de569f3b0209c94ce73e385847.ctex[39m[0m
[  36% ] [90m[1msavepack[22m | Storing File: res://assets/sprites/champions_v2/spai_si/debug_atlas.png.import[39m[0m
[  36% ] [90m[1msavepack[22m | Storing File: res://.godot/imported/direction_preview.png-d12a2cce460ef9563645299f517dd9e6.ctex[39m[0m
[  36% ] [90m[1msavepack[22m | Storing File: res://assets/sprites/champions_v2/spai_si/direction_preview.png.import[39m[0m
[  36% ] [90m[1msavepack[22m | Storing File: res://.godot/imported/hero_portrait_256.png-6c8806049dd1adf6035bc86530d38648.ctex[39m[0m
[  36% ] [90m[1msavepack[22m | Storing File: res://assets/sprites/champions_v2/spai_si/hero_portrait_256.png.import[39m[0m
[  36% ] [90m[1msavepack[22m | Storing File: res://.godot/imported/hud_portrait_64.png-1413d741029ca99109c1b4141540d746.ctex[39m[0m
[  36% ] [90m[1msavepack[22m | Storing File: res://assets/sprites/champions_v2/spai_si/hud_portrait_64.png.import[39m[0m
[  36% ] [90m[1msavepack[22m | Storing File: res://.godot/imported/hud_portrait_64.png-e1b7b40f823e093bfd5346d8a62e5269.ctex[39m[0m
[  36% ] [90m[1msavepack[22m | Storing File: res://assets/sprites/champions_v2/red_baron/hud_portrait_64.png.import[39m[0m
[  36% ] [90m[1msavepack[22m | Storing File: res://.godot/imported/roster_portrait_128.png-e5bc292bc0d32d356a5bbd4a80299128.ctex[39m[0m
[  36% ] [90m[1msavepack[22m | Storing File: res://assets/sprites/champions_v2/spai_si/roster_portrait_128.png.import[39m[0m
[  37% ] [90m[1msavepack[22m | Storing File: res://.godot/imported/selection_icon_48.png-82e1d4fbf5251b48396bc50e4202383e.ctex[39m[0m
[  37% ] [90m[1msavepack[22m | Storing File: res://assets/sprites/champions_v2/spai_si/selection_icon_48.png.import[39m[0m
[  37% ] [90m[1msavepack[22m | Storing File: res://.godot/imported/atlas.png-86595e7872ab4f0512a2a1118d6280ad.ctex[39m[0m
[  37% ] [90m[1msavepack[22m | Storing File: res://assets/sprites/champions_v2/steezo/atlas.png.import[39m[0m
[  37% ] [90m[1msavepack[22m | Storing File: res://.godot/imported/keyframe_board.png-24a49832480d29d50bbf73964afbb598.ctex[39m[0m
[  37% ] [90m[1msavepack[22m | Storing File: res://assets/sprites/champions_v2/spai_si/keyframe_board.png.import[39m[0m
[  37% ] [90m[1msavepack[22m | Storing File: res://.godot/imported/debug_atlas.png-d3d6fbb732464b46afcd41ad88ee3305.ctex[39m[0m
[  37% ] [90m[1msavepack[22m | Storing File: res://assets/sprites/champions_v2/steezo/debug_atlas.png.import[39m[0m
[  37% ] [90m[1msavepack[22m | Storing File: res://.godot/imported/hero_portrait_256.png-4810cc8a36c0778e041abf3b1400a080.ctex[39m[0m
[  37% ] [90m[1msavepack[22m | Storing File: res://assets/sprites/champions_v2/steezo/hero_portrait_256.png.import[39m[0m
[  37% ] [90m[1msavepack[22m | Storing File: res://.godot/imported/direction_preview.png-984e8bd6232764953d3451dc26699584.ctex[39m[0m
[  37% ] [90m[1msavepack[22m | Storing File: res://assets/sprites/champions_v2/steezo/direction_preview.png.import[39m[0m
[  37% ] [90m[1msavepack[22m | Storing File: res://.godot/imported/hud_portrait_64.png-16d632b503e73f8af904d95ca5173669.ctex[39m[0m
[  37% ] [90m[1msavepack[22m | Storing File: res://assets/sprites/champions_v2/steezo/hud_portrait_64.png.import[39m[0m
[  37% ] [90m[1msavepack[22m | Storing File: res://.godot/imported/keyframe_board.png-2038d1056c803e1ec57d3b283f3d01a6.ctex[39m[0m
[  37% ] [90m[1msavepack[22m | Storing File: res://assets/sprites/champions_v2/steezo/keyframe_board.png.import[39m[0m
[  37% ] [90m[1msavepack[22m | Storing File: res://.godot/imported/debug_atlas.png-ddca5ba3147fb6f74601eb4e66bffee8.ctex[39m[0m
[  37% ] [90m[1msavepack[22m | Storing File: res://assets/sprites/champions_v2/s_wayne/debug_atlas.png.import[39m[0m
[  37% ] [90m[1msavepack[22m | Storing File: res://.godot/imported/roster_portrait_128.png-1cb47b54ba25c595127b1961f8265e08.ctex[39m[0m
[  37% ] [90m[1msavepack[22m | Storing File: res://assets/sprites/champions_v2/steezo/roster_portrait_128.png.import[39m[0m
[  37% ] [90m[1msavepack[22m | Storing File: res://.godot/imported/selection_icon_48.png-e1b8a0e596a2f43152517b5d723cc4ae.ctex[39m[0m
[  37% ] [90m[1msavepack[22m | Storing File: res://assets/sprites/champions_v2/steezo/selection_icon_48.png.import[39m[0m
[  37% ] [90m[1msavepack[22m | Storing File: res://.godot/imported/atlas.png-c8ec771fde5451bbed80a5288701cb7f.ctex[39m[0m
[  37% ] [90m[1msavepack[22m | Storing File: res://assets/sprites/champions_v2/s_wayne/atlas.png.import[39m[0m
[  37% ] [90m[1msavepack[22m | Storing File: res://.godot/imported/hero_portrait_256.png-bf7c6f0f068af5416d2b26480165a4b3.ctex[39m[0m
[  37% ] [90m[1msavepack[22m | Storing File: res://assets/sprites/champions_v2/s_wayne/hero_portrait_256.png.import[39m[0m
[  37% ] [90m[1msavepack[22m | Storing File: res://.godot/imported/direction_preview.png-718187ff3bbe0d85a82861309f129d80.ctex[39m[0m
[  37% ] [90m[1msavepack[22m | Storing File: res://assets/sprites/champions_v2/s_wayne/direction_preview.png.import[39m[0m
[  38% ] [90m[1msavepack[22m | Storing File: res://.godot/imported/hud_portrait_64.png-ca357a38764daf4d64ebababaf3cc76d.ctex[39m[0m
[  38% ] [90m[1msavepack[22m | Storing File: res://assets/sprites/champions_v2/s_wayne/hud_portrait_64.png.import[39m[0m
[  38% ] [90m[1msavepack[22m | Storing File: res://.godot/imported/keyframe_board.png-9a28be1def8897ed43e4efc70b06d157.ctex[39m[0m
[  38% ] [90m[1msavepack[22m | Storing File: res://assets/sprites/champions_v2/s_wayne/keyframe_board.png.import[39m[0m
[  38% ] [90m[1msavepack[22m | Storing File: res://.godot/imported/hero_portrait_256.png-587a9db144763568d3066f2fde0b4319.ctex[39m[0m
[  38% ] [90m[1msavepack[22m | Storing File: res://assets/sprites/champions_v2/jan_wicked/hero_portrait_256.png.import[39m[0m
[  38% ] [90m[1msavepack[22m | Storing File: res://.godot/imported/hud_portrait_64.png-4bfa6f61cd5b93db8491bc65708b4d6c.ctex[39m[0m
[  38% ] [90m[1msavepack[22m | Storing File: res://assets/sprites/champions_v2/jan_wicked/hud_portrait_64.png.import[39m[0m
[  38% ] [90m[1msavepack[22m | Storing File: res://.godot/imported/keyframe_board.png-d043b98fc79f18448935c0855e8007da.ctex[39m[0m
[  38% ] [90m[1msavepack[22m | Storing File: res://assets/sprites/champions_v2/jan_wicked/keyframe_board.png.import[39m[0m
[  38% ] [90m[1msavepack[22m | Storing File: res://.godot/imported/roster_portrait_128.png-36adc4a7c3151a66d5c651e91d5bc9dc.ctex[39m[0m
[  38% ] [90m[1msavepack[22m | Storing File: res://assets/sprites/champions_v2/jan_wicked/roster_portrait_128.png.import[39m[0m
[  38% ] [90m[1msavepack[22m | Storing File: res://.godot/imported/selection_icon_48.png-b6d53cb12582344c83a63dad828fb705.ctex[39m[0m
[  38% ] [90m[1msavepack[22m | Storing File: res://assets/sprites/champions_v2/jan_wicked/selection_icon_48.png.import[39m[0m
[  38% ] [90m[1msavepack[22m | Storing File: res://.godot/imported/atlas.png-64d332c4232ffeff96c87bea33a99305.ctex[39m[0m
[  38% ] [90m[1msavepack[22m | Storing File: res://assets/sprites/champions_v2/leaf_hidden/atlas.png.import[39m[0m
[  38% ] [90m[1msavepack[22m | Storing File: res://.godot/imported/debug_atlas.png-17f70769f53bbbb126a9a14db97600c9.ctex[39m[0m
[  38% ] [90m[1msavepack[22m | Storing File: res://assets/sprites/champions_v2/leaf_hidden/debug_atlas.png.import[39m[0m
[  38% ] [90m[1msavepack[22m | Storing File: res://.godot/imported/direction_preview.png-b5061b4801662d717549fa509e8f829f.ctex[39m[0m
[  38% ] [90m[1msavepack[22m | Storing File: res://assets/sprites/champions_v2/leaf_hidden/direction_preview.png.import[39m[0m
[  38% ] [90m[1msavepack[22m | Storing File: res://.godot/imported/hero_portrait_256.png-e25bd17aec20ae29bdd776c9eb97e541.ctex[39m[0m
[  38% ] [90m[1msavepack[22m | Storing File: res://assets/sprites/champions_v2/leaf_hidden/hero_portrait_256.png.import[39m[0m
[  38% ] [90m[1msavepack[22m | Storing File: res://.godot/imported/hud_portrait_64.png-0985ed544620ec775bc18294577b8637.ctex[39m[0m
[  38% ] [90m[1msavepack[22m | Storing File: res://assets/sprites/champions_v2/leaf_hidden/hud_portrait_64.png.import[39m[0m
[  38% ] [90m[1msavepack[22m | Storing File: res://.godot/imported/direction_preview.png-d3d2fd0ea915df3bae4302c744c82757.ctex[39m[0m
[  38% ] [90m[1msavepack[22m | Storing File: res://assets/sprites/champions_v2/nico_lai/direction_preview.png.import[39m[0m
[  39% ] [90m[1msavepack[22m | Storing File: res://.godot/imported/keyframe_board.png-5ab82dab6562d3145eb8b4fe7598f309.ctex[39m[0m
[  39% ] [90m[1msavepack[22m | Storing File: res://assets/sprites/champions_v2/leaf_hidden/keyframe_board.png.import[39m[0m
[  39% ] [90m[1msavepack[22m | Storing File: res://.godot/imported/atlas.png-4c29fca16526397d018b86400cbef882.ctex[39m[0m
[  39% ] [90m[1msavepack[22m | Storing File: res://assets/sprites/champions_v2/nico_lai/atlas.png.import[39m[0m
[  39% ] [90m[1msavepack[22m | Storing File: res://.godot/imported/roster_portrait_128.png-5278907a2f167255314a9a3980d2ad36.ctex[39m[0m
[  39% ] [90m[1msavepack[22m | Storing File: res://assets/sprites/champions_v2/leaf_hidden/roster_portrait_128.png.import[39m[0m
[  39% ] [90m[1msavepack[22m | Storing File: res://.godot/imported/selection_icon_48.png-6438809cb6fd9b4d1bf74f60bb118542.ctex[39m[0m
[  39% ] [90m[1msavepack[22m | Storing File: res://assets/sprites/champions_v2/leaf_hidden/selection_icon_48.png.import[39m[0m
[  39% ] [90m[1msavepack[22m | Storing File: res://.godot/imported/debug_atlas.png-9394a70efc27ded658d1e138157e2882.ctex[39m[0m
[  39% ] [90m[1msavepack[22m | Storing File: res://assets/sprites/champions_v2/nico_lai/debug_atlas.png.import[39m[0m
[  39% ] [90m[1msavepack[22m | Storing File: res://.godot/imported/academy-door.png-09ed25d9cbda73f5af6229ac48b00a08.ctex[39m[0m
[  39% ] [90m[1msavepack[22m | Storing File: res://assets/environment/wellspring_v2/runtime_kit_v2/academy-door.png.import[39m[0m
[  39% ] [90m[1msavepack[22m | Storing File: res://.godot/imported/magic_00.png-34c3fa8bf9fde34486064d35f5d16f64.ctex[39m[0m
[  39% ] [90m[1msavepack[22m | Storing File: res://art_batches/pixel_v1/magic/export/magic_00.png.import[39m[0m
[  39% ] [90m[1msavepack[22m | Storing File: res://.godot/imported/magic_01.png-b065f59261ea6fd2559a1d06d993d6c5.ctex[39m[0m
[  39% ] [90m[1msavepack[22m | Storing File: res://art_batches/pixel_v1/magic/export/magic_01.png.import[39m[0m
[  39% ] [90m[1msavepack[22m | Storing File: res://.godot/imported/magic_02.png-1ce6d7cec83ea859e97b8bd186fca274.ctex[39m[0m
[  39% ] [90m[1msavepack[22m | Storing File: res://art_batches/pixel_v1/magic/export/magic_02.png.import[39m[0m
[  39% ] [90m[1msavepack[22m | Storing File: res://.godot/imported/atlas.png-4bc5e7f6c430c5ade4869004271ae136.ctex[39m[0m
[  39% ] [90m[1msavepack[22m | Storing File: res://assets/sprites/champions_v2/treevor_mason/atlas.png.import[39m[0m
[  39% ] [90m[1msavepack[22m | Storing File: res://.godot/imported/debug_atlas.png-65ea1c2381033dcd87903d4ad2088466.ctex[39m[0m
[  39% ] [90m[1msavepack[22m | Storing File: res://assets/sprites/champions_v2/treevor_mason/debug_atlas.png.import[39m[0m
[  39% ] [90m[1msavepack[22m | Storing File: res://.godot/imported/selection_icon_48.png-4d592c4194d7092bcc19f58c4402ec34.ctex[39m[0m
[  39% ] [90m[1msavepack[22m | Storing File: res://assets/sprites/champions_v2/s_wayne/selection_icon_48.png.import[39m[0m
[  39% ] [90m[1msavepack[22m | Storing File: res://.godot/imported/direction_preview.png-8a5a6751a78434cfcbdc3a6d4cc38b86.ctex[39m[0m
[  39% ] [90m[1msavepack[22m | Storing File: res://assets/sprites/champions_v2/treevor_mason/direction_preview.png.import[39m[0m
[  40% ] [90m[1msavepack[22m | Storing File: res://.godot/imported/hero_portrait_256.png-2efc8022b21e0ff6309a8cff590fbc78.ctex[39m[0m
[  40% ] [90m[1msavepack[22m | Storing File: res://assets/sprites/champions_v2/treevor_mason/hero_portrait_256.png.import[39m[0m
[  40% ] [90m[1msavepack[22m | Storing File: res://.godot/imported/hud_portrait_64.png-2d6e0f24f50c64b9f13b3ec0376a4ad7.ctex[39m[0m
[  40% ] [90m[1msavepack[22m | Storing File: res://assets/sprites/champions_v2/treevor_mason/hud_portrait_64.png.import[39m[0m
[  40% ] [90m[1msavepack[22m | Storing File: res://.godot/imported/keyframe_board.png-213d17ff8f72ea8b49ba1ee92c6e0d61.ctex[39m[0m
[  40% ] [90m[1msavepack[22m | Storing File: res://assets/sprites/champions_v2/treevor_mason/keyframe_board.png.import[39m[0m
[  40% ] [90m[1msavepack[22m | Storing File: res://.godot/imported/roster_portrait_128.png-d4af1d2615d3324b7513a0ac19587884.ctex[39m[0m
[  40% ] [90m[1msavepack[22m | Storing File: res://assets/sprites/champions_v2/treevor_mason/roster_portrait_128.png.import[39m[0m
[  40% ] [90m[1msavepack[22m | Storing File: res://.godot/imported/selection_icon_48.png-b37d0cead7d306c2168c2fa180cc9296.ctex[39m[0m
[  40% ] [90m[1msavepack[22m | Storing File: res://assets/sprites/champions_v2/treevor_mason/selection_icon_48.png.import[39m[0m
[  40% ] [90m[1msavepack[22m | Storing File: res://.godot/imported/hero_portrait_256.png-592d79bf792be504106893855cb7f07b.ctex[39m[0m
[  40% ] [90m[1msavepack[22m | Storing File: res://assets/sprites/champions_v2/unnamed_angel/hero_portrait_256.png.import[39m[0m
[  40% ] [90m[1msavepack[22m | Storing File: res://.godot/imported/direction_preview.png-61e9688d5ae2901f7d4fa50c65f6cf98.ctex[39m[0m
[  40% ] [90m[1msavepack[22m | Storing File: res://assets/sprites/champions_v2/unnamed_angel/direction_preview.png.import[39m[0m
[  40% ] [90m[1msavepack[22m | Storing File: res://.godot/imported/keyframe_board.png-98a2a5ae17177496a4091e82ae6313a0.ctex[39m[0m
[  40% ] [90m[1msavepack[22m | Storing File: res://assets/sprites/champions_v2/unnamed_angel/keyframe_board.png.import[39m[0m
[  40% ] [90m[1msavepack[22m | Storing File: res://.godot/imported/hud_portrait_64.png-8a2990a560699e82ebc07586b999c2f8.ctex[39m[0m
[  40% ] [90m[1msavepack[22m | Storing File: res://assets/sprites/champions_v2/unnamed_angel/hud_portrait_64.png.import[39m[0m
[  40% ] [90m[1msavepack[22m | Storing File: res://.godot/imported/selection_icon_48.png-2fcefaab4957417814d93d99b52ec4d7.ctex[39m[0m
[  40% ] [90m[1msavepack[22m | Storing File: res://assets/sprites/champions_v2/unnamed_angel/selection_icon_48.png.import[39m[0m
[  40% ] [90m[1msavepack[22m | Storing File: res://.godot/imported/roster_portrait_128.png-718f84a0d524aaa0d7d5fa046c2b792b.ctex[39m[0m
[  40% ] [90m[1msavepack[22m | Storing File: res://assets/sprites/champions_v2/unnamed_angel/roster_portrait_128.png.import[39m[0m
[  40% ] [90m[1msavepack[22m | Storing File: res://.godot/imported/atlas.png-dfbdee4eb23b3d141164292ca9dbe39d.ctex[39m[0m
[  40% ] [90m[1msavepack[22m | Storing File: res://assets/sprites/champions_v2/urzh/atlas.png.import[39m[0m
[  40% ] [90m[1msavepack[22m | Storing File: res://.godot/imported/roster_portrait_128.png-e23e1eae9cf4669c2ed50de51df32c04.ctex[39m[0m
[  40% ] [90m[1msavepack[22m | Storing File: res://assets/sprites/champions_v2/urzh/roster_portrait_128.png.import[39m[0m
[  40% ] [90m[1msavepack[22m | Storing File: res://.godot/imported/debug_atlas.png-9bb254e437c01753e2e6135026fc9bf6.ctex[39m[0m
[  40% ] [90m[1msavepack[22m | Storing File: res://assets/sprites/champions_v2/urzh/debug_atlas.png.import[39m[0m
[  41% ] [90m[1msavepack[22m | Storing File: res://.godot/imported/hud_portrait_64.png-b82d9a5516fbf4de3ab50ad9b8b6580e.ctex[39m[0m
[  41% ] [90m[1msavepack[22m | Storing File: res://assets/sprites/champions_v2/urzh/hud_portrait_64.png.import[39m[0m
[  41% ] [90m[1msavepack[22m | Storing File: res://.godot/imported/direction_preview.png-eef26747c2bebcee8cf1dcf467e9a613.ctex[39m[0m
[  41% ] [90m[1msavepack[22m | Storing File: res://assets/sprites/champions_v2/urzh/direction_preview.png.import[39m[0m
[  41% ] [90m[1msavepack[22m | Storing File: res://.godot/imported/hero_portrait_256.png-6548eec7d03cb7666ba33075858dd3ed.ctex[39m[0m
[  41% ] [90m[1msavepack[22m | Storing File: res://assets/sprites/champions_v2/urzh/hero_portrait_256.png.import[39m[0m
[  41% ] [90m[1msavepack[22m | Storing File: res://.godot/imported/keyframe_board.png-921c708f55a8854076f3749b0c4b5b2f.ctex[39m[0m
[  41% ] [90m[1msavepack[22m | Storing File: res://assets/sprites/champions_v2/urzh/keyframe_board.png.import[39m[0m
[  41% ] [90m[1msavepack[22m | Storing File: res://.godot/imported/selection_icon_48.png-b76171fc05191c09ad5bc4849629ba0c.ctex[39m[0m
[  41% ] [90m[1msavepack[22m | Storing File: res://assets/sprites/champions_v2/urzh/selection_icon_48.png.import[39m[0m
[  41% ] [90m[1msavepack[22m | Storing File: res://.godot/imported/atlas.png-c3f01a981abc3121ea50e6a2320a6cf3.ctex[39m[0m
[  41% ] [90m[1msavepack[22m | Storing File: res://assets/sprites/champions_v2/wa_bidi/atlas.png.import[39m[0m
[  41% ] [90m[1msavepack[22m | Storing File: res://.godot/imported/debug_atlas.png-2510d023e07a2bf321894ce3e4925d83.ctex[39m[0m
[  41% ] [90m[1msavepack[22m | Storing File: res://assets/sprites/champions_v2/wa_bidi/debug_atlas.png.import[39m[0m
[  41% ] [90m[1msavepack[22m | Storing File: res://.godot/imported/direction_preview.png-6f02d429402b1f3b403212059b09bc29.ctex[39m[0m
[  41% ] [90m[1msavepack[22m | Storing File: res://assets/sprites/champions_v2/wa_bidi/direction_preview.png.import[39m[0m
[  41% ] [90m[1msavepack[22m | Storing File: res://.godot/imported/hero_portrait_256.png-64bd901f62b2e954ee3f2b0bdda963ce.ctex[39m[0m
[  41% ] [90m[1msavepack[22m | Storing File: res://assets/sprites/champions_v2/wa_bidi/hero_portrait_256.png.import[39m[0m
[  41% ] [90m[1msavepack[22m | Storing File: res://.godot/imported/hud_portrait_64.png-03f5b1293605bf9bf6ba8bd04c4fe6f2.ctex[39m[0m
[  41% ] [90m[1msavepack[22m | Storing File: res://assets/sprites/champions_v2/wa_bidi/hud_portrait_64.png.import[39m[0m
[  41% ] [90m[1msavepack[22m | Storing File: res://.godot/imported/roster_portrait_128.png-073d9965ec15896a4144110a861eca55.ctex[39m[0m
[  41% ] [90m[1msavepack[22m | Storing File: res://assets/sprites/champions_v2/wa_bidi/roster_portrait_128.png.import[39m[0m
[  41% ] [90m[1msavepack[22m | Storing File: res://.godot/imported/keyframe_board.png-5155f89b6a079f1f7d4bd6cd842363df.ctex[39m[0m
[  41% ] [90m[1msavepack[22m | Storing File: res://assets/sprites/champions_v2/wa_bidi/keyframe_board.png.import[39m[0m
[  41% ] [90m[1msavepack[22m | Storing File: res://.godot/imported/selection_icon_48.png-98eee714f2f4cd36223d1c3072c0edd2.ctex[39m[0m
[  41% ] [90m[1msavepack[22m | Storing File: res://assets/sprites/champions_v2/wa_bidi/selection_icon_48.png.import[39m[0m
[  42% ] [90m[1msavepack[22m | Storing File: res://.godot/imported/champion_roster_overview_v2.png-14ea38bbdd608eebb4228f00c3dfb291.ctex[39m[0m
[  42% ] [90m[1msavepack[22m | Storing File: res://assets/sprites/champions_v2/champion_roster_overview_v2.png.import[39m[0m
[  42% ] [90m[1msavepack[22m | Storing File: res://.godot/imported/oh_tipi.png-f431633e2239973f0271d3f9cff17cc5.ctex[39m[0m
[  42% ] [90m[1msavepack[22m | Storing File: res://assets/sprites/champions_v3/expansion_v1/oh_tipi.png.import[39m[0m
[  42% ] [90m[1msavepack[22m | Storing File: res://.godot/imported/grace_reava.png-5bad5a1ec1276890155c80ee2801a029.ctex[39m[0m
[  42% ] [90m[1msavepack[22m | Storing File: res://assets/sprites/champions_v3/expansion_v1/grace_reava.png.import[39m[0m
[  42% ] [90m[1msavepack[22m | Storing File: res://.godot/imported/direction_preview.png-562a868ad97a672206820f3ce7a5cb9d.ctex[39m[0m
[  42% ] [90m[1msavepack[22m | Storing File: res://assets/sprites/races_v2/seakin/exemplar/direction_preview.png.import[39m[0m
[  42% ] [90m[1msavepack[22m | Storing File: res://.godot/imported/red_baron.png-fdfe334cf98c5d33fa967c9f45145066.ctex[39m[0m
[  42% ] [90m[1msavepack[22m | Storing File: res://assets/sprites/champions_v3/expansion_v1/red_baron.png.import[39m[0m
[  42% ] [90m[1msavepack[22m | Storing File: res://.godot/imported/s_wayne.png-b7ff2a09388905d405961cad6ee3afa5.ctex[39m[0m
[  42% ] [90m[1msavepack[22m | Storing File: res://assets/sprites/champions_v3/expansion_v1/s_wayne.png.import[39m[0m
[  42% ] [90m[1msavepack[22m | Storing File: res://.godot/imported/wa_bidi.png-e3759419db9040b62c75972e2329e6b0.ctex[39m[0m
[  42% ] [90m[1msavepack[22m | Storing File: res://assets/sprites/champions_v3/expansion_v1/wa_bidi.png.import[39m[0m
[  42% ] [90m[1msavepack[22m | Storing File: res://assets/sprites/champions_v3/foundation/provenance.json[39m[0m
[  42% ] [90m[1msavepack[22m | Storing File: res://.godot/imported/hero_portrait_256.png-1a2515805b98fed287794c991197e670.ctex[39m[0m
[  42% ] [90m[1msavepack[22m | Storing File: res://assets/sprites/races_v2/seakin/exemplar/hero_portrait_256.png.import[39m[0m
[  42% ] [90m[1msavepack[22m | Storing File: res://.godot/imported/runtime_atlas_eight_v7.png-eb9d5e2f6eba056039e1441f947df1b8.ctex[39m[0m
[  42% ] [90m[1msavepack[22m | Storing File: res://assets/sprites/champions_v3/foundation/runtime_atlas_eight_v7.png.import[39m[0m
[  42% ] [90m[1msavepack[22m | Storing File: res://.godot/imported/debug_atlas.png-ca74c7958d888395c9e964bc1f8f7c2b.ctex[39m[0m
[  42% ] [90m[1msavepack[22m | Storing File: res://assets/sprites/races_v2/seakin/exemplar/debug_atlas.png.import[39m[0m
[  42% ] [90m[1msavepack[22m | Storing File: res://.godot/imported/runtime_atlas_eight_v6.png-89173f1db9b611151393091c2f68c55e.ctex[39m[0m
[  42% ] [90m[1msavepack[22m | Storing File: res://assets/sprites/champions_v3/foundation/runtime_atlas_eight_v6.png.import[39m[0m
[  42% ] [90m[1msavepack[22m | Storing File: res://.godot/imported/runtime_atlas_eight_v8.png-b7dabc14996889372807a5cdf1287516.ctex[39m[0m
[  42% ] [90m[1msavepack[22m | Storing File: res://assets/sprites/champions_v3/foundation/runtime_atlas_eight_v8.png.import[39m[0m
[  43% ] [90m[1msavepack[22m | Storing File: res://.godot/imported/runtime_atlas_eight_v9.png-c1f58a94112ed8556e22edb9dde80507.ctex[39m[0m
[  43% ] [90m[1msavepack[22m | Storing File: res://assets/sprites/champions_v3/foundation/runtime_atlas_eight_v9.png.import[39m[0m
[  43% ] [90m[1msavepack[22m | Storing File: res://.godot/imported/runtime_atlas_eight_v11.png-77057215cd3a5f57f3574db249e2c033.ctex[39m[0m
[  43% ] [90m[1msavepack[22m | Storing File: res://assets/sprites/champions_v3/foundation/runtime_atlas_eight_v11.png.import[39m[0m
[  43% ] [90m[1msavepack[22m | Storing File: res://.godot/imported/runtime_atlas_eight_v12.png-a98a5411529c0d6a48464953f6f4f372.ctex[39m[0m
[  43% ] [90m[1msavepack[22m | Storing File: res://assets/sprites/champions_v3/foundation/runtime_atlas_eight_v12.png.import[39m[0m
[  43% ] [90m[1msavepack[22m | Storing File: res://.godot/imported/runtime_atlas_eight_v13.png-358c963941a04e301cef2f23476273af.ctex[39m[0m
[  43% ] [90m[1msavepack[22m | Storing File: res://assets/sprites/champions_v3/foundation/runtime_atlas_eight_v13.png.import[39m[0m
[  43% ] [90m[1msavepack[22m | Storing File: res://.godot/imported/runtime_atlas_eight_v14.png-0893ef24de05452cc880f33b82bf14f4.ctex[39m[0m
[  43% ] [90m[1msavepack[22m | Storing File: res://assets/sprites/champions_v3/foundation/runtime_atlas_eight_v14.png.import[39m[0m
[  43% ] [90m[1msavepack[22m | Storing File: res://.godot/imported/runtime_atlas_eight_v15.png-52b26e5e807bd92d37a3da3d69c7f2e0.ctex[39m[0m
[  43% ] [90m[1msavepack[22m | Storing File: res://assets/sprites/champions_v3/foundation/runtime_atlas_eight_v15.png.import[39m[0m
[  43% ] [90m[1msavepack[22m | Storing File: res://.godot/imported/atlas.png-45b64bb6beefd937cb4b569f2ad0142c.ctex[39m[0m
[  43% ] [90m[1msavepack[22m | Storing File: res://assets/sprites/races_v2/seakin/exemplar/atlas.png.import[39m[0m
[  43% ] [90m[1msavepack[22m | Storing File: res://.godot/imported/atlas.png-f39044e8b4d9005dd71dd499bfa7bcb5.ctex[39m[0m
[  43% ] [90m[1msavepack[22m | Storing File: res://assets/sprites/races_v2/seakin/bases/size_5_huge/masculine/atlas.png.import[39m[0m
[  43% ] [90m[1msavepack[22m | Storing File: res://.godot/imported/atlas.png-bfe3672a6c869c8f80d2dc417bde9776.ctex[39m[0m
[  43% ] [90m[1msavepack[22m | Storing File: res://assets/sprites/races_v2/seakin/bases/size_5_huge/feminine/atlas.png.import[39m[0m
[  43% ] [90m[1msavepack[22m | Storing File: res://.godot/imported/atlas.png-0ad24dba3ba0992e3ed79b8c15f5f11a.ctex[39m[0m
[  43% ] [90m[1msavepack[22m | Storing File: res://assets/sprites/races_v2/seakin/bases/size_4_large/masculine/atlas.png.import[39m[0m
[  43% ] [90m[1msavepack[22m | Storing File: res://.godot/imported/atlas.png-88f3accbf3d7a2797a803d5e823882b2.ctex[39m[0m
[  43% ] [90m[1msavepack[22m | Storing File: res://assets/sprites/races_v2/seakin/bases/size_4_large/feminine/atlas.png.import[39m[0m
[  43% ] [90m[1msavepack[22m | Storing File: res://.godot/imported/atlas.png-2228819df89d57382a0a3baa2fc01be0.ctex[39m[0m
[  43% ] [90m[1msavepack[22m | Storing File: res://assets/sprites/races_v2/seakin/bases/size_3_medium/masculine/atlas.png.import[39m[0m
[  43% ] [90m[1msavepack[22m | Storing File: res://.godot/imported/atlas.png-0857fbcbf4706f984e56cdd8e988d367.ctex[39m[0m
[  43% ] [90m[1msavepack[22m | Storing File: res://assets/sprites/races_v2/seakin/bases/size_2_small/feminine/atlas.png.import[39m[0m
[  43% ] [90m[1msavepack[22m | Storing File: res://.godot/imported/atlas.png-27cb020c0fccd5cea4d67a0a47430b75.ctex[39m[0m
[  43% ] [90m[1msavepack[22m | Storing File: res://assets/sprites/races_v2/seakin/bases/size_3_medium/feminine/atlas.png.import[39m[0m
[  44% ] [90m[1msavepack[22m | Storing File: res://.godot/imported/atlas.png-f808d84eb1f33beffef2df7305da9bc4.ctex[39m[0m
[  44% ] [90m[1msavepack[22m | Storing File: res://assets/sprites/races_v2/seakin/bases/size_2_small/masculine/atlas.png.import[39m[0m
[  44% ] [90m[1msavepack[22m | Storing File: res://.godot/imported/atlas.png-f3b266ab1ceb4d897bb62a1998734efb.ctex[39m[0m
[  44% ] [90m[1msavepack[22m | Storing File: res://assets/sprites/races_v2/seakin/bases/size_1_tiny/masculine/atlas.png.import[39m[0m
[  44% ] [90m[1msavepack[22m | Storing File: res://.godot/imported/atlas.png-dd975cd2b4f91d6c8320dcd1b277dab7.ctex[39m[0m
[  44% ] [90m[1msavepack[22m | Storing File: res://assets/sprites/races_v2/seakin/bases/size_1_tiny/feminine/atlas.png.import[39m[0m
[  44% ] [90m[1msavepack[22m | Storing File: res://.godot/imported/orc_size_gender_matrix.png-a8615cb81ee0ae3d9990b8ad1f34d56a.ctex[39m[0m
[  44% ] [90m[1msavepack[22m | Storing File: res://assets/sprites/races_v2/orc/orc_size_gender_matrix.png.import[39m[0m
[  44% ] [90m[1msavepack[22m | Storing File: res://.godot/imported/selection_icon_48.png-ac3e89da5805bb055c1495e50bdda231.ctex[39m[0m
[  44% ] [90m[1msavepack[22m | Storing File: res://assets/sprites/races_v2/orc/exemplar/selection_icon_48.png.import[39m[0m
[  44% ] [90m[1msavepack[22m | Storing File: res://.godot/imported/jan-wicked-v1.png-99c5588357a60633e194d15494df8180.ctex[39m[0m
[  44% ] [90m[1msavepack[22m | Storing File: res://assets/sprites/champions_v3/style_v1/jan-wicked-v1.png.import[39m[0m
[  44% ] [90m[1msavepack[22m | Storing File: res://.godot/imported/oh-tipi-v1.png-8ce67161cd359f1ea2fdd9d63cde07e5.ctex[39m[0m
[  44% ] [90m[1msavepack[22m | Storing File: res://assets/sprites/champions_v3/style_v1/oh-tipi-v1.png.import[39m[0m
[  44% ] [90m[1msavepack[22m | Storing File: res://.godot/imported/s-wayne-v1.png-e9ccf121cf0ba1084d091e505c55e04f.ctex[39m[0m
[  44% ] [90m[1msavepack[22m | Storing File: res://assets/sprites/champions_v3/style_v1/s-wayne-v1.png.import[39m[0m
[  44% ] [90m[1msavepack[22m | Storing File: res://.godot/imported/steezo-v1.png-a66e6e34cb17d2d7306024fc9491e5af.ctex[39m[0m
[  44% ] [90m[1msavepack[22m | Storing File: res://assets/sprites/champions_v3/style_v1/steezo-v1.png.import[39m[0m
[  44% ] [90m[1msavepack[22m | Storing File: res://.godot/imported/waka-aren-si-v1.png-5145b0d93b680d59461b54c23762cf9f.ctex[39m[0m
[  44% ] [90m[1msavepack[22m | Storing File: res://assets/sprites/champions_v3/style_v1/waka-aren-si-v1.png.import[39m[0m
[  44% ] [90m[1msavepack[22m | Storing File: res://.godot/imported/atlas.png-7cef6c4af2d47c050c9598945acdf08d.ctex[39m[0m
[  44% ] [90m[1msavepack[22m | Storing File: res://assets/sprites/races_v2/angel/bases/size_2_small/feminine/atlas.png.import[39m[0m
[  44% ] [90m[1msavepack[22m | Storing File: res://.godot/imported/atlas.png-6e637786b58a902ae148beae417c5b82.ctex[39m[0m
[  44% ] [90m[1msavepack[22m | Storing File: res://assets/sprites/races_v2/angel/bases/size_1_tiny/feminine/atlas.png.import[39m[0m
[  44% ] [90m[1msavepack[22m | Storing File: res://.godot/imported/atlas.png-ce1d49e7131eb15187ae3264dfbd5379.ctex[39m[0m
[  44% ] [90m[1msavepack[22m | Storing File: res://assets/sprites/races_v2/angel/bases/size_1_tiny/masculine/atlas.png.import[39m[0m
[  45% ] [90m[1msavepack[22m | Storing File: res://.godot/imported/atlas.png-49432850a8f527578e2109f8b91818ed.ctex[39m[0m
[  45% ] [90m[1msavepack[22m | Storing File: res://assets/sprites/races_v2/angel/bases/size_2_small/masculine/atlas.png.import[39m[0m
[  45% ] [90m[1msavepack[22m | Storing File: res://.godot/imported/atlas.png-e8a58f34b6e7ecfa10eca10bf55e6fdc.ctex[39m[0m
[  45% ] [90m[1msavepack[22m | Storing File: res://assets/sprites/races_v2/angel/bases/size_3_medium/feminine/atlas.png.import[39m[0m
[  45% ] [90m[1msavepack[22m | Storing File: res://.godot/imported/atlas.png-39257b0f30bed2b97f05c9f68ebd8de0.ctex[39m[0m
[  45% ] [90m[1msavepack[22m | Storing File: res://assets/sprites/races_v2/angel/bases/size_3_medium/masculine/atlas.png.import[39m[0m
[  45% ] [90m[1msavepack[22m | Storing File: res://.godot/imported/atlas.png-521737ec2923d56a7adc7499160b96da.ctex[39m[0m
[  45% ] [90m[1msavepack[22m | Storing File: res://assets/sprites/races_v2/angel/bases/size_4_large/feminine/atlas.png.import[39m[0m
[  45% ] [90m[1msavepack[22m | Storing File: res://.godot/imported/atlas.png-efac1de8b3544ec674a654624b9c72c2.ctex[39m[0m
[  45% ] [90m[1msavepack[22m | Storing File: res://assets/sprites/races_v2/angel/bases/size_4_large/masculine/atlas.png.import[39m[0m
[  45% ] [90m[1msavepack[22m | Storing File: res://.godot/imported/atlas.png-b91dcccd3241508e8bdafa2c75580ee2.ctex[39m[0m
[  45% ] [90m[1msavepack[22m | Storing File: res://assets/sprites/races_v2/angel/bases/size_5_huge/feminine/atlas.png.import[39m[0m
[  45% ] [90m[1msavepack[22m | Storing File: res://.godot/imported/atlas.png-a2ad11717b14d8f51c65f9ac917231fb.ctex[39m[0m
[  45% ] [90m[1msavepack[22m | Storing File: res://assets/sprites/races_v2/angel/bases/size_5_huge/masculine/atlas.png.import[39m[0m
[  45% ] [90m[1msavepack[22m | Storing File: res://.godot/imported/atlas.png-4631b0e2a8689aa3cb39fff83bde2ea2.ctex[39m[0m
[  45% ] [90m[1msavepack[22m | Storing File: res://assets/sprites/races_v2/angel/exemplar/atlas.png.import[39m[0m
[  45% ] [90m[1msavepack[22m | Storing File: res://.godot/imported/debug_atlas.png-38f949ba3f1215ad92973ad2c24e27ed.ctex[39m[0m
[  45% ] [90m[1msavepack[22m | Storing File: res://assets/sprites/races_v2/angel/exemplar/debug_atlas.png.import[39m[0m
[  45% ] [90m[1msavepack[22m | Storing File: res://.godot/imported/hud_portrait_64.png-b0c2a61c7028497fa6b3f75dc342de34.ctex[39m[0m
[  45% ] [90m[1msavepack[22m | Storing File: res://assets/sprites/races_v2/angel/exemplar/hud_portrait_64.png.import[39m[0m
[  45% ] [90m[1msavepack[22m | Storing File: res://.godot/imported/direction_preview.png-6596ef30bf5416d98e215e34a822c9f9.ctex[39m[0m
[  45% ] [90m[1msavepack[22m | Storing File: res://assets/sprites/races_v2/angel/exemplar/direction_preview.png.import[39m[0m
[  45% ] [90m[1msavepack[22m | Storing File: res://.godot/imported/hero_portrait_256.png-cbc1bd6318f713e7fd1b7885bc3ed967.ctex[39m[0m
[  45% ] [90m[1msavepack[22m | Storing File: res://assets/sprites/races_v2/angel/exemplar/hero_portrait_256.png.import[39m[0m
[  45% ] [90m[1msavepack[22m | Storing File: res://.godot/imported/keyframe_board.png-241d236dedcc084c2a45fc7cf3aa3977.ctex[39m[0m
[  45% ] [90m[1msavepack[22m | Storing File: res://assets/sprites/races_v2/angel/exemplar/keyframe_board.png.import[39m[0m
[  45% ] [90m[1msavepack[22m | Storing File: res://.godot/imported/roster_portrait_128.png-5edbfb50558a635b49b24257252acac2.ctex[39m[0m
[  45% ] [90m[1msavepack[22m | Storing File: res://assets/sprites/races_v2/angel/exemplar/roster_portrait_128.png.import[39m[0m
[  46% ] [90m[1msavepack[22m | Storing File: res://.godot/imported/selection_icon_48.png-7a7dc685bc21423b9d70a5ce2b17fb7b.ctex[39m[0m
[  46% ] [90m[1msavepack[22m | Storing File: res://assets/sprites/races_v2/angel/exemplar/selection_icon_48.png.import[39m[0m
[  46% ] [90m[1msavepack[22m | Storing File: res://.godot/imported/angel_size_gender_matrix.png-139eb79d589e4f6ce40e9e5a8d38d8ce.ctex[39m[0m
[  46% ] [90m[1msavepack[22m | Storing File: res://assets/sprites/races_v2/angel/angel_size_gender_matrix.png.import[39m[0m
[  46% ] [90m[1msavepack[22m | Storing File: res://.godot/imported/atlas.png-d79308b1b6eff969b4cc2c6d200075ab.ctex[39m[0m
[  46% ] [90m[1msavepack[22m | Storing File: res://assets/sprites/races_v2/arachnoid/bases/size_1_tiny/feminine/atlas.png.import[39m[0m
[  46% ] [90m[1msavepack[22m | Storing File: res://.godot/imported/atlas.png-cd785f1808d55a349bb3be70fa135e0f.ctex[39m[0m
[  46% ] [90m[1msavepack[22m | Storing File: res://assets/sprites/races_v2/arachnoid/bases/size_1_tiny/masculine/atlas.png.import[39m[0m
[  46% ] [90m[1msavepack[22m | Storing File: res://.godot/imported/atlas.png-b66aaa4f57e2e539a938641ec69b6a35.ctex[39m[0m
[  46% ] [90m[1msavepack[22m | Storing File: res://assets/sprites/races_v2/arachnoid/bases/size_2_small/feminine/atlas.png.import[39m[0m
[  46% ] [90m[1msavepack[22m | Storing File: res://.godot/imported/atlas.png-4e2c4b39115b6e8173478ec9430aeeda.ctex[39m[0m
[  46% ] [90m[1msavepack[22m | Storing File: res://assets/sprites/races_v2/arachnoid/bases/size_2_small/masculine/atlas.png.import[39m[0m
[  46% ] [90m[1msavepack[22m | Storing File: res://.godot/imported/debug_atlas.png-f35e9852c6258cc536b17d438ed06e43.ctex[39m[0m
[  46% ] [90m[1msavepack[22m | Storing File: res://assets/sprites/races_v2/demon/exemplar/debug_atlas.png.import[39m[0m
[  46% ] [90m[1msavepack[22m | Storing File: res://.godot/imported/direction_preview.png-77cb3c747ec9fd589609bbf4a1201c7a.ctex[39m[0m
[  46% ] [90m[1msavepack[22m | Storing File: res://assets/sprites/races_v2/demon/exemplar/direction_preview.png.import[39m[0m
[  46% ] [90m[1msavepack[22m | Storing File: res://.godot/imported/direction_preview.png-09b0319ebca568f43c31d073f78dcebd.ctex[39m[0m
[  46% ] [90m[1msavepack[22m | Storing File: res://assets/sprites/races_v2/arachnoid/exemplar/direction_preview.png.import[39m[0m
[  46% ] [90m[1msavepack[22m | Storing File: res://.godot/imported/hero_portrait_256.png-50b197b3875427f21789037cbd81cc6e.ctex[39m[0m
[  46% ] [90m[1msavepack[22m | Storing File: res://assets/sprites/races_v2/arachnoid/exemplar/hero_portrait_256.png.import[39m[0m
[  46% ] [90m[1msavepack[22m | Storing File: res://.godot/imported/hud_portrait_64.png-6882d0249e5e664382a24ba57ae1af50.ctex[39m[0m
[  46% ] [90m[1msavepack[22m | Storing File: res://assets/sprites/races_v2/arachnoid/exemplar/hud_portrait_64.png.import[39m[0m
[  46% ] [90m[1msavepack[22m | Storing File: res://.godot/imported/debug_atlas.png-df9e66ffb10fa1918c80ec4a7ef40d92.ctex[39m[0m
[  46% ] [90m[1msavepack[22m | Storing File: res://assets/sprites/races_v2/arachnoid/exemplar/debug_atlas.png.import[39m[0m
[  46% ] [90m[1msavepack[22m | Storing File: res://.godot/imported/atlas.png-2f889af04747988f169a1e4d0a853d77.ctex[39m[0m
[  46% ] [90m[1msavepack[22m | Storing File: res://assets/sprites/races_v2/arachnoid/bases/size_3_medium/masculine/atlas.png.import[39m[0m
[  47% ] [90m[1msavepack[22m | Storing File: res://.godot/imported/atlas.png-0865af5c62283181a2cf6db8ecd1f724.ctex[39m[0m
[  47% ] [90m[1msavepack[22m | Storing File: res://assets/sprites/races_v2/arachnoid/bases/size_5_huge/feminine/atlas.png.import[39m[0m
[  47% ] [90m[1msavepack[22m | Storing File: res://.godot/imported/atlas.png-9200653504a2c61b1ca5aa7f01382dc3.ctex[39m[0m
[  47% ] [90m[1msavepack[22m | Storing File: res://assets/sprites/races_v2/arachnoid/exemplar/atlas.png.import[39m[0m
[  47% ] [90m[1msavepack[22m | Storing File: res://.godot/imported/atlas.png-32f7478c0313062621d6debd1be921d9.ctex[39m[0m
[  47% ] [90m[1msavepack[22m | Storing File: res://assets/sprites/races_v2/arachnoid/bases/size_3_medium/feminine/atlas.png.import[39m[0m
[  47% ] [90m[1msavepack[22m | Storing File: res://.godot/imported/atlas.png-ccfaaf530708c5b9ec23d0d7ab286547.ctex[39m[0m
[  47% ] [90m[1msavepack[22m | Storing File: res://assets/sprites/races_v2/arachnoid/bases/size_4_large/feminine/atlas.png.import[39m[0m
[  47% ] [90m[1msavepack[22m | Storing File: res://.godot/imported/atlas.png-8a1441d21ce8607b9138fe647f3c0eb3.ctex[39m[0m
[  47% ] [90m[1msavepack[22m | Storing File: res://assets/sprites/races_v2/arachnoid/bases/size_4_large/masculine/atlas.png.import[39m[0m
[  47% ] [90m[1msavepack[22m | Storing File: res://.godot/imported/atlas.png-88e0e2aa843c261a4c4ed991939ffe32.ctex[39m[0m
[  47% ] [90m[1msavepack[22m | Storing File: res://assets/sprites/races_v2/arachnoid/bases/size_5_huge/masculine/atlas.png.import[39m[0m
[  47% ] [90m[1msavepack[22m | Storing File: res://.godot/imported/arachnoid_size_gender_matrix.png-0c02b426da52ad203c36534e7f4a4616.ctex[39m[0m
[  47% ] [90m[1msavepack[22m | Storing File: res://assets/sprites/races_v2/arachnoid/arachnoid_size_gender_matrix.png.import[39m[0m
[  47% ] [90m[1msavepack[22m | Storing File: res://.godot/imported/atlas.png-ec70d0454ceb9804233e3f61cbc0c5dd.ctex[39m[0m
[  47% ] [90m[1msavepack[22m | Storing File: res://assets/sprites/races_v2/demon/bases/size_1_tiny/masculine/atlas.png.import[39m[0m
[  47% ] [90m[1msavepack[22m | Storing File: res://.godot/imported/keyframe_board.png-69433ae1898b02e9e3b2d5a5812a3f14.ctex[39m[0m
[  47% ] [90m[1msavepack[22m | Storing File: res://assets/sprites/races_v2/arachnoid/exemplar/keyframe_board.png.import[39m[0m
[  47% ] [90m[1msavepack[22m | Storing File: res://.godot/imported/roster_portrait_128.png-c37d14b97564af3a921c93d48079374d.ctex[39m[0m
[  47% ] [90m[1msavepack[22m | Storing File: res://assets/sprites/races_v2/arachnoid/exemplar/roster_portrait_128.png.import[39m[0m
[  47% ] [90m[1msavepack[22m | Storing File: res://.godot/imported/selection_icon_48.png-266b3c71bed3e68dfe519445782a2ac1.ctex[39m[0m
[  47% ] [90m[1msavepack[22m | Storing File: res://assets/sprites/races_v2/arachnoid/exemplar/selection_icon_48.png.import[39m[0m
[  47% ] [90m[1msavepack[22m | Storing File: res://.godot/imported/atlas.png-4bdd469ee1e9f02bd1ba476c1f356703.ctex[39m[0m
[  47% ] [90m[1msavepack[22m | Storing File: res://assets/sprites/races_v2/demon/bases/size_1_tiny/feminine/atlas.png.import[39m[0m
[  47% ] [90m[1msavepack[22m | Storing File: res://.godot/imported/atlas.png-cad17d8a9beb935bea814b6426be946b.ctex[39m[0m
[  47% ] [90m[1msavepack[22m | Storing File: res://assets/sprites/races_v2/demon/bases/size_2_small/feminine/atlas.png.import[39m[0m
[  48% ] [90m[1msavepack[22m | Storing File: res://.godot/imported/atlas.png-0c335145e2e3483b064a09c59c1d3010.ctex[39m[0m
[  48% ] [90m[1msavepack[22m | Storing File: res://assets/sprites/races_v2/demon/bases/size_2_small/masculine/atlas.png.import[39m[0m
[  48% ] [90m[1msavepack[22m | Storing File: res://.godot/imported/atlas.png-3a4545ad8ce038a7eaaff0c082966616.ctex[39m[0m
[  48% ] [90m[1msavepack[22m | Storing File: res://assets/sprites/races_v2/demon/bases/size_3_medium/feminine/atlas.png.import[39m[0m
[  48% ] [90m[1msavepack[22m | Storing File: res://.godot/imported/atlas.png-7712ba2bd8ba9f7441e7ddbb3360db17.ctex[39m[0m
[  48% ] [90m[1msavepack[22m | Storing File: res://assets/sprites/races_v2/demon/bases/size_3_medium/masculine/atlas.png.import[39m[0m
[  48% ] [90m[1msavepack[22m | Storing File: res://.godot/imported/atlas.png-b5c821bfec7352eb8581501e851db2bc.ctex[39m[0m
[  48% ] [90m[1msavepack[22m | Storing File: res://assets/sprites/races_v2/demon/bases/size_4_large/feminine/atlas.png.import[39m[0m
[  48% ] [90m[1msavepack[22m | Storing File: res://.godot/imported/atlas.png-68b492ec6d3e697f137b85b6ee61a2e2.ctex[39m[0m
[  48% ] [90m[1msavepack[22m | Storing File: res://assets/sprites/races_v2/demon/bases/size_4_large/masculine/atlas.png.import[39m[0m
[  48% ] [90m[1msavepack[22m | Storing File: res://.godot/imported/atlas.png-4b01eb741cb1d616e70fa542b0c82ad8.ctex[39m[0m
[  48% ] [90m[1msavepack[22m | Storing File: res://assets/sprites/races_v2/demon/exemplar/atlas.png.import[39m[0m
[  48% ] [90m[1msavepack[22m | Storing File: res://.godot/imported/atlas.png-e5487159c52cd17e944938cf637f67ed.ctex[39m[0m
[  48% ] [90m[1msavepack[22m | Storing File: res://assets/sprites/races_v2/demon/bases/size_5_huge/feminine/atlas.png.import[39m[0m
[  48% ] [90m[1msavepack[22m | Storing File: res://.godot/imported/atlas.png-36e414bdd29446e4dec54b3acb1efab6.ctex[39m[0m
[  48% ] [90m[1msavepack[22m | Storing File: res://assets/sprites/races_v2/demon/bases/size_5_huge/masculine/atlas.png.import[39m[0m
[  48% ] [90m[1msavepack[22m | Storing File: res://.godot/imported/hero_portrait_256.png-238fc0eb45496124449723b5b4b2b4de.ctex[39m[0m
[  48% ] [90m[1msavepack[22m | Storing File: res://assets/sprites/races_v2/demon/exemplar/hero_portrait_256.png.import[39m[0m
[  48% ] [90m[1msavepack[22m | Storing File: res://.godot/imported/hud_portrait_64.png-35a396b758378276c0e7ba36713873a0.ctex[39m[0m
[  48% ] [90m[1msavepack[22m | Storing File: res://assets/sprites/races_v2/demon/exemplar/hud_portrait_64.png.import[39m[0m
[  48% ] [90m[1msavepack[22m | Storing File: res://.godot/imported/keyframe_board.png-b5bc87aafb2058185f7e974ac147d307.ctex[39m[0m
[  48% ] [90m[1msavepack[22m | Storing File: res://assets/sprites/races_v2/elf/exemplar/keyframe_board.png.import[39m[0m
[  48% ] [90m[1msavepack[22m | Storing File: res://.godot/imported/debug_atlas.png-33c0e90539b6d0267bc0943ccdfa2111.ctex[39m[0m
[  48% ] [90m[1msavepack[22m | Storing File: res://assets/sprites/races_v2/dwarf/exemplar/debug_atlas.png.import[39m[0m
[  48% ] [90m[1msavepack[22m | Storing File: res://.godot/imported/direction_preview.png-d3de9d9db6cc4eef652f629858f05cc9.ctex[39m[0m
[  48% ] [90m[1msavepack[22m | Storing File: res://assets/sprites/races_v2/dwarf/exemplar/direction_preview.png.import[39m[0m
[  48% ] [90m[1msavepack[22m | Storing File: res://.godot/imported/hero_portrait_256.png-a575e85b7a50d1835779467740cedba0.ctex[39m[0m
[  48% ] [90m[1msavepack[22m | Storing File: res://assets/sprites/races_v2/dwarf/exemplar/hero_portrait_256.png.import[39m[0m
[  49% ] [90m[1msavepack[22m | Storing File: res://.godot/imported/hud_portrait_64.png-92addeb6e447e74ad1d5f2ce63c09cbe.ctex[39m[0m
[  49% ] [90m[1msavepack[22m | Storing File: res://assets/sprites/races_v2/dwarf/exemplar/hud_portrait_64.png.import[39m[0m
[  49% ] [90m[1msavepack[22m | Storing File: res://.godot/imported/atlas.png-3b0391ba9966f06b7590ca801dbb96cc.ctex[39m[0m
[  49% ] [90m[1msavepack[22m | Storing File: res://assets/sprites/races_v2/dwarf/bases/size_2_small/masculine/atlas.png.import[39m[0m
[  49% ] [90m[1msavepack[22m | Storing File: res://.godot/imported/keyframe_board.png-2ee668897d3b1ca857c0e596ef9557e9.ctex[39m[0m
[  49% ] [90m[1msavepack[22m | Storing File: res://assets/sprites/races_v2/demon/exemplar/keyframe_board.png.import[39m[0m
[  49% ] [90m[1msavepack[22m | Storing File: res://.godot/imported/roster_portrait_128.png-81091917c0083cc058a7daa36208aa3b.ctex[39m[0m
[  49% ] [90m[1msavepack[22m | Storing File: res://assets/sprites/races_v2/demon/exemplar/roster_portrait_128.png.import[39m[0m
[  49% ] [90m[1msavepack[22m | Storing File: res://.godot/imported/selection_icon_48.png-92841f501c0c319b69d15f8b795d8178.ctex[39m[0m
[  49% ] [90m[1msavepack[22m | Storing File: res://assets/sprites/races_v2/demon/exemplar/selection_icon_48.png.import[39m[0m
[  49% ] [90m[1msavepack[22m | Storing File: res://.godot/imported/demon_size_gender_matrix.png-8b2fbd4a6d7f4a7134649ccc48d1d80c.ctex[39m[0m
[  49% ] [90m[1msavepack[22m | Storing File: res://assets/sprites/races_v2/demon/demon_size_gender_matrix.png.import[39m[0m
[  49% ] [90m[1msavepack[22m | Storing File: res://.godot/imported/atlas.png-6e15d017c65a52834bbd40df7e59f2ed.ctex[39m[0m
[  49% ] [90m[1msavepack[22m | Storing File: res://assets/sprites/races_v2/dwarf/bases/size_1_tiny/feminine/atlas.png.import[39m[0m
[  49% ] [90m[1msavepack[22m | Storing File: res://.godot/imported/atlas.png-760bc1dd2c0cbf8d7804cd720d0cf40c.ctex[39m[0m
[  49% ] [90m[1msavepack[22m | Storing File: res://assets/sprites/races_v2/dwarf/bases/size_1_tiny/masculine/atlas.png.import[39m[0m
[  49% ] [90m[1msavepack[22m | Storing File: res://.godot/imported/atlas.png-0ac6f1d9d7690df866401f2c6d40efde.ctex[39m[0m
[  49% ] [90m[1msavepack[22m | Storing File: res://assets/sprites/races_v2/dwarf/bases/size_2_small/feminine/atlas.png.import[39m[0m
[  49% ] [90m[1msavepack[22m | Storing File: res://.godot/imported/atlas.png-89a8c7c6e8a2db3822017f5127297ff0.ctex[39m[0m
[  49% ] [90m[1msavepack[22m | Storing File: res://assets/sprites/races_v2/dwarf/exemplar/atlas.png.import[39m[0m
[  49% ] [90m[1msavepack[22m | Storing File: res://.godot/imported/atlas.png-4796309c0ef20935b1b736e57c74565d.ctex[39m[0m
[  49% ] [90m[1msavepack[22m | Storing File: res://assets/sprites/races_v2/dwarf/bases/size_3_medium/feminine/atlas.png.import[39m[0m
[  49% ] [90m[1msavepack[22m | Storing File: res://.godot/imported/atlas.png-b515b08c613574f01c8cb84310dc0905.ctex[39m[0m
[  49% ] [90m[1msavepack[22m | Storing File: res://assets/sprites/races_v2/dwarf/bases/size_3_medium/masculine/atlas.png.import[39m[0m
[  49% ] [90m[1msavepack[22m | Storing File: res://.godot/imported/atlas.png-7c96c98eaa1e670ce01276041483b520.ctex[39m[0m
[  49% ] [90m[1msavepack[22m | Storing File: res://assets/sprites/races_v2/dwarf/bases/size_4_large/feminine/atlas.png.import[39m[0m
[  50% ] [90m[1msavepack[22m | Storing File: res://.godot/imported/atlas.png-65384a98c1a038c1dd3ed42c4018d080.ctex[39m[0m
[  50% ] [90m[1msavepack[22m | Storing File: res://assets/sprites/races_v2/dwarf/bases/size_4_large/masculine/atlas.png.import[39m[0m
[  50% ] [90m[1msavepack[22m | Storing File: res://.godot/imported/atlas.png-86fa8394bb7a23e4420759a5fb2f6ca3.ctex[39m[0m
[  50% ] [90m[1msavepack[22m | Storing File: res://assets/sprites/races_v2/dwarf/bases/size_5_huge/feminine/atlas.png.import[39m[0m
[  50% ] [90m[1msavepack[22m | Storing File: res://.godot/imported/atlas.png-28393c5aef48f09c8179ff0aa1ea8340.ctex[39m[0m
[  50% ] [90m[1msavepack[22m | Storing File: res://assets/sprites/races_v2/dwarf/bases/size_5_huge/masculine/atlas.png.import[39m[0m
[  50% ] [90m[1msavepack[22m | Storing File: res://.godot/imported/debug_atlas.png-13bbaffb6bb64cf4ca2e86deda08b369.ctex[39m[0m
[  50% ] [90m[1msavepack[22m | Storing File: res://assets/sprites/races_v2/elf/exemplar/debug_atlas.png.import[39m[0m
[  50% ] [90m[1msavepack[22m | Storing File: res://.godot/imported/direction_preview.png-06473a366ab6e540eb537ca122288f5b.ctex[39m[0m
[  50% ] [90m[1msavepack[22m | Storing File: res://assets/sprites/races_v2/elf/exemplar/direction_preview.png.import[39m[0m
[  50% ] [90m[1msavepack[22m | Storing File: res://.godot/imported/hero_portrait_256.png-657198d2aee4abb7fce0de3e39f3a3be.ctex[39m[0m
[  50% ] [90m[1msavepack[22m | Storing File: res://assets/sprites/races_v2/elf/exemplar/hero_portrait_256.png.import[39m[0m
[  50% ] [90m[1msavepack[22m | Storing File: res://.godot/imported/hud_portrait_64.png-4aa932cfcf651f0adacaa75affa0d0c2.ctex[39m[0m
[  50% ] [90m[1msavepack[22m | Storing File: res://assets/sprites/races_v2/elf/exemplar/hud_portrait_64.png.import[39m[0m
[  50% ] [90m[1msavepack[22m | Storing File: res://.godot/imported/atlas.png-0d006d9aac2c62033cda9e43329038f0.ctex[39m[0m
[  50% ] [90m[1msavepack[22m | Storing File: res://assets/sprites/races_v2/elf/bases/size_2_small/masculine/atlas.png.import[39m[0m
[  50% ] [90m[1msavepack[22m | Storing File: res://.godot/imported/keyframe_board.png-ef1fb2beff08b1e36087c6cb345a64c7.ctex[39m[0m
[  50% ] [90m[1msavepack[22m | Storing File: res://assets/sprites/races_v2/dwarf/exemplar/keyframe_board.png.import[39m[0m
[  50% ] [90m[1msavepack[22m | Storing File: res://.godot/imported/roster_portrait_128.png-1a9d2f15103d9a7f6258dee5afa33213.ctex[39m[0m
[  50% ] [90m[1msavepack[22m | Storing File: res://assets/sprites/races_v2/dwarf/exemplar/roster_portrait_128.png.import[39m[0m
[  50% ] [90m[1msavepack[22m | Storing File: res://.godot/imported/selection_icon_48.png-c33fb93e1874e831c2070370c697ffa1.ctex[39m[0m
[  50% ] [90m[1msavepack[22m | Storing File: res://assets/sprites/races_v2/dwarf/exemplar/selection_icon_48.png.import[39m[0m
[  50% ] [90m[1msavepack[22m | Storing File: res://.godot/imported/dwarf_size_gender_matrix.png-812f21658d6a53b282ecf4d1c76ec768.ctex[39m[0m
[  50% ] [90m[1msavepack[22m | Storing File: res://assets/sprites/races_v2/dwarf/dwarf_size_gender_matrix.png.import[39m[0m
[  50% ] [90m[1msavepack[22m | Storing File: res://.godot/imported/atlas.png-b4b8282d97b23442cc74cf75ccae152c.ctex[39m[0m
[  50% ] [90m[1msavepack[22m | Storing File: res://assets/sprites/races_v2/elf/bases/size_1_tiny/feminine/atlas.png.import[39m[0m
[  51% ] [90m[1msavepack[22m | Storing File: res://.godot/imported/atlas.png-aa4504e49bcec877daf50ed8df33b11e.ctex[39m[0m
[  51% ] [90m[1msavepack[22m | Storing File: res://assets/sprites/races_v2/elf/bases/size_1_tiny/masculine/atlas.png.import[39m[0m
[  51% ] [90m[1msavepack[22m | Storing File: res://.godot/imported/atlas.png-083f565b21f78b6e02f9e3125346efbe.ctex[39m[0m
[  51% ] [90m[1msavepack[22m | Storing File: res://assets/sprites/races_v2/elf/bases/size_2_small/feminine/atlas.png.import[39m[0m
[  51% ] [90m[1msavepack[22m | Storing File: res://.godot/imported/atlas.png-203e57f5fcc4695a1b2eb6f7ff663da5.ctex[39m[0m
[  51% ] [90m[1msavepack[22m | Storing File: res://assets/sprites/races_v2/elf/exemplar/atlas.png.import[39m[0m
[  51% ] [90m[1msavepack[22m | Storing File: res://.godot/imported/atlas.png-ed87c3db0ff94226172d8e5e84091776.ctex[39m[0m
[  51% ] [90m[1msavepack[22m | Storing File: res://assets/sprites/races_v2/elf/bases/size_3_medium/feminine/atlas.png.import[39m[0m
[  51% ] [90m[1msavepack[22m | Storing File: res://.godot/imported/atlas.png-e906092d531b7ffe53d3948eca17b9e9.ctex[39m[0m
[  51% ] [90m[1msavepack[22m | Storing File: res://assets/sprites/races_v2/elf/bases/size_3_medium/masculine/atlas.png.import[39m[0m
[  51% ] [90m[1msavepack[22m | Storing File: res://.godot/imported/atlas.png-a89f8ea96acb45b5b21099ac00eb7ef8.ctex[39m[0m
[  51% ] [90m[1msavepack[22m | Storing File: res://assets/sprites/races_v2/elf/bases/size_4_large/feminine/atlas.png.import[39m[0m
[  51% ] [90m[1msavepack[22m | Storing File: res://.godot/imported/atlas.png-40ce19265ed2c5a029e690740d07c6cc.ctex[39m[0m
[  51% ] [90m[1msavepack[22m | Storing File: res://assets/sprites/races_v2/elf/bases/size_4_large/masculine/atlas.png.import[39m[0m
[  51% ] [90m[1msavepack[22m | Storing File: res://.godot/imported/atlas.png-6f0d796278c7867216c1b303b2a2184a.ctex[39m[0m
[  51% ] [90m[1msavepack[22m | Storing File: res://assets/sprites/races_v2/elf/bases/size_5_huge/feminine/atlas.png.import[39m[0m
[  51% ] [90m[1msavepack[22m | Storing File: res://.godot/imported/atlas.png-e0990c12450402b1ad7ae8b3463b9447.ctex[39m[0m
[  51% ] [90m[1msavepack[22m | Storing File: res://assets/sprites/races_v2/elf/bases/size_5_huge/masculine/atlas.png.import[39m[0m
[  51% ] [90m[1msavepack[22m | Storing File: res://.godot/imported/roster_portrait_128.png-083bbbe25b7d22350f4d185d29ba0aed.ctex[39m[0m
[  51% ] [90m[1msavepack[22m | Storing File: res://assets/sprites/races_v2/elf/exemplar/roster_portrait_128.png.import[39m[0m
[  51% ] [90m[1msavepack[22m | Storing File: res://.godot/imported/selection_icon_48.png-400ca672a62130da07e8a6ea3271c153.ctex[39m[0m
[  51% ] [90m[1msavepack[22m | Storing File: res://assets/sprites/races_v2/elf/exemplar/selection_icon_48.png.import[39m[0m
[  51% ] [90m[1msavepack[22m | Storing File: res://.godot/imported/elf_size_gender_matrix.png-35357a7331fbe2dcd1e14bfc229a702b.ctex[39m[0m
[  51% ] [90m[1msavepack[22m | Storing File: res://assets/sprites/races_v2/elf/elf_size_gender_matrix.png.import[39m[0m
[  51% ] [90m[1msavepack[22m | Storing File: res://.godot/imported/atlas.png-a4c27af323949c65d0e61ee4172eef24.ctex[39m[0m
[  51% ] [90m[1msavepack[22m | Storing File: res://assets/sprites/races_v2/gnome/bases/size_1_tiny/feminine/atlas.png.import[39m[0m
[  51% ] [90m[1msavepack[22m | Storing File: res://.godot/imported/atlas.png-457b83c7618d9a2e1cac723ea9673d3a.ctex[39m[0m
[  51% ] [90m[1msavepack[22m | Storing File: res://assets/sprites/races_v2/gnome/bases/size_1_tiny/masculine/atlas.png.import[39m[0m
[  52% ] [90m[1msavepack[22m | Storing File: res://.godot/imported/atlas.png-2db8a34b6e08bc4ea99da6d3a4190dde.ctex[39m[0m
[  52% ] [90m[1msavepack[22m | Storing File: res://assets/sprites/races_v2/gnome/bases/size_2_small/feminine/atlas.png.import[39m[0m
[  52% ] [90m[1msavepack[22m | Storing File: res://.godot/imported/atlas.png-696fc545c25b074298932f5531da9575.ctex[39m[0m
[  52% ] [90m[1msavepack[22m | Storing File: res://assets/sprites/races_v2/gnome/bases/size_2_small/masculine/atlas.png.import[39m[0m
[  52% ] [90m[1msavepack[22m | Storing File: res://.godot/imported/atlas.png-dfa590100bf68177aec4b77cd383c0be.ctex[39m[0m
[  52% ] [90m[1msavepack[22m | Storing File: res://assets/sprites/races_v2/gnome/bases/size_3_medium/feminine/atlas.png.import[39m[0m
[  52% ] [90m[1msavepack[22m | Storing File: res://.godot/imported/atlas.png-4e1535d56e588e38df66a91b7cdcb7ee.ctex[39m[0m
[  52% ] [90m[1msavepack[22m | Storing File: res://assets/sprites/races_v2/gnome/bases/size_3_medium/masculine/atlas.png.import[39m[0m
[  52% ] [90m[1msavepack[22m | Storing File: res://.godot/imported/atlas.png-ec649a96db1c30419628043683d6eece.ctex[39m[0m
[  52% ] [90m[1msavepack[22m | Storing File: res://assets/sprites/races_v2/gnome/bases/size_4_large/feminine/atlas.png.import[39m[0m
[  52% ] [90m[1msavepack[22m | Storing File: res://.godot/imported/atlas.png-0038266186108789c3943bba816c643d.ctex[39m[0m
[  52% ] [90m[1msavepack[22m | Storing File: res://assets/sprites/races_v2/gnome/bases/size_4_large/masculine/atlas.png.import[39m[0m
[  52% ] [90m[1msavepack[22m | Storing File: res://.godot/imported/atlas.png-ee002b968870aab4e9459b5b1c0ffe45.ctex[39m[0m
[  52% ] [90m[1msavepack[22m | Storing File: res://assets/sprites/races_v2/gnome/bases/size_5_huge/feminine/atlas.png.import[39m[0m
[  52% ] [90m[1msavepack[22m | Storing File: res://.godot/imported/atlas.png-a300c5e59e05eac149e841059f728745.ctex[39m[0m
[  52% ] [90m[1msavepack[22m | Storing File: res://assets/sprites/races_v2/gnome/bases/size_5_huge/masculine/atlas.png.import[39m[0m
[  52% ] [90m[1msavepack[22m | Storing File: res://.godot/imported/atlas.png-953a9de2f5f0f009f0eb72300f2f6a57.ctex[39m[0m
[  52% ] [90m[1msavepack[22m | Storing File: res://assets/sprites/races_v2/gnome/exemplar/atlas.png.import[39m[0m
[  52% ] [90m[1msavepack[22m | Storing File: res://.godot/imported/direction_preview.png-6d25a568e4adcd5828f2da0c4a90391f.ctex[39m[0m
[  52% ] [90m[1msavepack[22m | Storing File: res://assets/sprites/races_v2/gnome/exemplar/direction_preview.png.import[39m[0m
[  52% ] [90m[1msavepack[22m | Storing File: res://.godot/imported/debug_atlas.png-07a22a6099b25c8fee424d3b81f420cb.ctex[39m[0m
[  52% ] [90m[1msavepack[22m | Storing File: res://assets/sprites/races_v2/gnome/exemplar/debug_atlas.png.import[39m[0m
[  52% ] [90m[1msavepack[22m | Storing File: res://.godot/imported/hero_portrait_256.png-e93176b9825dc4e3e6937bbc80337082.ctex[39m[0m
[  52% ] [90m[1msavepack[22m | Storing File: res://assets/sprites/races_v2/gnome/exemplar/hero_portrait_256.png.import[39m[0m
[  52% ] [90m[1msavepack[22m | Storing File: res://.godot/imported/keyframe_board.png-12deb234fd42781d0b5f07a97eaa480b.ctex[39m[0m
[  52% ] [90m[1msavepack[22m | Storing File: res://assets/sprites/races_v2/gnome/exemplar/keyframe_board.png.import[39m[0m
[  53% ] [90m[1msavepack[22m | Storing File: res://.godot/imported/hud_portrait_64.png-77b1ba37edb576a95b18673246e2afc5.ctex[39m[0m
[  53% ] [90m[1msavepack[22m | Storing File: res://assets/sprites/races_v2/gnome/exemplar/hud_portrait_64.png.import[39m[0m
[  53% ] [90m[1msavepack[22m | Storing File: res://.godot/imported/roster_portrait_128.png-a25395e49e1052f225f974ffd68ad7da.ctex[39m[0m
[  53% ] [90m[1msavepack[22m | Storing File: res://assets/sprites/races_v2/gnome/exemplar/roster_portrait_128.png.import[39m[0m
[  53% ] [90m[1msavepack[22m | Storing File: res://.godot/imported/gnome_size_gender_matrix.png-639b5e4136a14929edc46c5da5742b56.ctex[39m[0m
[  53% ] [90m[1msavepack[22m | Storing File: res://assets/sprites/races_v2/gnome/gnome_size_gender_matrix.png.import[39m[0m
[  53% ] [90m[1msavepack[22m | Storing File: res://.godot/imported/selection_icon_48.png-efc782f3ad4f7a9b96df3f232fdbeeb9.ctex[39m[0m
[  53% ] [90m[1msavepack[22m | Storing File: res://assets/sprites/races_v2/gnome/exemplar/selection_icon_48.png.import[39m[0m
[  53% ] [90m[1msavepack[22m | Storing File: res://.godot/imported/atlas.png-dcf2595fb9ea49502b044b41021d1f8c.ctex[39m[0m
[  53% ] [90m[1msavepack[22m | Storing File: res://assets/sprites/races_v2/goblin/bases/size_1_tiny/feminine/atlas.png.import[39m[0m
[  53% ] [90m[1msavepack[22m | Storing File: res://.godot/imported/atlas.png-6e97408f20978bfca50326ae47fd1dff.ctex[39m[0m
[  53% ] [90m[1msavepack[22m | Storing File: res://assets/sprites/races_v2/goblin/bases/size_2_small/masculine/atlas.png.import[39m[0m
[  53% ] [90m[1msavepack[22m | Storing File: res://.godot/imported/atlas.png-cafb433f314793e0e1e4d8a0b31f4260.ctex[39m[0m
[  53% ] [90m[1msavepack[22m | Storing File: res://assets/sprites/races_v2/goblin/bases/size_1_tiny/masculine/atlas.png.import[39m[0m
[  53% ] [90m[1msavepack[22m | Storing File: res://.godot/imported/atlas.png-e4ab8482f7f154574e4a751485ba619e.ctex[39m[0m
[  53% ] [90m[1msavepack[22m | Storing File: res://assets/sprites/races_v2/goblin/bases/size_2_small/feminine/atlas.png.import[39m[0m
[  53% ] [90m[1msavepack[22m | Storing File: res://.godot/imported/atlas.png-3c791dc3a247499124a91febb8b7da9b.ctex[39m[0m
[  53% ] [90m[1msavepack[22m | Storing File: res://assets/sprites/races_v2/goblin/bases/size_3_medium/feminine/atlas.png.import[39m[0m
[  53% ] [90m[1msavepack[22m | Storing File: res://.godot/imported/atlas.png-deb64fd5cf2a3a730ed3a5f9a4bb3cb2.ctex[39m[0m
[  53% ] [90m[1msavepack[22m | Storing File: res://assets/sprites/races_v2/goblin/bases/size_4_large/feminine/atlas.png.import[39m[0m
[  53% ] [90m[1msavepack[22m | Storing File: res://.godot/imported/atlas.png-c98fdc6ed8eaedd12920356d41d9856f.ctex[39m[0m
[  53% ] [90m[1msavepack[22m | Storing File: res://assets/sprites/races_v2/goblin/bases/size_3_medium/masculine/atlas.png.import[39m[0m
[  53% ] [90m[1msavepack[22m | Storing File: res://.godot/imported/keyframe_board.png-9303698e7ad4baf121bf123c61845200.ctex[39m[0m
[  53% ] [90m[1msavepack[22m | Storing File: res://assets/sprites/races_v2/goblin/exemplar/keyframe_board.png.import[39m[0m
[  53% ] [90m[1msavepack[22m | Storing File: res://.godot/imported/atlas.png-dd0a646824521f3eed1baae9d08f1bce.ctex[39m[0m
[  53% ] [90m[1msavepack[22m | Storing File: res://assets/sprites/races_v2/goblin/bases/size_5_huge/masculine/atlas.png.import[39m[0m
[  54% ] [90m[1msavepack[22m | Storing File: res://.godot/imported/atlas.png-3d6bd64e2753b2c41eed638cbbbec0f2.ctex[39m[0m
[  54% ] [90m[1msavepack[22m | Storing File: res://assets/sprites/races_v2/goblin/bases/size_4_large/masculine/atlas.png.import[39m[0m
[  54% ] [90m[1msavepack[22m | Storing File: res://.godot/imported/atlas.png-239e925e3fbe08ab953abd7a6ed3b66f.ctex[39m[0m
[  54% ] [90m[1msavepack[22m | Storing File: res://assets/sprites/races_v2/goblin/bases/size_5_huge/feminine/atlas.png.import[39m[0m
[  54% ] [90m[1msavepack[22m | Storing File: res://.godot/imported/atlas.png-93ad59ae7f8781d15771c5821a137d59.ctex[39m[0m
[  54% ] [90m[1msavepack[22m | Storing File: res://assets/sprites/races_v2/goblin/exemplar/atlas.png.import[39m[0m
[  54% ] [90m[1msavepack[22m | Storing File: res://.godot/imported/hero_portrait_256.png-e80eaec86ccf84d238549fe136212210.ctex[39m[0m
[  54% ] [90m[1msavepack[22m | Storing File: res://assets/sprites/races_v2/goblin/exemplar/hero_portrait_256.png.import[39m[0m
[  54% ] [90m[1msavepack[22m | Storing File: res://.godot/imported/debug_atlas.png-37f9f0c9c022652ffdd9bbd4d24af668.ctex[39m[0m
[  54% ] [90m[1msavepack[22m | Storing File: res://assets/sprites/races_v2/goblin/exemplar/debug_atlas.png.import[39m[0m
[  54% ] [90m[1msavepack[22m | Storing File: res://.godot/imported/direction_preview.png-738c5956e12f66e03b7856a66c52f440.ctex[39m[0m
[  54% ] [90m[1msavepack[22m | Storing File: res://assets/sprites/races_v2/goblin/exemplar/direction_preview.png.import[39m[0m
[  54% ] [90m[1msavepack[22m | Storing File: res://.godot/imported/hud_portrait_64.png-89b381094afd83950c58bc1fc1183393.ctex[39m[0m
[  54% ] [90m[1msavepack[22m | Storing File: res://assets/sprites/races_v2/goblin/exemplar/hud_portrait_64.png.import[39m[0m
[  54% ] [90m[1msavepack[22m | Storing File: res://.godot/imported/roster_portrait_128.png-bb17576263e6c078de4e3afba9443812.ctex[39m[0m
[  54% ] [90m[1msavepack[22m | Storing File: res://assets/sprites/races_v2/goblin/exemplar/roster_portrait_128.png.import[39m[0m
[  54% ] [90m[1msavepack[22m | Storing File: res://.godot/imported/goblin_size_gender_matrix.png-5d14f4f873abe176564b8ac95a68524d.ctex[39m[0m
[  54% ] [90m[1msavepack[22m | Storing File: res://assets/sprites/races_v2/goblin/goblin_size_gender_matrix.png.import[39m[0m
[  54% ] [90m[1msavepack[22m | Storing File: res://.godot/imported/selection_icon_48.png-7306032c7d627d5191a550f4c1e90a83.ctex[39m[0m
[  54% ] [90m[1msavepack[22m | Storing File: res://assets/sprites/races_v2/goblin/exemplar/selection_icon_48.png.import[39m[0m
[  54% ] [90m[1msavepack[22m | Storing File: res://.godot/imported/atlas.png-72a686bdd152b76dee0b4635dbbeee1e.ctex[39m[0m
[  54% ] [90m[1msavepack[22m | Storing File: res://assets/sprites/races_v2/hobbit/bases/size_1_tiny/masculine/atlas.png.import[39m[0m
[  54% ] [90m[1msavepack[22m | Storing File: res://.godot/imported/atlas.png-8596e06dd18051712da58be364665cc3.ctex[39m[0m
[  54% ] [90m[1msavepack[22m | Storing File: res://assets/sprites/races_v2/hobbit/bases/size_1_tiny/feminine/atlas.png.import[39m[0m
[  54% ] [90m[1msavepack[22m | Storing File: res://.godot/imported/atlas.png-e58b323400484ffb7096cc608c7d9561.ctex[39m[0m
[  54% ] [90m[1msavepack[22m | Storing File: res://assets/sprites/races_v2/hobbit/bases/size_2_small/feminine/atlas.png.import[39m[0m
[  54% ] [90m[1msavepack[22m | Storing File: res://.godot/imported/atlas.png-b6dde086cef58b2d04e9a8a2741fa433.ctex[39m[0m
[  54% ] [90m[1msavepack[22m | Storing File: res://assets/sprites/races_v2/hobbit/bases/size_3_medium/feminine/atlas.png.import[39m[0m
[  55% ] [90m[1msavepack[22m | Storing File: res://.godot/imported/atlas.png-48d8459c93be9434d769251cf42c0495.ctex[39m[0m
[  55% ] [90m[1msavepack[22m | Storing File: res://assets/sprites/races_v2/hobbit/bases/size_2_small/masculine/atlas.png.import[39m[0m
[  55% ] [90m[1msavepack[22m | Storing File: res://.godot/imported/atlas.png-bac111934c70b5ea4c1072634131d215.ctex[39m[0m
[  55% ] [90m[1msavepack[22m | Storing File: res://assets/sprites/races_v2/hobbit/exemplar/atlas.png.import[39m[0m
[  55% ] [90m[1msavepack[22m | Storing File: res://.godot/imported/atlas.png-0b697b391682551c0bef5f10d9dbde6c.ctex[39m[0m
[  55% ] [90m[1msavepack[22m | Storing File: res://assets/sprites/races_v2/hobbit/bases/size_3_medium/masculine/atlas.png.import[39m[0m
[  55% ] [90m[1msavepack[22m | Storing File: res://.godot/imported/atlas.png-116c52e0eee38ef03b3b8fc8566afa4b.ctex[39m[0m
[  55% ] [90m[1msavepack[22m | Storing File: res://assets/sprites/races_v2/hobbit/bases/size_5_huge/feminine/atlas.png.import[39m[0m
[  55% ] [90m[1msavepack[22m | Storing File: res://.godot/imported/atlas.png-27070e9e0dfbaacdc9e8480401f93e0e.ctex[39m[0m
[  55% ] [90m[1msavepack[22m | Storing File: res://assets/sprites/races_v2/hobbit/bases/size_4_large/feminine/atlas.png.import[39m[0m
[  55% ] [90m[1msavepack[22m | Storing File: res://.godot/imported/atlas.png-37aa5483ef3708d24e62ee571fe9f079.ctex[39m[0m
[  55% ] [90m[1msavepack[22m | Storing File: res://assets/sprites/races_v2/hobbit/bases/size_4_large/masculine/atlas.png.import[39m[0m
[  55% ] [90m[1msavepack[22m | Storing File: res://.godot/imported/atlas.png-f102dd4b63106198a5c433d15063c381.ctex[39m[0m
[  55% ] [90m[1msavepack[22m | Storing File: res://assets/sprites/races_v2/hobbit/bases/size_5_huge/masculine/atlas.png.import[39m[0m
[  55% ] [90m[1msavepack[22m | Storing File: res://.godot/imported/direction_preview.png-8e3154cb22c52c041f205a412caf1edd.ctex[39m[0m
[  55% ] [90m[1msavepack[22m | Storing File: res://assets/sprites/races_v2/hobbit/exemplar/direction_preview.png.import[39m[0m
[  55% ] [90m[1msavepack[22m | Storing File: res://.godot/imported/hero_portrait_256.png-97c07f8f8d94516bea3335981aa0c373.ctex[39m[0m
[  55% ] [90m[1msavepack[22m | Storing File: res://assets/sprites/races_v2/hobbit/exemplar/hero_portrait_256.png.import[39m[0m
[  55% ] [90m[1msavepack[22m | Storing File: res://.godot/imported/hud_portrait_64.png-60fd02da1d95d2aa2cc1936d738978e1.ctex[39m[0m
[  55% ] [90m[1msavepack[22m | Storing File: res://assets/sprites/races_v2/hobbit/exemplar/hud_portrait_64.png.import[39m[0m
[  55% ] [90m[1msavepack[22m | Storing File: res://.godot/imported/keyframe_board.png-bd77f43a4e2453259e9de2bf32952d4b.ctex[39m[0m
[  55% ] [90m[1msavepack[22m | Storing File: res://assets/sprites/races_v2/hobbit/exemplar/keyframe_board.png.import[39m[0m
[  55% ] [90m[1msavepack[22m | Storing File: res://.godot/imported/roster_portrait_128.png-caa02305ca153e43696af935642c16bb.ctex[39m[0m
[  55% ] [90m[1msavepack[22m | Storing File: res://assets/sprites/races_v2/hobbit/exemplar/roster_portrait_128.png.import[39m[0m
[  55% ] [90m[1msavepack[22m | Storing File: res://.godot/imported/selection_icon_48.png-7a927e7b00e561959c05c1619a5ae168.ctex[39m[0m
[  55% ] [90m[1msavepack[22m | Storing File: res://assets/sprites/races_v2/hobbit/exemplar/selection_icon_48.png.import[39m[0m
[  56% ] [90m[1msavepack[22m | Storing File: res://.godot/imported/hobbit_size_gender_matrix.png-4dc681672cc3644fe9ca4c8bcb03f285.ctex[39m[0m
[  56% ] [90m[1msavepack[22m | Storing File: res://assets/sprites/races_v2/hobbit/hobbit_size_gender_matrix.png.import[39m[0m
[  56% ] [90m[1msavepack[22m | Storing File: res://.godot/imported/atlas.png-7efb3d894e05821f04b0bd3cd8528152.ctex[39m[0m
[  56% ] [90m[1msavepack[22m | Storing File: res://assets/sprites/races_v2/human/bases/size_1_tiny/feminine/atlas.png.import[39m[0m
[  56% ] [90m[1msavepack[22m | Storing File: res://.godot/imported/atlas.png-14ee2cd8239869f3b96a77bb071d5165.ctex[39m[0m
[  56% ] [90m[1msavepack[22m | Storing File: res://assets/sprites/races_v2/human/bases/size_1_tiny/masculine/atlas.png.import[39m[0m
[  56% ] [90m[1msavepack[22m | Storing File: res://.godot/imported/atlas.png-55244a239f119dd60fc8d6fed3b5b96e.ctex[39m[0m
[  56% ] [90m[1msavepack[22m | Storing File: res://assets/sprites/races_v2/human/bases/size_2_small/feminine/atlas.png.import[39m[0m
[  56% ] [90m[1msavepack[22m | Storing File: res://.godot/imported/atlas.png-f791ee2d60c2f33293dbf391aaca93f1.ctex[39m[0m
[  56% ] [90m[1msavepack[22m | Storing File: res://assets/sprites/races_v2/human/bases/size_2_small/masculine/atlas.png.import[39m[0m
[  56% ] [90m[1msavepack[22m | Storing File: res://.godot/imported/atlas.png-526cbb60660826ee153749822ed843a8.ctex[39m[0m
[  56% ] [90m[1msavepack[22m | Storing File: res://assets/sprites/races_v2/human/bases/size_3_medium/feminine/atlas.png.import[39m[0m
[  56% ] [90m[1msavepack[22m | Storing File: res://.godot/imported/atlas.png-f8deb7c136d6c3497109825ae6316687.ctex[39m[0m
[  56% ] [90m[1msavepack[22m | Storing File: res://assets/sprites/races_v2/human/bases/size_3_medium/masculine/atlas.png.import[39m[0m
[  56% ] [90m[1msavepack[22m | Storing File: res://.godot/imported/atlas.png-d872f1112724f197fbd21f20a78c1974.ctex[39m[0m
[  56% ] [90m[1msavepack[22m | Storing File: res://assets/sprites/races_v2/human/bases/size_4_large/feminine/atlas.png.import[39m[0m
[  56% ] [90m[1msavepack[22m | Storing File: res://.godot/imported/atlas.png-459b5e5d9f1d0e3918e57905204fc932.ctex[39m[0m
[  56% ] [90m[1msavepack[22m | Storing File: res://assets/sprites/races_v2/human/bases/size_4_large/masculine/atlas.png.import[39m[0m
[  56% ] [90m[1msavepack[22m | Storing File: res://.godot/imported/atlas.png-a77dbe9342b5d8db4d4feace08264ece.ctex[39m[0m
[  56% ] [90m[1msavepack[22m | Storing File: res://assets/sprites/races_v2/human/bases/size_5_huge/feminine/atlas.png.import[39m[0m
[  56% ] [90m[1msavepack[22m | Storing File: res://.godot/imported/atlas.png-74abba87d95bdbe299098c0e3ece94d7.ctex[39m[0m
[  56% ] [90m[1msavepack[22m | Storing File: res://assets/sprites/races_v2/human/bases/size_5_huge/masculine/atlas.png.import[39m[0m
[  56% ] [90m[1msavepack[22m | Storing File: res://.godot/imported/atlas.png-54c1fc56a3c77166698d83b3a4299273.ctex[39m[0m
[  56% ] [90m[1msavepack[22m | Storing File: res://assets/sprites/races_v2/human/exemplar/atlas.png.import[39m[0m
[  56% ] [90m[1msavepack[22m | Storing File: res://.godot/imported/debug_atlas.png-2a05c146adbc6084c86e0cbfbadbac5c.ctex[39m[0m
[  56% ] [90m[1msavepack[22m | Storing File: res://assets/sprites/races_v2/human/exemplar/debug_atlas.png.import[39m[0m
[  56% ] [90m[1msavepack[22m | Storing File: res://.godot/imported/direction_preview.png-090a339fd4d68353b8f77e289cffd9cf.ctex[39m[0m
[  56% ] [90m[1msavepack[22m | Storing File: res://assets/sprites/races_v2/human/exemplar/direction_preview.png.import[39m[0m
[  57% ] [90m[1msavepack[22m | Storing File: res://.godot/imported/hero_portrait_256.png-0221c233c889e06cb9206f243958b046.ctex[39m[0m
[  57% ] [90m[1msavepack[22m | Storing File: res://assets/sprites/races_v2/human/exemplar/hero_portrait_256.png.import[39m[0m
[  57% ] [90m[1msavepack[22m | Storing File: res://.godot/imported/hud_portrait_64.png-53284054d66555a2f69ce8dcbf675eee.ctex[39m[0m
[  57% ] [90m[1msavepack[22m | Storing File: res://assets/sprites/races_v2/human/exemplar/hud_portrait_64.png.import[39m[0m
[  57% ] [90m[1msavepack[22m | Storing File: res://.godot/imported/keyframe_board.png-78dc6bcd8239216f0bda03753b9eeacc.ctex[39m[0m
[  57% ] [90m[1msavepack[22m | Storing File: res://assets/sprites/races_v2/human/exemplar/keyframe_board.png.import[39m[0m
[  57% ] [90m[1msavepack[22m | Storing File: res://.godot/imported/roster_portrait_128.png-0a4ba353902ee406dd855412d38596af.ctex[39m[0m
[  57% ] [90m[1msavepack[22m | Storing File: res://assets/sprites/races_v2/human/exemplar/roster_portrait_128.png.import[39m[0m
[  57% ] [90m[1msavepack[22m | Storing File: res://.godot/imported/selection_icon_48.png-28b3778ad06a90b9beb6861411501b4c.ctex[39m[0m
[  57% ] [90m[1msavepack[22m | Storing File: res://assets/sprites/races_v2/human/exemplar/selection_icon_48.png.import[39m[0m
[  57% ] [90m[1msavepack[22m | Storing File: res://.godot/imported/human_size_gender_matrix.png-6ff3105800f71f725ea9bb38cc0ed185.ctex[39m[0m
[  57% ] [90m[1msavepack[22m | Storing File: res://assets/sprites/races_v2/human/human_size_gender_matrix.png.import[39m[0m
[  57% ] [90m[1msavepack[22m | Storing File: res://.godot/imported/atlas.png-eac46c16de50cd5628900f428f72e789.ctex[39m[0m
[  57% ] [90m[1msavepack[22m | Storing File: res://assets/sprites/races_v2/minotaur/bases/size_1_tiny/feminine/atlas.png.import[39m[0m
[  57% ] [90m[1msavepack[22m | Storing File: res://.godot/imported/atlas.png-c59e3c48948b112266c4548b2011625e.ctex[39m[0m
[  57% ] [90m[1msavepack[22m | Storing File: res://assets/sprites/races_v2/minotaur/bases/size_1_tiny/masculine/atlas.png.import[39m[0m
[  57% ] [90m[1msavepack[22m | Storing File: res://.godot/imported/atlas.png-98715f3a0c44241c004d0a3e89008882.ctex[39m[0m
[  57% ] [90m[1msavepack[22m | Storing File: res://assets/sprites/races_v2/minotaur/bases/size_2_small/feminine/atlas.png.import[39m[0m
[  57% ] [90m[1msavepack[22m | Storing File: res://.godot/imported/atlas.png-f6685a1078295d34b63902f120db8d7c.ctex[39m[0m
[  57% ] [90m[1msavepack[22m | Storing File: res://assets/sprites/races_v2/minotaur/bases/size_2_small/masculine/atlas.png.import[39m[0m
[  57% ] [90m[1msavepack[22m | Storing File: res://.godot/imported/atlas.png-7a94ddccfc0bce39195ca7ece8312601.ctex[39m[0m
[  57% ] [90m[1msavepack[22m | Storing File: res://assets/sprites/races_v2/minotaur/bases/size_3_medium/feminine/atlas.png.import[39m[0m
[  57% ] [90m[1msavepack[22m | Storing File: res://.godot/imported/atlas.png-fcc2f36d1b4ba4bde7e078da922f2e9f.ctex[39m[0m
[  57% ] [90m[1msavepack[22m | Storing File: res://assets/sprites/races_v2/minotaur/bases/size_3_medium/masculine/atlas.png.import[39m[0m
[  57% ] [90m[1msavepack[22m | Storing File: res://.godot/imported/atlas.png-ca53ba4b73ae283283501ed22bdedac2.ctex[39m[0m
[  57% ] [90m[1msavepack[22m | Storing File: res://assets/sprites/races_v2/minotaur/bases/size_4_large/feminine/atlas.png.import[39m[0m
[  58% ] [90m[1msavepack[22m | Storing File: res://.godot/imported/atlas.png-63cae4e73dd87fc1f6f02f7a26ae77eb.ctex[39m[0m
[  58% ] [90m[1msavepack[22m | Storing File: res://assets/sprites/races_v2/minotaur/bases/size_4_large/masculine/atlas.png.import[39m[0m
[  58% ] [90m[1msavepack[22m | Storing File: res://.godot/imported/atlas.png-10b4b776808af32c9226617f5fb7b05a.ctex[39m[0m
[  58% ] [90m[1msavepack[22m | Storing File: res://assets/sprites/races_v2/minotaur/bases/size_5_huge/feminine/atlas.png.import[39m[0m
[  58% ] [90m[1msavepack[22m | Storing File: res://.godot/imported/atlas.png-4081f6a57be34641ca50747455e07df3.ctex[39m[0m
[  58% ] [90m[1msavepack[22m | Storing File: res://assets/sprites/races_v2/minotaur/bases/size_5_huge/masculine/atlas.png.import[39m[0m
[  58% ] [90m[1msavepack[22m | Storing File: res://.godot/imported/atlas.png-792701d626aa9277efbb27ca37fef98c.ctex[39m[0m
[  58% ] [90m[1msavepack[22m | Storing File: res://assets/sprites/races_v2/minotaur/exemplar/atlas.png.import[39m[0m
[  58% ] [90m[1msavepack[22m | Storing File: res://.godot/imported/debug_atlas.png-866cb1e63073b70cef63c826cb5f7605.ctex[39m[0m
[  58% ] [90m[1msavepack[22m | Storing File: res://assets/sprites/races_v2/minotaur/exemplar/debug_atlas.png.import[39m[0m
[  58% ] [90m[1msavepack[22m | Storing File: res://.godot/imported/direction_preview.png-2b1e1f1cfb469a53f8a3fc2edb77f871.ctex[39m[0m
[  58% ] [90m[1msavepack[22m | Storing File: res://assets/sprites/races_v2/minotaur/exemplar/direction_preview.png.import[39m[0m
[  58% ] [90m[1msavepack[22m | Storing File: res://.godot/imported/hero_portrait_256.png-931e0d02f25c067e764e597bb5d94ba1.ctex[39m[0m
[  58% ] [90m[1msavepack[22m | Storing File: res://assets/sprites/races_v2/minotaur/exemplar/hero_portrait_256.png.import[39m[0m
[  58% ] [90m[1msavepack[22m | Storing File: res://.godot/imported/hud_portrait_64.png-fa3ba81d21c1492af41fd63ffae3ffb4.ctex[39m[0m
[  58% ] [90m[1msavepack[22m | Storing File: res://assets/sprites/races_v2/minotaur/exemplar/hud_portrait_64.png.import[39m[0m
[  58% ] [90m[1msavepack[22m | Storing File: res://.godot/imported/keyframe_board.png-9a40b70607ce3aa3ed83f383ccbf379c.ctex[39m[0m
[  58% ] [90m[1msavepack[22m | Storing File: res://assets/sprites/races_v2/minotaur/exemplar/keyframe_board.png.import[39m[0m
[  58% ] [90m[1msavepack[22m | Storing File: res://.godot/imported/roster_portrait_128.png-f449b256253d3555e6695e2107fb5a75.ctex[39m[0m
[  58% ] [90m[1msavepack[22m | Storing File: res://assets/sprites/races_v2/minotaur/exemplar/roster_portrait_128.png.import[39m[0m
[  58% ] [90m[1msavepack[22m | Storing File: res://.godot/imported/selection_icon_48.png-559b3007726b5f1bd5f3da5e0f6fb1ef.ctex[39m[0m
[  58% ] [90m[1msavepack[22m | Storing File: res://assets/sprites/races_v2/minotaur/exemplar/selection_icon_48.png.import[39m[0m
[  58% ] [90m[1msavepack[22m | Storing File: res://.godot/imported/minotaur_size_gender_matrix.png-4c70e5fcfc3108f3c0496f3622912228.ctex[39m[0m
[  58% ] [90m[1msavepack[22m | Storing File: res://assets/sprites/races_v2/minotaur/minotaur_size_gender_matrix.png.import[39m[0m
[  58% ] [90m[1msavepack[22m | Storing File: res://.godot/imported/atlas.png-c07d224711ce3b41df182d851536ac00.ctex[39m[0m
[  58% ] [90m[1msavepack[22m | Storing File: res://assets/sprites/races_v2/nymph/bases/size_1_tiny/feminine/atlas.png.import[39m[0m
[  59% ] [90m[1msavepack[22m | Storing File: res://.godot/imported/atlas.png-78dd699dea3e2d00073ef883853a4ad4.ctex[39m[0m
[  59% ] [90m[1msavepack[22m | Storing File: res://assets/sprites/races_v2/nymph/bases/size_1_tiny/masculine/atlas.png.import[39m[0m
[  59% ] [90m[1msavepack[22m | Storing File: res://.godot/imported/atlas.png-7bd246ce5464dcd9391706399b49d5f5.ctex[39m[0m
[  59% ] [90m[1msavepack[22m | Storing File: res://assets/sprites/races_v2/nymph/bases/size_2_small/feminine/atlas.png.import[39m[0m
[  59% ] [90m[1msavepack[22m | Storing File: res://.godot/imported/atlas.png-bfe460e2906b3cc2fc096168bdfc7eb8.ctex[39m[0m
[  59% ] [90m[1msavepack[22m | Storing File: res://assets/sprites/races_v2/nymph/bases/size_2_small/masculine/atlas.png.import[39m[0m
[  59% ] [90m[1msavepack[22m | Storing File: res://.godot/imported/atlas.png-b7cbc8004aa318f6133cd5e19d5b625a.ctex[39m[0m
[  59% ] [90m[1msavepack[22m | Storing File: res://assets/sprites/races_v2/nymph/bases/size_3_medium/feminine/atlas.png.import[39m[0m
[  59% ] [90m[1msavepack[22m | Storing File: res://.godot/imported/atlas.png-e2510cb6b58f6895f83fd5d8418120d4.ctex[39m[0m
[  59% ] [90m[1msavepack[22m | Storing File: res://assets/sprites/races_v2/nymph/bases/size_3_medium/masculine/atlas.png.import[39m[0m
[  59% ] [90m[1msavepack[22m | Storing File: res://.godot/imported/atlas.png-7bbd6bf5034b4e5563ca70567dc5440f.ctex[39m[0m
[  59% ] [90m[1msavepack[22m | Storing File: res://assets/sprites/races_v2/nymph/bases/size_4_large/feminine/atlas.png.import[39m[0m
[  59% ] [90m[1msavepack[22m | Storing File: res://.godot/imported/atlas.png-cd88fde6dfbc2cccb26c40fea7c549d4.ctex[39m[0m
[  59% ] [90m[1msavepack[22m | Storing File: res://assets/sprites/races_v2/nymph/bases/size_4_large/masculine/atlas.png.import[39m[0m
[  59% ] [90m[1msavepack[22m | Storing File: res://.godot/imported/atlas.png-23b910a5cf5218be9f6a02edcd380084.ctex[39m[0m
[  59% ] [90m[1msavepack[22m | Storing File: res://assets/sprites/races_v2/nymph/bases/size_5_huge/feminine/atlas.png.import[39m[0m
[  59% ] [90m[1msavepack[22m | Storing File: res://.godot/imported/atlas.png-92cf6b329670c8bb7f984256f27e2e5d.ctex[39m[0m
[  59% ] [90m[1msavepack[22m | Storing File: res://assets/sprites/races_v2/nymph/bases/size_5_huge/masculine/atlas.png.import[39m[0m
[  59% ] [90m[1msavepack[22m | Storing File: res://.godot/imported/atlas.png-419c5e34b6b1b34624670dcf1b2580f6.ctex[39m[0m
[  59% ] [90m[1msavepack[22m | Storing File: res://assets/sprites/races_v2/nymph/exemplar/atlas.png.import[39m[0m
[  59% ] [90m[1msavepack[22m | Storing File: res://.godot/imported/debug_atlas.png-34870e73883abae74cb90f65875fe1e4.ctex[39m[0m
[  59% ] [90m[1msavepack[22m | Storing File: res://assets/sprites/races_v2/nymph/exemplar/debug_atlas.png.import[39m[0m
[  59% ] [90m[1msavepack[22m | Storing File: res://.godot/imported/direction_preview.png-7ae99ddbc1dbb5712fe19b67191f9a8e.ctex[39m[0m
[  59% ] [90m[1msavepack[22m | Storing File: res://assets/sprites/races_v2/nymph/exemplar/direction_preview.png.import[39m[0m
[  59% ] [90m[1msavepack[22m | Storing File: res://.godot/imported/hero_portrait_256.png-7c1e0c7d4e41c15e9a85b6c3e5cd998a.ctex[39m[0m
[  59% ] [90m[1msavepack[22m | Storing File: res://assets/sprites/races_v2/nymph/exemplar/hero_portrait_256.png.import[39m[0m
[  59% ] [90m[1msavepack[22m | Storing File: res://.godot/imported/hud_portrait_64.png-e503625bc66fb7fd90a698f3969f4772.ctex[39m[0m
[  59% ] [90m[1msavepack[22m | Storing File: res://assets/sprites/races_v2/nymph/exemplar/hud_portrait_64.png.import[39m[0m
[  60% ] [90m[1msavepack[22m | Storing File: res://.godot/imported/keyframe_board.png-a2a97190ad958f87474aab11ca4c140a.ctex[39m[0m
[  60% ] [90m[1msavepack[22m | Storing File: res://assets/sprites/races_v2/nymph/exemplar/keyframe_board.png.import[39m[0m
[  60% ] [90m[1msavepack[22m | Storing File: res://.godot/imported/roster_portrait_128.png-598ed68099796c3453888d5c8de53e3c.ctex[39m[0m
[  60% ] [90m[1msavepack[22m | Storing File: res://assets/sprites/races_v2/nymph/exemplar/roster_portrait_128.png.import[39m[0m
[  60% ] [90m[1msavepack[22m | Storing File: res://.godot/imported/selection_icon_48.png-e9675e40901a90124a70692a083463fc.ctex[39m[0m
[  60% ] [90m[1msavepack[22m | Storing File: res://assets/sprites/races_v2/nymph/exemplar/selection_icon_48.png.import[39m[0m
[  60% ] [90m[1msavepack[22m | Storing File: res://.godot/imported/nymph_size_gender_matrix.png-b72038644736a93085f2355e4043f5f5.ctex[39m[0m
[  60% ] [90m[1msavepack[22m | Storing File: res://assets/sprites/races_v2/nymph/nymph_size_gender_matrix.png.import[39m[0m
[  60% ] [90m[1msavepack[22m | Storing File: res://.godot/imported/atlas.png-3b38afd0a88f162eccd6ecd05b9dee96.ctex[39m[0m
[  60% ] [90m[1msavepack[22m | Storing File: res://assets/sprites/races_v2/orc/bases/size_1_tiny/feminine/atlas.png.import[39m[0m
[  60% ] [90m[1msavepack[22m | Storing File: res://.godot/imported/atlas.png-678759cb06ed7c135fbf3219c4acda2c.ctex[39m[0m
[  60% ] [90m[1msavepack[22m | Storing File: res://assets/sprites/races_v2/orc/bases/size_1_tiny/masculine/atlas.png.import[39m[0m
[  60% ] [90m[1msavepack[22m | Storing File: res://.godot/imported/atlas.png-483bf540637fc9213bc2fbb9bcfc62ef.ctex[39m[0m
[  60% ] [90m[1msavepack[22m | Storing File: res://assets/sprites/races_v2/orc/bases/size_2_small/feminine/atlas.png.import[39m[0m
[  60% ] [90m[1msavepack[22m | Storing File: res://.godot/imported/atlas.png-cc58474dec3de4b1a82373bc6001882b.ctex[39m[0m
[  60% ] [90m[1msavepack[22m | Storing File: res://assets/sprites/races_v2/orc/bases/size_2_small/masculine/atlas.png.import[39m[0m
[  60% ] [90m[1msavepack[22m | Storing File: res://.godot/imported/atlas.png-7ce04b41df958a28369264a3378b0f07.ctex[39m[0m
[  60% ] [90m[1msavepack[22m | Storing File: res://assets/sprites/races_v2/orc/bases/size_3_medium/feminine/atlas.png.import[39m[0m
[  60% ] [90m[1msavepack[22m | Storing File: res://.godot/imported/atlas.png-4473d7eceea164c4d3f586eeae5ed024.ctex[39m[0m
[  60% ] [90m[1msavepack[22m | Storing File: res://assets/sprites/races_v2/orc/bases/size_3_medium/masculine/atlas.png.import[39m[0m
[  60% ] [90m[1msavepack[22m | Storing File: res://.godot/imported/atlas.png-25dfa59ca2b303c6e2917db35dbb44ac.ctex[39m[0m
[  60% ] [90m[1msavepack[22m | Storing File: res://assets/sprites/races_v2/orc/bases/size_4_large/feminine/atlas.png.import[39m[0m
[  60% ] [90m[1msavepack[22m | Storing File: res://.godot/imported/atlas.png-ede81cbbfc7a5bdfb54acce9ab7a94f8.ctex[39m[0m
[  60% ] [90m[1msavepack[22m | Storing File: res://assets/sprites/races_v2/orc/bases/size_4_large/masculine/atlas.png.import[39m[0m
[  60% ] [90m[1msavepack[22m | Storing File: res://.godot/imported/atlas.png-0307aa70275410f9b24661bb37a4dc6b.ctex[39m[0m
[  60% ] [90m[1msavepack[22m | Storing File: res://assets/sprites/races_v2/orc/bases/size_5_huge/feminine/atlas.png.import[39m[0m
[  61% ] [90m[1msavepack[22m | Storing File: res://.godot/imported/atlas.png-2f489c7188f5dfd573eeca5ce9334d1c.ctex[39m[0m
[  61% ] [90m[1msavepack[22m | Storing File: res://assets/sprites/races_v2/orc/bases/size_5_huge/masculine/atlas.png.import[39m[0m
[  61% ] [90m[1msavepack[22m | Storing File: res://.godot/imported/atlas.png-e9969b561cf9c75a23cee20814520a04.ctex[39m[0m
[  61% ] [90m[1msavepack[22m | Storing File: res://assets/sprites/races_v2/orc/exemplar/atlas.png.import[39m[0m
[  61% ] [90m[1msavepack[22m | Storing File: res://.godot/imported/debug_atlas.png-d37928667f867c89606cacf3b2efb2cd.ctex[39m[0m
[  61% ] [90m[1msavepack[22m | Storing File: res://assets/sprites/races_v2/orc/exemplar/debug_atlas.png.import[39m[0m
[  61% ] [90m[1msavepack[22m | Storing File: res://.godot/imported/direction_preview.png-520fee70ba780b2af5f3f60bed75b951.ctex[39m[0m
[  61% ] [90m[1msavepack[22m | Storing File: res://assets/sprites/races_v2/orc/exemplar/direction_preview.png.import[39m[0m
[  61% ] [90m[1msavepack[22m | Storing File: res://.godot/imported/hero_portrait_256.png-aebdc0244ed5911a9abe16bc72504bfd.ctex[39m[0m
[  61% ] [90m[1msavepack[22m | Storing File: res://assets/sprites/races_v2/orc/exemplar/hero_portrait_256.png.import[39m[0m
[  61% ] [90m[1msavepack[22m | Storing File: res://.godot/imported/hud_portrait_64.png-a506cd0ac3fce5fe9d3d950c584c9214.ctex[39m[0m
[  61% ] [90m[1msavepack[22m | Storing File: res://assets/sprites/races_v2/orc/exemplar/hud_portrait_64.png.import[39m[0m
[  61% ] [90m[1msavepack[22m | Storing File: res://.godot/imported/keyframe_board.png-96bdb5d8f2f59a2829d0c639ed4b8aa6.ctex[39m[0m
[  61% ] [90m[1msavepack[22m | Storing File: res://assets/sprites/races_v2/orc/exemplar/keyframe_board.png.import[39m[0m
[  61% ] [90m[1msavepack[22m | Storing File: res://content/visual/wellspring_wayfinding_v1.json[39m[0m
[  61% ] [90m[1msavepack[22m | Storing File: res://content/visual/wellspring_visual_hashes_v2.json[39m[0m
[  61% ] [90m[1msavepack[22m | Storing File: res://content/visual/wellspring_visual_catalog_v2.json[39m[0m
[  61% ] [90m[1msavepack[22m | Storing File: res://content/visual/wellspring_interaction_language_v1.json[39m[0m
[  61% ] [90m[1msavepack[22m | Storing File: res://content/visual/wellspring_illustrated_v1.json[39m[0m
[  61% ] [90m[1msavepack[22m | Storing File: res://content/visual/wellspring_architecture_kit_v1.json[39m[0m
[  62% ] [90m[1msavepack[22m | Storing File: res://content/visual/visual_language_v1.json[39m[0m
[  62% ] [90m[1msavepack[22m | Storing File: res://content/visual/visual_iteration_manifest_v3.json[39m[0m
[  62% ] [90m[1msavepack[22m | Storing File: res://content/visual/visual_asset_registry_v1.json[39m[0m
[  62% ] [90m[1msavepack[22m | Storing File: res://content/visual/visual_asset_hashes_v1.json[39m[0m
[  62% ] [90m[1msavepack[22m | Storing File: res://content/visual/spell_delivery_direction_v1.json[39m[0m
[  62% ] [90m[1msavepack[22m | Storing File: res://content/visual/spell_animation_skeletons_v1.json[39m[0m
[  62% ] [90m[1msavepack[22m | Storing File: res://content/visual/reference_style_front_catalog_v3.json[39m[0m
[  62% ] [90m[1msavepack[22m | Storing File: res://content/visual/natural_map_kit_v1.json[39m[0m
[  62% ] [90m[1msavepack[22m | Storing File: res://content/visual/minimal_champion_motion_v1.json[39m[0m
[  62% ] [90m[1msavepack[22m | Storing File: res://content/visual/foundation_spell_visuals_v1.json[39m[0m
[  62% ] [90m[1msavepack[22m | Storing File: res://content/visual/foundation_champion_visuals_v1.json[39m[0m
[  62% ] [90m[1msavepack[22m | Storing File: res://content/visual/complete_visual_hashes_v1.json[39m[0m
[  62% ] [90m[1msavepack[22m | Storing File: res://content/visual/complete_visual_catalog_v1.json[39m[0m
[  62% ] [90m[1msavepack[22m | Storing File: res://content/visual/compact_hud_v1.json[39m[0m
[  63% ] [90m[1msavepack[22m | Storing File: res://content/visual/champion_page_overrides_v1.json[39m[0m
[  63% ] [90m[1msavepack[22m | Storing File: res://content/visual/burst_projectile_runtime_v3.json[39m[0m
[  63% ] [90m[1msavepack[22m | Storing File: res://content/visual/accessibility_profiles_v1.json[39m[0m
[  63% ] [90m[1msavepack[22m | Storing File: res://content/reactions/first_eight_element_reactions_v1.json[39m[0m
[  63% ] [90m[1msavepack[22m | Storing File: res://content/materials/foundation_materials_v1.json[39m[0m
[  63% ] [90m[1msavepack[22m | Storing File: res://content/maps/wellspring_hub_v2.json[39m[0m
[  63% ] [90m[1msavepack[22m | Storing File: res://content/maps/sanctum_to_wellspring_alias_v2.json[39m[0m
[  63% ] [90m[1msavepack[22m | Storing File: res://content/maps/sanctum_material_yard_v1.json[39m[0m
[  63% ] [90m[1msavepack[22m | Storing File: res://content/maps/sanctum_hub_v1.json[39m[0m
[  63% ] [90m[1msavepack[22m | Storing File: res://content/maps/sanctum_campus_g2_v1.json[39m[0m
[  63% ] [90m[1msavepack[22m | Storing File: res://content/maps/nexus_to_conservatory_visual_v1.json[39m[0m
[  63% ] [90m[1msavepack[22m | Storing File: res://content/maps/wellspring/districts/starward_crown_v2.json[39m[0m
[  63% ] [90m[1msavepack[22m | Storing File: res://content/maps/wellspring/districts/source_court_v2.json[39m[0m
[  64% ] [90m[1msavepack[22m | Storing File: res://content/maps/wellspring/districts/seasonal_reaches_v2.json[39m[0m
[  64% ] [90m[1msavepack[22m | Storing File: res://content/maps/wellspring/districts/restoration_grove_v2.json[39m[0m
[  64% ] [90m[1msavepack[22m | Storing File: res://content/maps/wellspring/districts/movement_gardens_v2.json[39m[0m
[  64% ] [90m[1msavepack[22m | Storing File: res://content/maps/wellspring/districts/living_archive_v2.json[39m[0m
[  64% ] [90m[1msavepack[22m | Storing File: res://content/maps/wellspring/districts/farflow_concourse_v2.json[39m[0m
[  64% ] [90m[1msavepack[22m | Storing File: res://content/maps/wellspring/districts/elemental_proving_grounds_v2.json[39m[0m
[  64% ] [90m[1msavepack[22m | Storing File: res://content/maps/wellspring/districts/deep_foundry_v2.json[39m[0m
[  64% ] [90m[1msavepack[22m | Storing File: res://content/maps/districts/wayfarer_concourse_visual_v1.json[39m[0m
[  64% ] [90m[1msavepack[22m | Storing File: res://content/maps/districts/verdant_recovery_visual_v1.json[39m[0m
[  64% ] [90m[1msavepack[22m | Storing File: res://content/maps/districts/seasonal_expanse_visual_v1.json[39m[0m
[  64% ] [90m[1msavepack[22m | Storing File: res://content/maps/districts/nexus_court_visual_v1.json[39m[0m
[  64% ] [90m[1msavepack[22m | Storing File: res://content/maps/districts/movement_conservatory_visual_v1.json[39m[0m
[  64% ] [90m[1msavepack[22m | Storing File: res://content/maps/districts/living_archive_visual_v1.json[39m[0m
[  64% ] [90m[1msavepack[22m | Storing File: res://content/maps/districts/foundry_deep_visual_v1.json[39m[0m
[  65% ] [90m[1msavepack[22m | Storing File: res://content/maps/districts/crown_observatory_visual_v1.json[39m[0m
[  65% ] [90m[1msavepack[22m | Storing File: res://content/maps/districts/alchemical_proving_grounds_visual_v1.json[39m[0m
[  65% ] [90m[1msavepack[22m | Storing File: res://content/loadouts/foundation_practitioner_v1.json[39m[0m
[  65% ] [90m[1msavepack[22m | Storing File: res://content/gameplay/action_transition_matrix_v1.json[39m[0m
[  65% ] [90m[1msavepack[22m | Storing File: res://.godot/imported/roster_portrait_128.png-e049717fb250b34ab9e77df927d3d70f.ctex[39m[0m
[  65% ] [90m[1msavepack[22m | Storing File: res://assets/sprites/races_v2/orc/exemplar/roster_portrait_128.png.import[39m[0m
[  65% ] [90m[1msavepack[22m | Storing File: res://content/champions/foundation_champions_v1.json[39m[0m
[  65% ] [90m[1msavepack[22m | Storing File: res://content/champions/champion_roster_plan_v1.json[39m[0m
[  65% ] [90m[1msavepack[22m | Storing File: res://content/champions/champion_identity_migrations_v1.json[39m[0m
[  65% ] [90m[1msavepack[22m | Storing File: res://content/champions/champion_affinities_first_eight_v1.json[39m[0m
[  65% ] [90m[1msavepack[22m | Storing File: res://content/champions/body_type_profiles_v1.json[39m[0m
[  65% ] [90m[1msavepack[22m | Storing File: res://content/assets/wellspring_environment_source_v2.json[39m[0m
[  65% ] [90m[1msavepack[22m | Storing File: res://content/assets/wellspring_environment_runtime_v2.json[39m[0m
[  65% ] [90m[1msavepack[22m | Storing File: res://content/assets/sanctum_runtime_kit_v1.json[39m[0m
[  66% ] [90m[1msavepack[22m | Storing File: res://content/assets/sanctum_modular_kit_candidate_v2.json[39m[0m
[  66% ] [90m[1msavepack[22m | Storing File: res://content/animations/skeleton_animation_manifest_v1.json[39m[0m
[  66% ] [90m[1msavepack[22m | Storing File: res://content/abilities/foundation_abilities_v1.json[39m[0m
[  66% ] [90m[1msavepack[22m | Storing File: res://.godot/imported/sanctum_ui_skin_v1.png-84417986896e5fb26497b7a278243f3d.ctex[39m[0m
[  66% ] [90m[1msavepack[22m | Storing File: res://assets/ui/sanctum_ui_skin_v1.png.import[39m[0m
[  66% ] [90m[1msavepack[22m | Storing File: res://.godot/imported/wellspring_ui_skin_v2.png-d6cd61b31f90771f6d0e7f33e462bfed.ctex[39m[0m
[  66% ] [90m[1msavepack[22m | Storing File: res://assets/ui/wellspring_v2/wellspring_ui_skin_v2.png.import[39m[0m
[  66% ] [90m[1msavepack[22m | Storing File: res://.godot/imported/ui_surface_overview_v2.png-b9931fb6bd2cab6ce295fff97c4634f0.ctex[39m[0m
[  66% ] [90m[1msavepack[22m | Storing File: res://assets/ui/wellspring_v2/ui_surface_overview_v2.png.import[39m[0m
[  66% ] [90m[1msavepack[22m | Storing File: res://.godot/imported/wellspring_tiles_v2.png-896dcfe95871ca713c23530f2aca4400.ctex[39m[0m
[  66% ] [90m[1msavepack[22m | Storing File: res://assets/tiles/wellspring/wellspring_tiles_v2.png.import[39m[0m
[  66% ] [90m[1msavepack[22m | Storing File: res://assets/tiles/wellspring/wellspring_tiles_v2.json[39m[0m
[  66% ] [90m[1msavepack[22m | Storing File: res://.godot/imported/sanctum_tiles_v1.png-fc8e0661e8ad1c877d2b5c30bb51925f.ctex[39m[0m
[  66% ] [90m[1msavepack[22m | Storing File: res://assets/tiles/sanctum/sanctum_tiles_v1.png.import[39m[0m
[  66% ] [90m[1msavepack[22m | Storing File: res://.godot/imported/material_states_v2.png-2ea8d791b347b1a720ba0a5c4e499208.ctex[39m[0m
[  66% ] [90m[1msavepack[22m | Storing File: res://assets/tiles/materials_v2/material_states_v2.png.import[39m[0m
[  66% ] [90m[1msavepack[22m | Storing File: res://.godot/imported/foundation_material_tiles_v1.png-6d60949adcc27f631a32900e7952deb4.ctex[39m[0m
[  66% ] [90m[1msavepack[22m | Storing File: res://assets/tiles/materials/foundation_material_tiles_v1.png.import[39m[0m
[  66% ] [90m[1msavepack[22m | Storing File: res://.godot/imported/skeleton_overlay_validation.png-94b06ea455410509e7db97375c6e483c.ctex[39m[0m
[  66% ] [90m[1msavepack[22m | Storing File: res://assets/sprites/skeletons/skeleton_overlay_validation.png.import[39m[0m
[  66% ] [90m[1msavepack[22m | Storing File: res://.godot/imported/skeleton_overlay_debug_atlas.png-a79bf98edfa06f1ef73284ce085b9e43.ctex[39m[0m
[  66% ] [90m[1msavepack[22m | Storing File: res://assets/sprites/skeletons/size_5_huge/skeleton_overlay_debug_atlas.png.import[39m[0m
[  66% ] [90m[1msavepack[22m | Storing File: res://.godot/imported/skeleton_atlas.png-4d592c2e253dc05b50a313b38c98fdd7.ctex[39m[0m
[  66% ] [90m[1msavepack[22m | Storing File: res://assets/sprites/skeletons/size_5_huge/skeleton_atlas.png.import[39m[0m
[  66% ] [90m[1msavepack[22m | Storing File: res://.godot/imported/skeleton_overlay_debug_atlas.png-ff5caf13b864f5c75bdb736459397ffa.ctex[39m[0m
[  66% ] [90m[1msavepack[22m | Storing File: res://assets/sprites/skeletons/size_4_large/skeleton_overlay_debug_atlas.png.import[39m[0m
[  66% ] [90m[1msavepack[22m | Storing File: res://.godot/imported/skeleton_atlas.png-e2d98b4e1817e270ceaf81c1014deca6.ctex[39m[0m
[  66% ] [90m[1msavepack[22m | Storing File: res://assets/sprites/skeletons/size_4_large/skeleton_atlas.png.import[39m[0m
[  66% ] [90m[1msavepack[22m | Storing File: res://.godot/imported/skeleton_overlay_debug_atlas.png-e009a99c3f0d36d831fc94c64d794ef6.ctex[39m[0m
[  66% ] [90m[1msavepack[22m | Storing File: res://assets/sprites/skeletons/size_3_medium/skeleton_overlay_debug_atlas.png.import[39m[0m
[  66% ] [90m[1msavepack[22m | Storing File: res://.godot/imported/skeleton_atlas.png-d193f2f3b22f2e5141014b5b62046bc5.ctex[39m[0m
[  66% ] [90m[1msavepack[22m | Storing File: res://assets/sprites/skeletons/size_3_medium/skeleton_atlas.png.import[39m[0m
[  66% ] [90m[1msavepack[22m | Storing File: res://.godot/imported/skeleton_overlay_debug_atlas.png-9a0db4a36a9bf683b7fd0b24da395dd0.ctex[39m[0m
[  66% ] [90m[1msavepack[22m | Storing File: res://assets/sprites/skeletons/size_2_small/skeleton_overlay_debug_atlas.png.import[39m[0m
[  66% ] [90m[1msavepack[22m | Storing File: res://.godot/imported/skeleton_atlas.png-8bed9adb2548bbcd19950173827a941c.ctex[39m[0m
[  66% ] [90m[1msavepack[22m | Storing File: res://assets/sprites/skeletons/size_2_small/skeleton_atlas.png.import[39m[0m
[  66% ] [90m[1msavepack[22m | Storing File: res://.godot/imported/skeleton_overlay_debug_atlas.png-f453439b2ee49e5fb26ee0cdd2080f6e.ctex[39m[0m
[  66% ] [90m[1msavepack[22m | Storing File: res://assets/sprites/skeletons/size_1_tiny/skeleton_overlay_debug_atlas.png.import[39m[0m
[  66% ] [90m[1msavepack[22m | Storing File: res://.godot/imported/skeleton_atlas.png-1d9e47011fa79b1969b0a8c5bd90ac95.ctex[39m[0m
[  66% ] [90m[1msavepack[22m | Storing File: res://assets/sprites/skeletons/size_1_tiny/skeleton_atlas.png.import[39m[0m
[  66% ] [90m[1msavepack[22m | Storing File: res://.godot/imported/wyrmborn_size_gender_matrix.png-48e01365e458d06955a9a49e7398e075.ctex[39m[0m
[  66% ] [90m[1msavepack[22m | Storing File: res://assets/sprites/races_v2/wyrmborn/wyrmborn_size_gender_matrix.png.import[39m[0m
[  66% ] [90m[1msavepack[22m | Storing File: res://.godot/imported/selection_icon_48.png-2ab09a9427d01c20599d77fe6226b83b.ctex[39m[0m
[  66% ] [90m[1msavepack[22m | Storing File: res://assets/sprites/races_v2/wyrmborn/exemplar/selection_icon_48.png.import[39m[0m
[  66% ] [90m[1msavepack[22m | Storing File: res://.godot/imported/roster_portrait_128.png-78e7183cf09c02de195526779c346403.ctex[39m[0m
[  66% ] [90m[1msavepack[22m | Storing File: res://assets/sprites/races_v2/wyrmborn/exemplar/roster_portrait_128.png.import[39m[0m
[  66% ] [90m[1msavepack[22m | Storing File: res://.godot/imported/keyframe_board.png-7e67c7f84b13776977dea7b6c4c1c0fc.ctex[39m[0m
[  66% ] [90m[1msavepack[22m | Storing File: res://assets/sprites/races_v2/wyrmborn/exemplar/keyframe_board.png.import[39m[0m
[  66% ] [90m[1msavepack[22m | Storing File: res://.godot/imported/hud_portrait_64.png-dd1bbc28777f5246b3a28d470f825118.ctex[39m[0m
[  66% ] [90m[1msavepack[22m | Storing File: res://assets/sprites/races_v2/wyrmborn/exemplar/hud_portrait_64.png.import[39m[0m
[  67% ] [90m[1msavepack[22m | Storing File: res://.godot/imported/hero_portrait_256.png-b4a14dfae02f4b4f8bd1a4f816cf3cd7.ctex[39m[0m
[  67% ] [90m[1msavepack[22m | Storing File: res://assets/sprites/races_v2/wyrmborn/exemplar/hero_portrait_256.png.import[39m[0m
[  67% ] [90m[1msavepack[22m | Storing File: res://.godot/imported/direction_preview.png-78517bd5e3723e99ee4fc6e346ae61be.ctex[39m[0m
[  67% ] [90m[1msavepack[22m | Storing File: res://assets/sprites/races_v2/wyrmborn/exemplar/direction_preview.png.import[39m[0m
[  67% ] [90m[1msavepack[22m | Storing File: res://.godot/imported/debug_atlas.png-3fa409a9102142450aaa1aff1b195874.ctex[39m[0m
[  67% ] [90m[1msavepack[22m | Storing File: res://assets/sprites/races_v2/wyrmborn/exemplar/debug_atlas.png.import[39m[0m
[  67% ] [90m[1msavepack[22m | Storing File: res://.godot/imported/atlas.png-d0b3907625b859ff8e4a1045604f46ba.ctex[39m[0m
[  67% ] [90m[1msavepack[22m | Storing File: res://assets/sprites/races_v2/wyrmborn/exemplar/atlas.png.import[39m[0m
[  67% ] [90m[1msavepack[22m | Storing File: res://.godot/imported/atlas.png-605e54dd24e9e076693b1e293887b1c6.ctex[39m[0m
[  67% ] [90m[1msavepack[22m | Storing File: res://assets/sprites/races_v2/wyrmborn/bases/size_5_huge/masculine/atlas.png.import[39m[0m
[  67% ] [90m[1msavepack[22m | Storing File: res://.godot/imported/atlas.png-101915f6b5134bbb58207148a34e58a3.ctex[39m[0m
[  67% ] [90m[1msavepack[22m | Storing File: res://assets/sprites/races_v2/wyrmborn/bases/size_5_huge/feminine/atlas.png.import[39m[0m
[  67% ] [90m[1msavepack[22m | Storing File: res://.godot/imported/atlas.png-9e7910217f56573b9bd4144c1520f77b.ctex[39m[0m
[  67% ] [90m[1msavepack[22m | Storing File: res://assets/sprites/races_v2/wyrmborn/bases/size_4_large/masculine/atlas.png.import[39m[0m
[  67% ] [90m[1msavepack[22m | Storing File: res://.godot/imported/atlas.png-7a67d94fb48e78976946f683d530f993.ctex[39m[0m
[  67% ] [90m[1msavepack[22m | Storing File: res://assets/sprites/races_v2/wyrmborn/bases/size_4_large/feminine/atlas.png.import[39m[0m
[  67% ] [90m[1msavepack[22m | Storing File: res://.godot/imported/atlas.png-b2ba6442b94c0a57a82d5b824881c7cd.ctex[39m[0m
[  67% ] [90m[1msavepack[22m | Storing File: res://assets/sprites/races_v2/wyrmborn/bases/size_3_medium/masculine/atlas.png.import[39m[0m
[  67% ] [90m[1msavepack[22m | Storing File: res://.godot/imported/atlas.png-83b331cbe4e8d18738f34dcbd0dbbc1b.ctex[39m[0m
[  67% ] [90m[1msavepack[22m | Storing File: res://assets/sprites/races_v2/wyrmborn/bases/size_3_medium/feminine/atlas.png.import[39m[0m
[  67% ] [90m[1msavepack[22m | Storing File: res://.godot/imported/atlas.png-081a76672341da278174168f97e3fc74.ctex[39m[0m
[  67% ] [90m[1msavepack[22m | Storing File: res://assets/sprites/races_v2/wyrmborn/bases/size_2_small/masculine/atlas.png.import[39m[0m
[  67% ] [90m[1msavepack[22m | Storing File: res://.godot/imported/atlas.png-27050c5bbcbeab9a8aa7f6fded9a6540.ctex[39m[0m
[  67% ] [90m[1msavepack[22m | Storing File: res://assets/sprites/races_v2/wyrmborn/bases/size_2_small/feminine/atlas.png.import[39m[0m
[  67% ] [90m[1msavepack[22m | Storing File: res://.godot/imported/atlas.png-d75464b7ea135292e12168e2bb955d99.ctex[39m[0m
[  67% ] [90m[1msavepack[22m | Storing File: res://assets/sprites/races_v2/wyrmborn/bases/size_1_tiny/masculine/atlas.png.import[39m[0m
[  68% ] [90m[1msavepack[22m | Storing File: res://.godot/imported/atlas.png-99d3b6c74300614508b39f2d42f5a6a5.ctex[39m[0m
[  68% ] [90m[1msavepack[22m | Storing File: res://assets/sprites/races_v2/wyrmborn/bases/size_1_tiny/feminine/atlas.png.import[39m[0m
[  68% ] [90m[1msavepack[22m | Storing File: res://.godot/imported/werewolf_size_gender_matrix.png-cc072bb260dd0442e72395ba7611e0b8.ctex[39m[0m
[  68% ] [90m[1msavepack[22m | Storing File: res://assets/sprites/races_v2/werewolf/werewolf_size_gender_matrix.png.import[39m[0m
[  68% ] [90m[1msavepack[22m | Storing File: res://.godot/imported/selection_icon_48.png-3c787fb74fd8549a1e6ec0ae3cd55533.ctex[39m[0m
[  68% ] [90m[1msavepack[22m | Storing File: res://assets/sprites/races_v2/werewolf/exemplar/selection_icon_48.png.import[39m[0m
[  68% ] [90m[1msavepack[22m | Storing File: res://.godot/imported/roster_portrait_128.png-d09c40a7b622755b103c073dd0442ea9.ctex[39m[0m
[  68% ] [90m[1msavepack[22m | Storing File: res://assets/sprites/races_v2/werewolf/exemplar/roster_portrait_128.png.import[39m[0m
[  68% ] [90m[1msavepack[22m | Storing File: res://.godot/imported/keyframe_board.png-8347300cfa31c09ffbba3861b2987870.ctex[39m[0m
[  68% ] [90m[1msavepack[22m | Storing File: res://assets/sprites/races_v2/werewolf/exemplar/keyframe_board.png.import[39m[0m
[  68% ] [90m[1msavepack[22m | Storing File: res://.godot/imported/hud_portrait_64.png-9c089b69f92b238064eeac4e9ac564ae.ctex[39m[0m
[  68% ] [90m[1msavepack[22m | Storing File: res://assets/sprites/races_v2/werewolf/exemplar/hud_portrait_64.png.import[39m[0m
[  68% ] [90m[1msavepack[22m | Storing File: res://.godot/imported/hero_portrait_256.png-447f5d992ba8550af73312f140824527.ctex[39m[0m
[  68% ] [90m[1msavepack[22m | Storing File: res://assets/sprites/races_v2/werewolf/exemplar/hero_portrait_256.png.import[39m[0m
[  68% ] [90m[1msavepack[22m | Storing File: res://.godot/imported/direction_preview.png-ed3ee2e79d00336abd504fe4a07b2375.ctex[39m[0m
[  68% ] [90m[1msavepack[22m | Storing File: res://assets/sprites/races_v2/werewolf/exemplar/direction_preview.png.import[39m[0m
[  68% ] [90m[1msavepack[22m | Storing File: res://.godot/imported/debug_atlas.png-86ad24e7584b10ff47cbf40157f901f6.ctex[39m[0m
[  68% ] [90m[1msavepack[22m | Storing File: res://assets/sprites/races_v2/werewolf/exemplar/debug_atlas.png.import[39m[0m
[  68% ] [90m[1msavepack[22m | Storing File: res://.godot/imported/atlas.png-aa63116719f52e62a54e6c8260ca35f1.ctex[39m[0m
[  68% ] [90m[1msavepack[22m | Storing File: res://assets/sprites/races_v2/werewolf/exemplar/atlas.png.import[39m[0m
[  68% ] [90m[1msavepack[22m | Storing File: res://.godot/imported/atlas.png-610dd2c6f3a2083f49c506e6528d1837.ctex[39m[0m
[  68% ] [90m[1msavepack[22m | Storing File: res://assets/sprites/races_v2/werewolf/bases/size_5_huge/masculine/atlas.png.import[39m[0m
[  68% ] [90m[1msavepack[22m | Storing File: res://.godot/imported/atlas.png-f4576820956cde821945ea155f1dd97b.ctex[39m[0m
[  68% ] [90m[1msavepack[22m | Storing File: res://assets/sprites/races_v2/werewolf/bases/size_5_huge/feminine/atlas.png.import[39m[0m
[  68% ] [90m[1msavepack[22m | Storing File: res://.godot/imported/atlas.png-90141afb28abaea4459130d6b402e7c8.ctex[39m[0m
[  68% ] [90m[1msavepack[22m | Storing File: res://assets/sprites/races_v2/werewolf/bases/size_4_large/masculine/atlas.png.import[39m[0m
[  69% ] [90m[1msavepack[22m | Storing File: res://.godot/imported/atlas.png-e972965d911b3f066bb88e7a7be420ba.ctex[39m[0m
[  69% ] [90m[1msavepack[22m | Storing File: res://assets/sprites/races_v2/werewolf/bases/size_4_large/feminine/atlas.png.import[39m[0m
[  69% ] [90m[1msavepack[22m | Storing File: res://.godot/imported/atlas.png-357593b833c6e6bacee43e1373671c45.ctex[39m[0m
[  69% ] [90m[1msavepack[22m | Storing File: res://assets/sprites/races_v2/werewolf/bases/size_3_medium/masculine/atlas.png.import[39m[0m
[  69% ] [90m[1msavepack[22m | Storing File: res://.godot/imported/atlas.png-8a369885985d100bf78239e44da7c6c8.ctex[39m[0m
[  69% ] [90m[1msavepack[22m | Storing File: res://assets/sprites/races_v2/werewolf/bases/size_3_medium/feminine/atlas.png.import[39m[0m
[  69% ] [90m[1msavepack[22m | Storing File: res://.godot/imported/atlas.png-9b7d34f49bc9b50a9a5d766c7e0d31e4.ctex[39m[0m
[  69% ] [90m[1msavepack[22m | Storing File: res://assets/sprites/races_v2/werewolf/bases/size_2_small/masculine/atlas.png.import[39m[0m
[  69% ] [90m[1msavepack[22m | Storing File: res://.godot/imported/atlas.png-b13bc486586fdac1f760b8ab39674e0b.ctex[39m[0m
[  69% ] [90m[1msavepack[22m | Storing File: res://assets/sprites/races_v2/werewolf/bases/size_2_small/feminine/atlas.png.import[39m[0m
[  69% ] [90m[1msavepack[22m | Storing File: res://.godot/imported/atlas.png-6e243e71c1d8f82667eba932a4c5f759.ctex[39m[0m
[  69% ] [90m[1msavepack[22m | Storing File: res://assets/sprites/races_v2/werewolf/bases/size_1_tiny/masculine/atlas.png.import[39m[0m
[  69% ] [90m[1msavepack[22m | Storing File: res://.godot/imported/atlas.png-901fe81b3feacb1159e9729b35ab8d28.ctex[39m[0m
[  69% ] [90m[1msavepack[22m | Storing File: res://assets/sprites/races_v2/werewolf/bases/size_1_tiny/feminine/atlas.png.import[39m[0m
[  69% ] [90m[1msavepack[22m | Storing File: res://.godot/imported/vampire_size_gender_matrix.png-14eb966d6d2cc5da3c00800dae3e25a0.ctex[39m[0m
[  69% ] [90m[1msavepack[22m | Storing File: res://assets/sprites/races_v2/vampire/vampire_size_gender_matrix.png.import[39m[0m
[  69% ] [90m[1msavepack[22m | Storing File: res://.godot/imported/selection_icon_48.png-ad7032a5cc8be3a9bd9189df1d851653.ctex[39m[0m
[  69% ] [90m[1msavepack[22m | Storing File: res://assets/sprites/races_v2/vampire/exemplar/selection_icon_48.png.import[39m[0m
[  69% ] [90m[1msavepack[22m | Storing File: res://.godot/imported/roster_portrait_128.png-3c0a432a1d96840129eddb272564afbf.ctex[39m[0m
[  69% ] [90m[1msavepack[22m | Storing File: res://assets/sprites/races_v2/vampire/exemplar/roster_portrait_128.png.import[39m[0m
[  69% ] [90m[1msavepack[22m | Storing File: res://.godot/imported/keyframe_board.png-a640d06a111b277ec527f31a17a64a64.ctex[39m[0m
[  69% ] [90m[1msavepack[22m | Storing File: res://assets/sprites/races_v2/vampire/exemplar/keyframe_board.png.import[39m[0m
[  69% ] [90m[1msavepack[22m | Storing File: res://.godot/imported/hud_portrait_64.png-52dad165327d82f8e7babb6e7f596773.ctex[39m[0m
[  69% ] [90m[1msavepack[22m | Storing File: res://assets/sprites/races_v2/vampire/exemplar/hud_portrait_64.png.import[39m[0m
[  69% ] [90m[1msavepack[22m | Storing File: res://.godot/imported/hero_portrait_256.png-ad10eb4a7eeb1c56cbfa3c47b7223e3d.ctex[39m[0m
[  69% ] [90m[1msavepack[22m | Storing File: res://assets/sprites/races_v2/vampire/exemplar/hero_portrait_256.png.import[39m[0m
[  69% ] [90m[1msavepack[22m | Storing File: res://.godot/imported/direction_preview.png-fdb2e6c7fa3454ae14b150980ffaab2f.ctex[39m[0m
[  69% ] [90m[1msavepack[22m | Storing File: res://assets/sprites/races_v2/vampire/exemplar/direction_preview.png.import[39m[0m
[  70% ] [90m[1msavepack[22m | Storing File: res://.godot/imported/debug_atlas.png-e933627949bcfdc7ff6c4ba0237f4fba.ctex[39m[0m
[  70% ] [90m[1msavepack[22m | Storing File: res://assets/sprites/races_v2/vampire/exemplar/debug_atlas.png.import[39m[0m
[  70% ] [90m[1msavepack[22m | Storing File: res://.godot/imported/atlas.png-9596a7120fa99253fddee046c0186f35.ctex[39m[0m
[  70% ] [90m[1msavepack[22m | Storing File: res://assets/sprites/races_v2/vampire/exemplar/atlas.png.import[39m[0m
[  70% ] [90m[1msavepack[22m | Storing File: res://.godot/imported/atlas.png-f79f633843cd8d397acdf09ae2475ed5.ctex[39m[0m
[  70% ] [90m[1msavepack[22m | Storing File: res://assets/sprites/races_v2/vampire/bases/size_5_huge/masculine/atlas.png.import[39m[0m
[  70% ] [90m[1msavepack[22m | Storing File: res://.godot/imported/atlas.png-caef6f42bd56bf54301bbb2c8fcc93f1.ctex[39m[0m
[  70% ] [90m[1msavepack[22m | Storing File: res://assets/sprites/races_v2/vampire/bases/size_5_huge/feminine/atlas.png.import[39m[0m
[  70% ] [90m[1msavepack[22m | Storing File: res://.godot/imported/atlas.png-de2ac82fa03c816f83c066fb49fcc00d.ctex[39m[0m
[  70% ] [90m[1msavepack[22m | Storing File: res://assets/sprites/races_v2/vampire/bases/size_4_large/masculine/atlas.png.import[39m[0m
[  70% ] [90m[1msavepack[22m | Storing File: res://.godot/imported/atlas.png-83dad500935bea49a65c65cb47950396.ctex[39m[0m
[  70% ] [90m[1msavepack[22m | Storing File: res://assets/sprites/races_v2/vampire/bases/size_4_large/feminine/atlas.png.import[39m[0m
[  70% ] [90m[1msavepack[22m | Storing File: res://.godot/imported/atlas.png-eeb39ad56bc2066800d7f8b66329f5eb.ctex[39m[0m
[  70% ] [90m[1msavepack[22m | Storing File: res://assets/sprites/races_v2/vampire/bases/size_3_medium/masculine/atlas.png.import[39m[0m
[  70% ] [90m[1msavepack[22m | Storing File: res://.godot/imported/atlas.png-f674036dec720659d6f7fe66507b8901.ctex[39m[0m
[  70% ] [90m[1msavepack[22m | Storing File: res://assets/sprites/races_v2/vampire/bases/size_3_medium/feminine/atlas.png.import[39m[0m
[  70% ] [90m[1msavepack[22m | Storing File: res://.godot/imported/atlas.png-08275ac205a2140604dabb43de16c0fb.ctex[39m[0m
[  70% ] [90m[1msavepack[22m | Storing File: res://assets/sprites/races_v2/vampire/bases/size_2_small/masculine/atlas.png.import[39m[0m
[  70% ] [90m[1msavepack[22m | Storing File: res://.godot/imported/atlas.png-2319d34b90710edeb3ce523e5a432994.ctex[39m[0m
[  70% ] [90m[1msavepack[22m | Storing File: res://assets/sprites/races_v2/vampire/bases/size_2_small/feminine/atlas.png.import[39m[0m
[  70% ] [90m[1msavepack[22m | Storing File: res://.godot/imported/atlas.png-f66fba8a9e17cb924bb746e54e4e6410.ctex[39m[0m
[  70% ] [90m[1msavepack[22m | Storing File: res://assets/sprites/races_v2/vampire/bases/size_1_tiny/masculine/atlas.png.import[39m[0m
[  70% ] [90m[1msavepack[22m | Storing File: res://.godot/imported/atlas.png-6b6b42cb5d2274e4d2d9b3c275d14cc0.ctex[39m[0m
[  70% ] [90m[1msavepack[22m | Storing File: res://assets/sprites/races_v2/vampire/bases/size_1_tiny/feminine/atlas.png.import[39m[0m
[  70% ] [90m[1msavepack[22m | Storing File: res://.godot/imported/undead_size_gender_matrix.png-5be34da3d1a07fe4abb181cb30a0e185.ctex[39m[0m
[  70% ] [90m[1msavepack[22m | Storing File: res://assets/sprites/races_v2/undead/undead_size_gender_matrix.png.import[39m[0m
[  71% ] [90m[1msavepack[22m | Storing File: res://.godot/imported/selection_icon_48.png-d6223a6f98b5b74a2c6c8bcc65262fa0.ctex[39m[0m
[  71% ] [90m[1msavepack[22m | Storing File: res://assets/sprites/races_v2/undead/exemplar/selection_icon_48.png.import[39m[0m
[  71% ] [90m[1msavepack[22m | Storing File: res://.godot/imported/roster_portrait_128.png-4487a3f9f8d0c4696c07d18e88c511b4.ctex[39m[0m
[  71% ] [90m[1msavepack[22m | Storing File: res://assets/sprites/races_v2/undead/exemplar/roster_portrait_128.png.import[39m[0m
[  71% ] [90m[1msavepack[22m | Storing File: res://.godot/imported/keyframe_board.png-e2755a5ace33997537ee8709809e03d8.ctex[39m[0m
[  71% ] [90m[1msavepack[22m | Storing File: res://assets/sprites/races_v2/undead/exemplar/keyframe_board.png.import[39m[0m
[  71% ] [90m[1msavepack[22m | Storing File: res://.godot/imported/hud_portrait_64.png-fc33ef965014599b45023c17ed8055fd.ctex[39m[0m
[  71% ] [90m[1msavepack[22m | Storing File: res://assets/sprites/races_v2/undead/exemplar/hud_portrait_64.png.import[39m[0m
[  71% ] [90m[1msavepack[22m | Storing File: res://.godot/imported/hero_portrait_256.png-e59dd32ebd6193271acf006133d56a7b.ctex[39m[0m
[  71% ] [90m[1msavepack[22m | Storing File: res://assets/sprites/races_v2/undead/exemplar/hero_portrait_256.png.import[39m[0m
[  71% ] [90m[1msavepack[22m | Storing File: res://.godot/imported/direction_preview.png-1628001d21166b2f38d9a852f9671c5c.ctex[39m[0m
[  71% ] [90m[1msavepack[22m | Storing File: res://assets/sprites/races_v2/undead/exemplar/direction_preview.png.import[39m[0m
[  71% ] [90m[1msavepack[22m | Storing File: res://.godot/imported/debug_atlas.png-cd2b9a00879fceb33e8701706bff3e23.ctex[39m[0m
[  71% ] [90m[1msavepack[22m | Storing File: res://assets/sprites/races_v2/undead/exemplar/debug_atlas.png.import[39m[0m
[  71% ] [90m[1msavepack[22m | Storing File: res://.godot/imported/atlas.png-af4ef1d3dfcaaa03addb194eb56bb18c.ctex[39m[0m
[  71% ] [90m[1msavepack[22m | Storing File: res://assets/sprites/races_v2/undead/exemplar/atlas.png.import[39m[0m
[  71% ] [90m[1msavepack[22m | Storing File: res://.godot/imported/atlas.png-e7a4a5e574d2714f2bc653262176a727.ctex[39m[0m
[  71% ] [90m[1msavepack[22m | Storing File: res://assets/sprites/races_v2/undead/bases/size_5_huge/masculine/atlas.png.import[39m[0m
[  71% ] [90m[1msavepack[22m | Storing File: res://.godot/imported/atlas.png-49d3df30b0f3c37877a34a39e0f9748f.ctex[39m[0m
[  71% ] [90m[1msavepack[22m | Storing File: res://assets/sprites/races_v2/undead/bases/size_5_huge/feminine/atlas.png.import[39m[0m
[  71% ] [90m[1msavepack[22m | Storing File: res://.godot/imported/atlas.png-233ee2dbc149e6dcaf066322a6b52259.ctex[39m[0m
[  71% ] [90m[1msavepack[22m | Storing File: res://assets/sprites/races_v2/undead/bases/size_4_large/masculine/atlas.png.import[39m[0m
[  71% ] [90m[1msavepack[22m | Storing File: res://.godot/imported/atlas.png-10fd089a8703e7c0e7c7f64e4745b1ab.ctex[39m[0m
[  71% ] [90m[1msavepack[22m | Storing File: res://assets/sprites/races_v2/undead/bases/size_4_large/feminine/atlas.png.import[39m[0m
[  71% ] [90m[1msavepack[22m | Storing File: res://.godot/imported/atlas.png-b34e7b6675f8a131d1b8bbe699e3003e.ctex[39m[0m
[  71% ] [90m[1msavepack[22m | Storing File: res://assets/sprites/races_v2/undead/bases/size_3_medium/masculine/atlas.png.import[39m[0m
[  71% ] [90m[1msavepack[22m | Storing File: res://.godot/imported/atlas.png-18c4624dcfa0ada3a33d254d45449b52.ctex[39m[0m
[  71% ] [90m[1msavepack[22m | Storing File: res://assets/sprites/races_v2/undead/bases/size_3_medium/feminine/atlas.png.import[39m[0m
[  72% ] [90m[1msavepack[22m | Storing File: res://.godot/imported/atlas.png-3867ab06716153baac256dd9c9e1ed5d.ctex[39m[0m
[  72% ] [90m[1msavepack[22m | Storing File: res://assets/sprites/races_v2/undead/bases/size_2_small/masculine/atlas.png.import[39m[0m
[  72% ] [90m[1msavepack[22m | Storing File: res://.godot/imported/atlas.png-644cf0d06157c8d9f82ed945608f6791.ctex[39m[0m
[  72% ] [90m[1msavepack[22m | Storing File: res://assets/sprites/races_v2/undead/bases/size_2_small/feminine/atlas.png.import[39m[0m
[  72% ] [90m[1msavepack[22m | Storing File: res://.godot/imported/atlas.png-cfa1759b74d69eb7f7d3dd424fb2237f.ctex[39m[0m
[  72% ] [90m[1msavepack[22m | Storing File: res://assets/sprites/races_v2/undead/bases/size_1_tiny/masculine/atlas.png.import[39m[0m
[  72% ] [90m[1msavepack[22m | Storing File: res://.godot/imported/atlas.png-6749992a23f7939c27fe60635bd020b7.ctex[39m[0m
[  72% ] [90m[1msavepack[22m | Storing File: res://assets/sprites/races_v2/undead/bases/size_1_tiny/feminine/atlas.png.import[39m[0m
[  72% ] [90m[1msavepack[22m | Storing File: res://.godot/imported/troll_size_gender_matrix.png-74859ed43d662327c56568dcc56c60bb.ctex[39m[0m
[  72% ] [90m[1msavepack[22m | Storing File: res://assets/sprites/races_v2/troll/troll_size_gender_matrix.png.import[39m[0m
[  72% ] [90m[1msavepack[22m | Storing File: res://.godot/imported/selection_icon_48.png-e5537d2daa95b5cdae5eaae97ee30041.ctex[39m[0m
[  72% ] [90m[1msavepack[22m | Storing File: res://assets/sprites/races_v2/troll/exemplar/selection_icon_48.png.import[39m[0m
[  72% ] [90m[1msavepack[22m | Storing File: res://.godot/imported/roster_portrait_128.png-035010997f40064d242516eb9d8a9857.ctex[39m[0m
[  72% ] [90m[1msavepack[22m | Storing File: res://assets/sprites/races_v2/troll/exemplar/roster_portrait_128.png.import[39m[0m
[  72% ] [90m[1msavepack[22m | Storing File: res://.godot/imported/keyframe_board.png-9118a0555b8b20800af92a2222602e21.ctex[39m[0m
[  72% ] [90m[1msavepack[22m | Storing File: res://assets/sprites/races_v2/troll/exemplar/keyframe_board.png.import[39m[0m
[  72% ] [90m[1msavepack[22m | Storing File: res://.godot/imported/hud_portrait_64.png-0a4123678fed93bd552f1bbc783fb624.ctex[39m[0m
[  72% ] [90m[1msavepack[22m | Storing File: res://assets/sprites/races_v2/troll/exemplar/hud_portrait_64.png.import[39m[0m
[  72% ] [90m[1msavepack[22m | Storing File: res://.godot/imported/hero_portrait_256.png-d918d6dfa6cc53cf9b0b3bacb101fb44.ctex[39m[0m
[  72% ] [90m[1msavepack[22m | Storing File: res://assets/sprites/races_v2/troll/exemplar/hero_portrait_256.png.import[39m[0m
[  72% ] [90m[1msavepack[22m | Storing File: res://.godot/imported/direction_preview.png-5dd7f068aff027edcd5b08387c3a26cf.ctex[39m[0m
[  72% ] [90m[1msavepack[22m | Storing File: res://assets/sprites/races_v2/troll/exemplar/direction_preview.png.import[39m[0m
[  72% ] [90m[1msavepack[22m | Storing File: res://.godot/imported/debug_atlas.png-ad21fe8dda4a71c90f92bf7d98a86b51.ctex[39m[0m
[  72% ] [90m[1msavepack[22m | Storing File: res://assets/sprites/races_v2/troll/exemplar/debug_atlas.png.import[39m[0m
[  72% ] [90m[1msavepack[22m | Storing File: res://.godot/imported/atlas.png-f512d31fad02cc41d46b1440de4468bf.ctex[39m[0m
[  72% ] [90m[1msavepack[22m | Storing File: res://assets/sprites/races_v2/troll/exemplar/atlas.png.import[39m[0m
[  73% ] [90m[1msavepack[22m | Storing File: res://.godot/imported/atlas.png-b106739ddd462b7c3c3d5762f0943094.ctex[39m[0m
[  73% ] [90m[1msavepack[22m | Storing File: res://assets/sprites/races_v2/troll/bases/size_5_huge/masculine/atlas.png.import[39m[0m
[  73% ] [90m[1msavepack[22m | Storing File: res://.godot/imported/atlas.png-3d4e4ab6545b3ca1165f416a1af31c32.ctex[39m[0m
[  73% ] [90m[1msavepack[22m | Storing File: res://assets/sprites/races_v2/troll/bases/size_5_huge/feminine/atlas.png.import[39m[0m
[  73% ] [90m[1msavepack[22m | Storing File: res://.godot/imported/atlas.png-9098e729a66a4c2ee17af3a2c3ea88c1.ctex[39m[0m
[  73% ] [90m[1msavepack[22m | Storing File: res://assets/sprites/races_v2/troll/bases/size_4_large/masculine/atlas.png.import[39m[0m
[  73% ] [90m[1msavepack[22m | Storing File: res://.godot/imported/atlas.png-6c97a1968d00c00d5ed5e0a8d2d0022b.ctex[39m[0m
[  73% ] [90m[1msavepack[22m | Storing File: res://assets/sprites/races_v2/troll/bases/size_4_large/feminine/atlas.png.import[39m[0m
[  73% ] [90m[1msavepack[22m | Storing File: res://.godot/imported/atlas.png-48b0bcc67e47e46fb732bb5b935a7cbd.ctex[39m[0m
[  73% ] [90m[1msavepack[22m | Storing File: res://assets/sprites/races_v2/troll/bases/size_3_medium/masculine/atlas.png.import[39m[0m
[  73% ] [90m[1msavepack[22m | Storing File: res://.godot/imported/atlas.png-5cd8e19cf757bdf83cd060f6245335a2.ctex[39m[0m
[  73% ] [90m[1msavepack[22m | Storing File: res://assets/sprites/races_v2/troll/bases/size_3_medium/feminine/atlas.png.import[39m[0m
[  73% ] [90m[1msavepack[22m | Storing File: res://.godot/imported/atlas.png-85dda987f2db3c5de50bcf193f4a0ae7.ctex[39m[0m
[  73% ] [90m[1msavepack[22m | Storing File: res://assets/sprites/races_v2/troll/bases/size_2_small/masculine/atlas.png.import[39m[0m
[  73% ] [90m[1msavepack[22m | Storing File: res://.godot/imported/atlas.png-a942207feb1fd6c6f525f5130a1474c5.ctex[39m[0m
[  73% ] [90m[1msavepack[22m | Storing File: res://assets/sprites/races_v2/troll/bases/size_2_small/feminine/atlas.png.import[39m[0m
[  73% ] [90m[1msavepack[22m | Storing File: res://.godot/imported/atlas.png-b465150c2c4ba4c8b252b64fe3f43f75.ctex[39m[0m
[  73% ] [90m[1msavepack[22m | Storing File: res://assets/sprites/races_v2/troll/bases/size_1_tiny/masculine/atlas.png.import[39m[0m
[  73% ] [90m[1msavepack[22m | Storing File: res://.godot/imported/atlas.png-3c6cd0888dcb081e164d25aef1e4372c.ctex[39m[0m
[  73% ] [90m[1msavepack[22m | Storing File: res://assets/sprites/races_v2/troll/bases/size_1_tiny/feminine/atlas.png.import[39m[0m
[  73% ] [90m[1msavepack[22m | Storing File: res://.godot/imported/treefolk_size_gender_matrix.png-95d5e34ae6e4530d77205c70f53fa02d.ctex[39m[0m
[  73% ] [90m[1msavepack[22m | Storing File: res://assets/sprites/races_v2/treefolk/treefolk_size_gender_matrix.png.import[39m[0m
[  73% ] [90m[1msavepack[22m | Storing File: res://.godot/imported/selection_icon_48.png-f032be1441608d29d9c8fa30b4f92b64.ctex[39m[0m
[  73% ] [90m[1msavepack[22m | Storing File: res://assets/sprites/races_v2/treefolk/exemplar/selection_icon_48.png.import[39m[0m
[  73% ] [90m[1msavepack[22m | Storing File: res://.godot/imported/roster_portrait_128.png-1a6d85fd10c7a94490a28db0f780a21c.ctex[39m[0m
[  73% ] [90m[1msavepack[22m | Storing File: res://assets/sprites/races_v2/treefolk/exemplar/roster_portrait_128.png.import[39m[0m
[  74% ] [90m[1msavepack[22m | Storing File: res://.godot/imported/keyframe_board.png-4b9f9e4e8835c10083737014981ec954.ctex[39m[0m
[  74% ] [90m[1msavepack[22m | Storing File: res://assets/sprites/races_v2/treefolk/exemplar/keyframe_board.png.import[39m[0m
[  74% ] [90m[1msavepack[22m | Storing File: res://.godot/imported/hud_portrait_64.png-addf3cedb1841fd5430ab7a24e96364f.ctex[39m[0m
[  74% ] [90m[1msavepack[22m | Storing File: res://assets/sprites/races_v2/treefolk/exemplar/hud_portrait_64.png.import[39m[0m
[  74% ] [90m[1msavepack[22m | Storing File: res://.godot/imported/hero_portrait_256.png-bbfd79b7f19f20ba56cb29c107a18a4c.ctex[39m[0m
[  74% ] [90m[1msavepack[22m | Storing File: res://assets/sprites/races_v2/treefolk/exemplar/hero_portrait_256.png.import[39m[0m
[  74% ] [90m[1msavepack[22m | Storing File: res://.godot/imported/direction_preview.png-a8d643ea520d668e35387f9a428081bd.ctex[39m[0m
[  74% ] [90m[1msavepack[22m | Storing File: res://assets/sprites/races_v2/treefolk/exemplar/direction_preview.png.import[39m[0m
[  74% ] [90m[1msavepack[22m | Storing File: res://.godot/imported/debug_atlas.png-8b01a2b325e3227c302d63044c3727aa.ctex[39m[0m
[  74% ] [90m[1msavepack[22m | Storing File: res://assets/sprites/races_v2/treefolk/exemplar/debug_atlas.png.import[39m[0m
[  74% ] [90m[1msavepack[22m | Storing File: res://.godot/imported/atlas.png-71168c25db8c1152a14c9475dcc98b7d.ctex[39m[0m
[  74% ] [90m[1msavepack[22m | Storing File: res://assets/sprites/races_v2/treefolk/exemplar/atlas.png.import[39m[0m
[  74% ] [90m[1msavepack[22m | Storing File: res://.godot/imported/atlas.png-afca717623c40f42791240f3b53f1a3a.ctex[39m[0m
[  74% ] [90m[1msavepack[22m | Storing File: res://assets/sprites/races_v2/treefolk/bases/size_5_huge/masculine/atlas.png.import[39m[0m
[  74% ] [90m[1msavepack[22m | Storing File: res://.godot/imported/atlas.png-c4289f58683b81de07deb02aa675c78d.ctex[39m[0m
[  74% ] [90m[1msavepack[22m | Storing File: res://assets/sprites/races_v2/treefolk/bases/size_5_huge/feminine/atlas.png.import[39m[0m
[  74% ] [90m[1msavepack[22m | Storing File: res://.godot/imported/atlas.png-2890f267ef0cb0d950744fa0c9d4711a.ctex[39m[0m
[  74% ] [90m[1msavepack[22m | Storing File: res://assets/sprites/races_v2/treefolk/bases/size_4_large/masculine/atlas.png.import[39m[0m
[  74% ] [90m[1msavepack[22m | Storing File: res://.godot/imported/atlas.png-68145d1e90f09b7992961ab010e955ab.ctex[39m[0m
[  74% ] [90m[1msavepack[22m | Storing File: res://assets/sprites/races_v2/treefolk/bases/size_4_large/feminine/atlas.png.import[39m[0m
[  74% ] [90m[1msavepack[22m | Storing File: res://.godot/imported/atlas.png-e226f4efee852090747c5421f97cc20a.ctex[39m[0m
[  74% ] [90m[1msavepack[22m | Storing File: res://assets/sprites/races_v2/treefolk/bases/size_3_medium/masculine/atlas.png.import[39m[0m
[  74% ] [90m[1msavepack[22m | Storing File: res://.godot/imported/debug_atlas.png-519353c253d7758cc77b687cdea30198.ctex[39m[0m
[  74% ] [90m[1msavepack[22m | Storing File: res://assets/sprites/champions_v2/unnamed_angel/debug_atlas.png.import[39m[0m
[  74% ] [90m[1msavepack[22m | Storing File: res://.godot/imported/atlas.png-0022b2687f5213f5307cb35d5d301a34.ctex[39m[0m
[  74% ] [90m[1msavepack[22m | Storing File: res://assets/sprites/champions_v2/unnamed_angel/atlas.png.import[39m[0m
[  74% ] [90m[1msavepack[22m | Storing File: res://art_batches/pixel_v1/magic/manifest.json[39m[0m
[  75% ] [90m[1msavepack[22m | Storing File: res://.godot/imported/roster_portrait_128.png-d7f25d44dff4a58de721d4828b351c67.ctex[39m[0m
[  75% ] [90m[1msavepack[22m | Storing File: res://assets/sprites/champions_v2/s_wayne/roster_portrait_128.png.import[39m[0m
[  75% ] [90m[1msavepack[22m | Storing File: res://.godot/imported/ambient_banner_heather.png-6404e924883eecd5d2bcf8fa7ec76bad.ctex[39m[0m
[  75% ] [90m[1msavepack[22m | Storing File: res://art_batches/pixel_v1/map/export/ambient/ambient_banner_heather.png.import[39m[0m
[  75% ] [90m[1msavepack[22m | Storing File: res://.godot/imported/ambient_banner_indigo.png-9b12cf3dacdbb417f122a9a6ac452972.ctex[39m[0m
[  75% ] [90m[1msavepack[22m | Storing File: res://art_batches/pixel_v1/map/export/ambient/ambient_banner_indigo.png.import[39m[0m
[  75% ] [90m[1msavepack[22m | Storing File: res://.godot/imported/ambient_foliage_planter.png-f1dafc707ce6d0ffd2fc317ce3b363b2.ctex[39m[0m
[  75% ] [90m[1msavepack[22m | Storing File: res://art_batches/pixel_v1/map/export/ambient/ambient_foliage_planter.png.import[39m[0m
[  75% ] [90m[1msavepack[22m | Storing File: res://.godot/imported/ambient_fountain_overflow.png-4d7b055046c008abd1acc1e7971472c1.ctex[39m[0m
[  75% ] [90m[1msavepack[22m | Storing File: res://art_batches/pixel_v1/map/export/ambient/ambient_fountain_overflow.png.import[39m[0m
[  75% ] [90m[1msavepack[22m | Storing File: res://.godot/imported/ambient_fountain_water.png-947d6072863bdc5765b68bf5a5a1d8d9.ctex[39m[0m
[  75% ] [90m[1msavepack[22m | Storing File: res://art_batches/pixel_v1/map/export/ambient/ambient_fountain_water.png.import[39m[0m
[  75% ] [90m[1msavepack[22m | Storing File: res://.godot/imported/ambient_lantern_flame.png-84efe26c40d24971ddffc7f6e12ba55d.ctex[39m[0m
[  75% ] [90m[1msavepack[22m | Storing File: res://art_batches/pixel_v1/map/export/ambient/ambient_lantern_flame.png.import[39m[0m
[  75% ] [90m[1msavepack[22m | Storing File: res://.godot/imported/ambient_water_ripple_a.png-36ce1f6dd89fc794da87df0ad2ec742d.ctex[39m[0m
[  75% ] [90m[1msavepack[22m | Storing File: res://art_batches/pixel_v1/map/export/ambient/ambient_water_ripple_a.png.import[39m[0m
[  75% ] [90m[1msavepack[22m | Storing File: res://.godot/imported/ambient_water_ripple_b.png-11a8beac2bee4bb09852f04c65716654.ctex[39m[0m
[  75% ] [90m[1msavepack[22m | Storing File: res://art_batches/pixel_v1/map/export/ambient/ambient_water_ripple_b.png.import[39m[0m
[  75% ] [90m[1msavepack[22m | Storing File: res://.godot/imported/atlas.png-8cf6b452d17e6ab8807ac7ed06a0de5b.ctex[39m[0m
[  75% ] [90m[1msavepack[22m | Storing File: res://art_batches/pixel_v1/map/export/ambient/atlas.png.import[39m[0m
[  75% ] [90m[1msavepack[22m | Storing File: res://.godot/imported/academy_arch_lintel.png-782cd8a2716117bdc277134b8e752dde.ctex[39m[0m
[  75% ] [90m[1msavepack[22m | Storing File: res://art_batches/pixel_v1/map/export/architecture/academy_arch_lintel.png.import[39m[0m
[  75% ] [90m[1msavepack[22m | Storing File: res://.godot/imported/academy_arch_supports.png-4e7155d11e752c984fd2981d925605df.ctex[39m[0m
[  75% ] [90m[1msavepack[22m | Storing File: res://art_batches/pixel_v1/map/export/architecture/academy_arch_supports.png.import[39m[0m
[  75% ] [90m[1msavepack[22m | Storing File: res://.godot/imported/academy_courtyard_trim_e.png-4c3428f59c667eccc9a890badb34485d.ctex[39m[0m
[  75% ] [90m[1msavepack[22m | Storing File: res://art_batches/pixel_v1/map/export/architecture/academy_courtyard_trim_e.png.import[39m[0m
[  76% ] [90m[1msavepack[22m | Storing File: res://.godot/imported/academy_courtyard_trim_n.png-176b1e10d5d2eed7a99dbc7521c8ba0a.ctex[39m[0m
[  76% ] [90m[1msavepack[22m | Storing File: res://art_batches/pixel_v1/map/export/architecture/academy_courtyard_trim_n.png.import[39m[0m
[  76% ] [90m[1msavepack[22m | Storing File: res://.godot/imported/academy_courtyard_trim_ne.png-ddbc088d0abdeee79174cac849f86ac0.ctex[39m[0m
[  76% ] [90m[1msavepack[22m | Storing File: res://art_batches/pixel_v1/map/export/architecture/academy_courtyard_trim_ne.png.import[39m[0m
[  76% ] [90m[1msavepack[22m | Storing File: res://.godot/imported/academy_courtyard_trim_nw.png-4bc02fd4820daea99155a799b0a3104d.ctex[39m[0m
[  76% ] [90m[1msavepack[22m | Storing File: res://art_batches/pixel_v1/map/export/architecture/academy_courtyard_trim_nw.png.import[39m[0m
[  76% ] [90m[1msavepack[22m | Storing File: res://.godot/imported/academy_courtyard_trim_s.png-1b4f6dab68690542af04b5a341769161.ctex[39m[0m
[  76% ] [90m[1msavepack[22m | Storing File: res://art_batches/pixel_v1/map/export/architecture/academy_courtyard_trim_s.png.import[39m[0m
[  76% ] [90m[1msavepack[22m | Storing File: res://.godot/imported/academy_courtyard_trim_se.png-ae50ca00d00d102e07818b3403f41ca8.ctex[39m[0m
[  76% ] [90m[1msavepack[22m | Storing File: res://art_batches/pixel_v1/map/export/architecture/academy_courtyard_trim_se.png.import[39m[0m
[  76% ] [90m[1msavepack[22m | Storing File: res://.godot/imported/academy_courtyard_trim_sw.png-696a27c9f3a001dd6ade81744522d843.ctex[39m[0m
[  76% ] [90m[1msavepack[22m | Storing File: res://art_batches/pixel_v1/map/export/architecture/academy_courtyard_trim_sw.png.import[39m[0m
[  76% ] [90m[1msavepack[22m | Storing File: res://.godot/imported/academy_courtyard_trim_w.png-384a1c54f5e22fb96bab9314ff241d00.ctex[39m[0m
[  76% ] [90m[1msavepack[22m | Storing File: res://art_batches/pixel_v1/map/export/architecture/academy_courtyard_trim_w.png.import[39m[0m
[  76% ] [90m[1msavepack[22m | Storing File: res://.godot/imported/academy_door_closed_panel.png-ec62cf2fd81164231e88848d77f6fa70.ctex[39m[0m
[  76% ] [90m[1msavepack[22m | Storing File: res://art_batches/pixel_v1/map/export/architecture/academy_door_closed_panel.png.import[39m[0m
[  76% ] [90m[1msavepack[22m | Storing File: res://.godot/imported/academy_facade_arched_window.png-d6dc3e1380f31c17f965e9a4a8887248.ctex[39m[0m
[  76% ] [90m[1msavepack[22m | Storing File: res://art_batches/pixel_v1/map/export/architecture/academy_facade_arched_window.png.import[39m[0m
[  76% ] [90m[1msavepack[22m | Storing File: res://.godot/imported/academy_facade_blank.png-534b7dbb6dfd4498a70967ee37adbe12.ctex[39m[0m
[  76% ] [90m[1msavepack[22m | Storing File: res://art_batches/pixel_v1/map/export/architecture/academy_facade_blank.png.import[39m[0m
[  76% ] [90m[1msavepack[22m | Storing File: res://.godot/imported/academy_facade_buttress.png-56c76338d578b254afa039d2615f3ca0.ctex[39m[0m
[  76% ] [90m[1msavepack[22m | Storing File: res://art_batches/pixel_v1/map/export/architecture/academy_facade_buttress.png.import[39m[0m
[  76% ] [90m[1msavepack[22m | Storing File: res://.godot/imported/academy_facade_door_frame.png-df41693f911d45329f7b0a6b0ee56295.ctex[39m[0m
[  76% ] [90m[1msavepack[22m | Storing File: res://art_batches/pixel_v1/map/export/architecture/academy_facade_door_frame.png.import[39m[0m
[  76% ] [90m[1msavepack[22m | Storing File: res://.godot/imported/academy_facade_low_profile.png-29fbf71b65591be5fd748caa834b02b8.ctex[39m[0m
[  76% ] [90m[1msavepack[22m | Storing File: res://art_batches/pixel_v1/map/export/architecture/academy_facade_low_profile.png.import[39m[0m
[  77% ] [90m[1msavepack[22m | Storing File: res://.godot/imported/academy_facade_window.png-e8bfc5652a0e40aa9c4dcd43b9dfda29.ctex[39m[0m
[  77% ] [90m[1msavepack[22m | Storing File: res://art_batches/pixel_v1/map/export/architecture/academy_facade_window.png.import[39m[0m
[  77% ] [90m[1msavepack[22m | Storing File: res://.godot/imported/academy_return_e.png-e1b3f079ad211cba76de22b003d54aa9.ctex[39m[0m
[  77% ] [90m[1msavepack[22m | Storing File: res://art_batches/pixel_v1/map/export/architecture/academy_return_e.png.import[39m[0m
[  77% ] [90m[1msavepack[22m | Storing File: res://.godot/imported/academy_return_w.png-19684a85871470d837db9a0a1c4a2e1d.ctex[39m[0m
[  77% ] [90m[1msavepack[22m | Storing File: res://art_batches/pixel_v1/map/export/architecture/academy_return_w.png.import[39m[0m
[  77% ] [90m[1msavepack[22m | Storing File: res://.godot/imported/academy_roof_end_e.png-cbd64c6d98d2e781a45a930765eda509.ctex[39m[0m
[  77% ] [90m[1msavepack[22m | Storing File: res://art_batches/pixel_v1/map/export/architecture/academy_roof_end_e.png.import[39m[0m
[  77% ] [90m[1msavepack[22m | Storing File: res://.godot/imported/academy_roof_end_w.png-1ae9cb2a7c249089142f49c74df1cb69.ctex[39m[0m
[  77% ] [90m[1msavepack[22m | Storing File: res://art_batches/pixel_v1/map/export/architecture/academy_roof_end_w.png.import[39m[0m
[  77% ] [90m[1msavepack[22m | Storing File: res://.godot/imported/academy_roof_middle.png-e637fcf7ba85e026f622efa23f30e13e.ctex[39m[0m
[  77% ] [90m[1msavepack[22m | Storing File: res://art_batches/pixel_v1/map/export/architecture/academy_roof_middle.png.import[39m[0m
[  77% ] [90m[1msavepack[22m | Storing File: res://.godot/imported/access_ramp_rise_e.png-a6154ff868e0368b6afe0b0f883414b4.ctex[39m[0m
[  77% ] [90m[1msavepack[22m | Storing File: res://art_batches/pixel_v1/map/export/architecture/access_ramp_rise_e.png.import[39m[0m
[  77% ] [90m[1msavepack[22m | Storing File: res://.godot/imported/access_ramp_rise_n.png-0cf1f6e504c28f745753094e39cd9616.ctex[39m[0m
[  77% ] [90m[1msavepack[22m | Storing File: res://art_batches/pixel_v1/map/export/architecture/access_ramp_rise_n.png.import[39m[0m
[  77% ] [90m[1msavepack[22m | Storing File: res://.godot/imported/access_ramp_rise_s.png-b712ddcaee5b5e6dca0597074b48a683.ctex[39m[0m
[  77% ] [90m[1msavepack[22m | Storing File: res://art_batches/pixel_v1/map/export/architecture/access_ramp_rise_s.png.import[39m[0m
[  77% ] [90m[1msavepack[22m | Storing File: res://.godot/imported/access_ramp_rise_w.png-006b168e3412097020e20d25f98de98a.ctex[39m[0m
[  77% ] [90m[1msavepack[22m | Storing File: res://art_batches/pixel_v1/map/export/architecture/access_ramp_rise_w.png.import[39m[0m
[  77% ] [90m[1msavepack[22m | Storing File: res://.godot/imported/access_steps_rise_e.png-6c3e13c3f1d3d141b95c41a17cb284a6.ctex[39m[0m
[  77% ] [90m[1msavepack[22m | Storing File: res://art_batches/pixel_v1/map/export/architecture/access_steps_rise_e.png.import[39m[0m
[  77% ] [90m[1msavepack[22m | Storing File: res://.godot/imported/access_steps_rise_n.png-742e49d65c9a179df396b124a461ebc8.ctex[39m[0m
[  77% ] [90m[1msavepack[22m | Storing File: res://art_batches/pixel_v1/map/export/architecture/access_steps_rise_n.png.import[39m[0m
[  77% ] [90m[1msavepack[22m | Storing File: res://.godot/imported/access_steps_rise_s.png-28ce1942795fd6eeab60061928ff1312.ctex[39m[0m
[  77% ] [90m[1msavepack[22m | Storing File: res://art_batches/pixel_v1/map/export/architecture/access_steps_rise_s.png.import[39m[0m
[  77% ] [90m[1msavepack[22m | Storing File: res://.godot/imported/access_steps_rise_w.png-ca427bfe66cee7553178a470d350d845.ctex[39m[0m
[  77% ] [90m[1msavepack[22m | Storing File: res://art_batches/pixel_v1/map/export/architecture/access_steps_rise_w.png.import[39m[0m
[  78% ] [90m[1msavepack[22m | Storing File: res://.godot/imported/atlas.png-5a8f5b8c70240e996f014566b0111ff8.ctex[39m[0m
[  78% ] [90m[1msavepack[22m | Storing File: res://art_batches/pixel_v1/map/export/architecture/atlas.png.import[39m[0m
[  78% ] [90m[1msavepack[22m | Storing File: res://.godot/imported/bridge_ew_deck.png-1f61fcdbb7284c147730afd4015c7c65.ctex[39m[0m
[  78% ] [90m[1msavepack[22m | Storing File: res://art_batches/pixel_v1/map/export/architecture/bridge_ew_deck.png.import[39m[0m
[  78% ] [90m[1msavepack[22m | Storing File: res://.godot/imported/bridge_ew_front_rail.png-af1db74c31cae3bf9c1ed041a352b344.ctex[39m[0m
[  78% ] [90m[1msavepack[22m | Storing File: res://art_batches/pixel_v1/map/export/architecture/bridge_ew_front_rail.png.import[39m[0m
[  78% ] [90m[1msavepack[22m | Storing File: res://.godot/imported/bridge_ew_rear_rail.png-a155dc6c7b3f91769900964f339e446c.ctex[39m[0m
[  78% ] [90m[1msavepack[22m | Storing File: res://art_batches/pixel_v1/map/export/architecture/bridge_ew_rear_rail.png.import[39m[0m
[  78% ] [90m[1msavepack[22m | Storing File: res://.godot/imported/bridge_ns_deck.png-1e957337b1feb5838f6128106d3ab084.ctex[39m[0m
[  78% ] [90m[1msavepack[22m | Storing File: res://art_batches/pixel_v1/map/export/architecture/bridge_ns_deck.png.import[39m[0m
[  78% ] [90m[1msavepack[22m | Storing File: res://.godot/imported/bridge_ns_front_rail.png-4a7b85ddeaef9d69851d5aeb2ba0e51a.ctex[39m[0m
[  78% ] [90m[1msavepack[22m | Storing File: res://art_batches/pixel_v1/map/export/architecture/bridge_ns_front_rail.png.import[39m[0m
[  78% ] [90m[1msavepack[22m | Storing File: res://.godot/imported/bridge_ns_rear_rail.png-41ca722dc91785fe5cf99f1604306036.ctex[39m[0m
[  78% ] [90m[1msavepack[22m | Storing File: res://art_batches/pixel_v1/map/export/architecture/bridge_ns_rear_rail.png.import[39m[0m
[  78% ] [90m[1msavepack[22m | Storing File: res://.godot/imported/channel_bank_corner_ne.png-8fd9f5154e194e8548e9c9675797f4fd.ctex[39m[0m
[  78% ] [90m[1msavepack[22m | Storing File: res://art_batches/pixel_v1/map/export/architecture/channel_bank_corner_ne.png.import[39m[0m
[  78% ] [90m[1msavepack[22m | Storing File: res://.godot/imported/channel_bank_corner_nw.png-d6936c4dd623b3afa3472e0567862e4a.ctex[39m[0m
[  78% ] [90m[1msavepack[22m | Storing File: res://art_batches/pixel_v1/map/export/architecture/channel_bank_corner_nw.png.import[39m[0m
[  78% ] [90m[1msavepack[22m | Storing File: res://.godot/imported/channel_bank_corner_se.png-f58740bddc5e32c37dbc2ce6ccfb29af.ctex[39m[0m
[  78% ] [90m[1msavepack[22m | Storing File: res://art_batches/pixel_v1/map/export/architecture/channel_bank_corner_se.png.import[39m[0m
[  78% ] [90m[1msavepack[22m | Storing File: res://.godot/imported/channel_bank_corner_sw.png-1b8b2ac7ae643632c691497dc31053b0.ctex[39m[0m
[  78% ] [90m[1msavepack[22m | Storing File: res://art_batches/pixel_v1/map/export/architecture/channel_bank_corner_sw.png.import[39m[0m
[  78% ] [90m[1msavepack[22m | Storing File: res://.godot/imported/channel_bank_water_e.png-0b5a587bc76583dcecd8c22c1e80a18e.ctex[39m[0m
[  78% ] [90m[1msavepack[22m | Storing File: res://art_batches/pixel_v1/map/export/architecture/channel_bank_water_e.png.import[39m[0m
[  78% ] [90m[1msavepack[22m | Storing File: res://.godot/imported/channel_bank_water_n.png-dba72b3a43f8a00d6f8c8f040ba66c0c.ctex[39m[0m
[  78% ] [90m[1msavepack[22m | Storing File: res://art_batches/pixel_v1/map/export/architecture/channel_bank_water_n.png.import[39m[0m
[  79% ] [90m[1msavepack[22m | Storing File: res://.godot/imported/channel_bank_water_s.png-cfd04b8c418f0ce31d240442101c63ed.ctex[39m[0m
[  79% ] [90m[1msavepack[22m | Storing File: res://art_batches/pixel_v1/map/export/architecture/channel_bank_water_s.png.import[39m[0m
[  79% ] [90m[1msavepack[22m | Storing File: res://.godot/imported/channel_bank_water_w.png-207705fd78a20ac2568fb5aa3e563e7b.ctex[39m[0m
[  79% ] [90m[1msavepack[22m | Storing File: res://art_batches/pixel_v1/map/export/architecture/channel_bank_water_w.png.import[39m[0m
[  79% ] [90m[1msavepack[22m | Storing File: res://.godot/imported/worldbone_ledge_mask_00.png-163a6f45873b0d55a67997cd001b2232.ctex[39m[0m
[  79% ] [90m[1msavepack[22m | Storing File: res://art_batches/pixel_v1/map/export/architecture/worldbone_ledge_mask_00.png.import[39m[0m
[  79% ] [90m[1msavepack[22m | Storing File: res://.godot/imported/worldbone_ledge_mask_01.png-cbaf980e655223c140b1b560fc84b580.ctex[39m[0m
[  79% ] [90m[1msavepack[22m | Storing File: res://art_batches/pixel_v1/map/export/architecture/worldbone_ledge_mask_01.png.import[39m[0m
[  79% ] [90m[1msavepack[22m | Storing File: res://.godot/imported/worldbone_ledge_mask_02.png-e6171fa1b37c88e52595c7577ac39010.ctex[39m[0m
[  79% ] [90m[1msavepack[22m | Storing File: res://art_batches/pixel_v1/map/export/architecture/worldbone_ledge_mask_02.png.import[39m[0m
[  79% ] [90m[1msavepack[22m | Storing File: res://.godot/imported/worldbone_ledge_mask_03.png-046ffe4736d5446485e10934a9cb6a06.ctex[39m[0m
[  79% ] [90m[1msavepack[22m | Storing File: res://art_batches/pixel_v1/map/export/architecture/worldbone_ledge_mask_03.png.import[39m[0m
[  79% ] [90m[1msavepack[22m | Storing File: res://.godot/imported/worldbone_ledge_mask_04.png-8a60dfefe60492c8f2249ddf1c3a3d6a.ctex[39m[0m
[  79% ] [90m[1msavepack[22m | Storing File: res://art_batches/pixel_v1/map/export/architecture/worldbone_ledge_mask_04.png.import[39m[0m
[  79% ] [90m[1msavepack[22m | Storing File: res://.godot/imported/worldbone_ledge_mask_05.png-3f9229fe3c4ff6e56eb5a3d427656c62.ctex[39m[0m
[  79% ] [90m[1msavepack[22m | Storing File: res://art_batches/pixel_v1/map/export/architecture/worldbone_ledge_mask_05.png.import[39m[0m
[  79% ] [90m[1msavepack[22m | Storing File: res://.godot/imported/worldbone_ledge_mask_06.png-5f6f4d9d0224b285e03d3ec7e6e755cf.ctex[39m[0m
[  79% ] [90m[1msavepack[22m | Storing File: res://art_batches/pixel_v1/map/export/architecture/worldbone_ledge_mask_06.png.import[39m[0m
[  79% ] [90m[1msavepack[22m | Storing File: res://.godot/imported/worldbone_ledge_mask_07.png-5735cc9cf8c7599f7a0c759346c56b3f.ctex[39m[0m
[  79% ] [90m[1msavepack[22m | Storing File: res://art_batches/pixel_v1/map/export/architecture/worldbone_ledge_mask_07.png.import[39m[0m
[  79% ] [90m[1msavepack[22m | Storing File: res://.godot/imported/worldbone_ledge_mask_08.png-85d37d4977f50c49e398ed25b5953bdd.ctex[39m[0m
[  79% ] [90m[1msavepack[22m | Storing File: res://art_batches/pixel_v1/map/export/architecture/worldbone_ledge_mask_08.png.import[39m[0m
[  79% ] [90m[1msavepack[22m | Storing File: res://.godot/imported/worldbone_ledge_mask_09.png-9eadfb8ee15cce791b4fc2a7b26eda67.ctex[39m[0m
[  79% ] [90m[1msavepack[22m | Storing File: res://art_batches/pixel_v1/map/export/architecture/worldbone_ledge_mask_09.png.import[39m[0m
[  79% ] [90m[1msavepack[22m | Storing File: res://.godot/imported/worldbone_ledge_mask_10.png-cc3794ac6ed8a657b38a864982b71de8.ctex[39m[0m
[  79% ] [90m[1msavepack[22m | Storing File: res://art_batches/pixel_v1/map/export/architecture/worldbone_ledge_mask_10.png.import[39m[0m
[  80% ] [90m[1msavepack[22m | Storing File: res://.godot/imported/worldbone_ledge_mask_11.png-d0418c0202253ceaded12dd8f44605a6.ctex[39m[0m
[  80% ] [90m[1msavepack[22m | Storing File: res://art_batches/pixel_v1/map/export/architecture/worldbone_ledge_mask_11.png.import[39m[0m
[  80% ] [90m[1msavepack[22m | Storing File: res://.godot/imported/worldbone_ledge_mask_12.png-3568ff22e104c94d64f942a12129f118.ctex[39m[0m
[  80% ] [90m[1msavepack[22m | Storing File: res://art_batches/pixel_v1/map/export/architecture/worldbone_ledge_mask_12.png.import[39m[0m
[  80% ] [90m[1msavepack[22m | Storing File: res://.godot/imported/worldbone_ledge_mask_13.png-4b2dfc124e42b7cd0fd5e4855ba228c9.ctex[39m[0m
[  80% ] [90m[1msavepack[22m | Storing File: res://art_batches/pixel_v1/map/export/architecture/worldbone_ledge_mask_13.png.import[39m[0m
[  80% ] [90m[1msavepack[22m | Storing File: res://.godot/imported/worldbone_ledge_mask_14.png-7dd5f8eaac062ce49cac3389d41e0a00.ctex[39m[0m
[  80% ] [90m[1msavepack[22m | Storing File: res://art_batches/pixel_v1/map/export/architecture/worldbone_ledge_mask_14.png.import[39m[0m
[  80% ] [90m[1msavepack[22m | Storing File: res://.godot/imported/worldbone_ledge_mask_15.png-bf99aeae45ad9d7a61ef61cbd7e68e16.ctex[39m[0m
[  80% ] [90m[1msavepack[22m | Storing File: res://art_batches/pixel_v1/map/export/architecture/worldbone_ledge_mask_15.png.import[39m[0m
[  80% ] [90m[1msavepack[22m | Storing File: res://.godot/imported/worldbone_low_mask_00.png-a73a19dcd1fdaae3ee314d9ec66d9488.ctex[39m[0m
[  80% ] [90m[1msavepack[22m | Storing File: res://art_batches/pixel_v1/map/export/architecture/worldbone_low_mask_00.png.import[39m[0m
[  80% ] [90m[1msavepack[22m | Storing File: res://.godot/imported/worldbone_low_mask_01.png-3958cc08f7af72b98384c5bd303fd942.ctex[39m[0m
[  80% ] [90m[1msavepack[22m | Storing File: res://art_batches/pixel_v1/map/export/architecture/worldbone_low_mask_01.png.import[39m[0m
[  80% ] [90m[1msavepack[22m | Storing File: res://.godot/imported/worldbone_low_mask_02.png-a01148be1bfa7892e4874bda7cc061c5.ctex[39m[0m
[  80% ] [90m[1msavepack[22m | Storing File: res://art_batches/pixel_v1/map/export/architecture/worldbone_low_mask_02.png.import[39m[0m
[  80% ] [90m[1msavepack[22m | Storing File: res://.godot/imported/worldbone_low_mask_03.png-8ccf128188dda16c83095d83ffb6649b.ctex[39m[0m
[  80% ] [90m[1msavepack[22m | Storing File: res://art_batches/pixel_v1/map/export/architecture/worldbone_low_mask_03.png.import[39m[0m
[  80% ] [90m[1msavepack[22m | Storing File: res://.godot/imported/worldbone_low_mask_04.png-c3ac55a04a872444a42ce18d88f2a42b.ctex[39m[0m
[  80% ] [90m[1msavepack[22m | Storing File: res://art_batches/pixel_v1/map/export/architecture/worldbone_low_mask_04.png.import[39m[0m
[  80% ] [90m[1msavepack[22m | Storing File: res://.godot/imported/worldbone_low_mask_05.png-1e30ae22c439d36462bbf51e070c8f63.ctex[39m[0m
[  80% ] [90m[1msavepack[22m | Storing File: res://art_batches/pixel_v1/map/export/architecture/worldbone_low_mask_05.png.import[39m[0m
[  80% ] [90m[1msavepack[22m | Storing File: res://.godot/imported/worldbone_low_mask_06.png-09b29f82758beb1345ec1c9ed2d68ea8.ctex[39m[0m
[  80% ] [90m[1msavepack[22m | Storing File: res://art_batches/pixel_v1/map/export/architecture/worldbone_low_mask_06.png.import[39m[0m
[  80% ] [90m[1msavepack[22m | Storing File: res://.godot/imported/worldbone_low_mask_07.png-f419d3e9e834a118fa392aa516fccb70.ctex[39m[0m
[  80% ] [90m[1msavepack[22m | Storing File: res://art_batches/pixel_v1/map/export/architecture/worldbone_low_mask_07.png.import[39m[0m
[  80% ] [90m[1msavepack[22m | Storing File: res://.godot/imported/worldbone_low_mask_08.png-e341c88b6a6265df2972cf181260c9a7.ctex[39m[0m
[  80% ] [90m[1msavepack[22m | Storing File: res://art_batches/pixel_v1/map/export/architecture/worldbone_low_mask_08.png.import[39m[0m
[  81% ] [90m[1msavepack[22m | Storing File: res://.godot/imported/worldbone_low_mask_09.png-795ec721bef64e7a055d6caa9c10f4d8.ctex[39m[0m
[  81% ] [90m[1msavepack[22m | Storing File: res://art_batches/pixel_v1/map/export/architecture/worldbone_low_mask_09.png.import[39m[0m
[  81% ] [90m[1msavepack[22m | Storing File: res://.godot/imported/worldbone_low_mask_10.png-e260fbc55f0ebf64398ef4053fef999a.ctex[39m[0m
[  81% ] [90m[1msavepack[22m | Storing File: res://art_batches/pixel_v1/map/export/architecture/worldbone_low_mask_10.png.import[39m[0m
[  81% ] [90m[1msavepack[22m | Storing File: res://.godot/imported/worldbone_low_mask_11.png-8b3086c94cf66465ea0bddb117f4720e.ctex[39m[0m
[  81% ] [90m[1msavepack[22m | Storing File: res://art_batches/pixel_v1/map/export/architecture/worldbone_low_mask_11.png.import[39m[0m
[  81% ] [90m[1msavepack[22m | Storing File: res://.godot/imported/worldbone_low_mask_12.png-00d9e6844c8faeaad3b5e86b0761539f.ctex[39m[0m
[  81% ] [90m[1msavepack[22m | Storing File: res://art_batches/pixel_v1/map/export/architecture/worldbone_low_mask_12.png.import[39m[0m
[  81% ] [90m[1msavepack[22m | Storing File: res://.godot/imported/worldbone_low_mask_13.png-46b197d943434a8b00e7aadf98c60c3f.ctex[39m[0m
[  81% ] [90m[1msavepack[22m | Storing File: res://art_batches/pixel_v1/map/export/architecture/worldbone_low_mask_13.png.import[39m[0m
[  81% ] [90m[1msavepack[22m | Storing File: res://.godot/imported/worldbone_low_mask_14.png-eac9dcf28f002e3c52bb402ed02853d0.ctex[39m[0m
[  81% ] [90m[1msavepack[22m | Storing File: res://art_batches/pixel_v1/map/export/architecture/worldbone_low_mask_14.png.import[39m[0m
[  81% ] [90m[1msavepack[22m | Storing File: res://.godot/imported/worldbone_low_mask_15.png-a1ec2461e81bee73656c7443f5d6aa96.ctex[39m[0m
[  81% ] [90m[1msavepack[22m | Storing File: res://art_batches/pixel_v1/map/export/architecture/worldbone_low_mask_15.png.import[39m[0m
[  81% ] [90m[1msavepack[22m | Storing File: res://.godot/imported/worldbone_pillar_low.png-dad35930e9865fd1f708b5fc0391a560.ctex[39m[0m
[  81% ] [90m[1msavepack[22m | Storing File: res://art_batches/pixel_v1/map/export/architecture/worldbone_pillar_low.png.import[39m[0m
[  81% ] [90m[1msavepack[22m | Storing File: res://.godot/imported/worldbone_pillar_tall.png-ead835842496163919634bf61fc9cb8e.ctex[39m[0m
[  81% ] [90m[1msavepack[22m | Storing File: res://art_batches/pixel_v1/map/export/architecture/worldbone_pillar_tall.png.import[39m[0m
[  81% ] [90m[1msavepack[22m | Storing File: res://.godot/imported/worldbone_standard_mask_00.png-1c106c990aa295ef1c25c92e0c6ddcfa.ctex[39m[0m
[  81% ] [90m[1msavepack[22m | Storing File: res://art_batches/pixel_v1/map/export/architecture/worldbone_standard_mask_00.png.import[39m[0m
[  81% ] [90m[1msavepack[22m | Storing File: res://.godot/imported/worldbone_standard_mask_01.png-829775ec47d932bfd0eea69806c90265.ctex[39m[0m
[  81% ] [90m[1msavepack[22m | Storing File: res://art_batches/pixel_v1/map/export/architecture/worldbone_standard_mask_01.png.import[39m[0m
[  81% ] [90m[1msavepack[22m | Storing File: res://.godot/imported/worldbone_standard_mask_02.png-370d4f01e3818a32c68484f1adda862e.ctex[39m[0m
[  81% ] [90m[1msavepack[22m | Storing File: res://art_batches/pixel_v1/map/export/architecture/worldbone_standard_mask_02.png.import[39m[0m
[  81% ] [90m[1msavepack[22m | Storing File: res://.godot/imported/worldbone_standard_mask_03.png-0d76e3f6b6f960678c270cac7bb8ccbd.ctex[39m[0m
[  81% ] [90m[1msavepack[22m | Storing File: res://art_batches/pixel_v1/map/export/architecture/worldbone_standard_mask_03.png.import[39m[0m
[  82% ] [90m[1msavepack[22m | Storing File: res://.godot/imported/worldbone_standard_mask_04.png-462fa12bdde000daef0cfcea49cd0ac1.ctex[39m[0m
[  82% ] [90m[1msavepack[22m | Storing File: res://art_batches/pixel_v1/map/export/architecture/worldbone_standard_mask_04.png.import[39m[0m
[  82% ] [90m[1msavepack[22m | Storing File: res://.godot/imported/worldbone_standard_mask_05.png-3517a6406874902199cf656e638db898.ctex[39m[0m
[  82% ] [90m[1msavepack[22m | Storing File: res://art_batches/pixel_v1/map/export/architecture/worldbone_standard_mask_05.png.import[39m[0m
[  82% ] [90m[1msavepack[22m | Storing File: res://.godot/imported/worldbone_standard_mask_06.png-e1d546adef8c921f5167cc27d218270b.ctex[39m[0m
[  82% ] [90m[1msavepack[22m | Storing File: res://art_batches/pixel_v1/map/export/architecture/worldbone_standard_mask_06.png.import[39m[0m
[  82% ] [90m[1msavepack[22m | Storing File: res://.godot/imported/worldbone_standard_mask_07.png-ac1ebaa6d65f7a9e43f795af79613b1e.ctex[39m[0m
[  82% ] [90m[1msavepack[22m | Storing File: res://art_batches/pixel_v1/map/export/architecture/worldbone_standard_mask_07.png.import[39m[0m
[  82% ] [90m[1msavepack[22m | Storing File: res://.godot/imported/worldbone_standard_mask_08.png-771fdab9427572fb93953e6386ce2dfa.ctex[39m[0m
[  82% ] [90m[1msavepack[22m | Storing File: res://art_batches/pixel_v1/map/export/architecture/worldbone_standard_mask_08.png.import[39m[0m
[  82% ] [90m[1msavepack[22m | Storing File: res://.godot/imported/worldbone_standard_mask_09.png-c9587cc8f6ef56204cb4cdfa0c2f287e.ctex[39m[0m
[  82% ] [90m[1msavepack[22m | Storing File: res://art_batches/pixel_v1/map/export/architecture/worldbone_standard_mask_09.png.import[39m[0m
[  82% ] [90m[1msavepack[22m | Storing File: res://.godot/imported/worldbone_standard_mask_10.png-63fecf48922726d3c33c8f907d77640a.ctex[39m[0m
[  82% ] [90m[1msavepack[22m | Storing File: res://art_batches/pixel_v1/map/export/architecture/worldbone_standard_mask_10.png.import[39m[0m
[  82% ] [90m[1msavepack[22m | Storing File: res://.godot/imported/worldbone_standard_mask_11.png-b6de61b74b3021aa30be0e4010c496e0.ctex[39m[0m
[  82% ] [90m[1msavepack[22m | Storing File: res://art_batches/pixel_v1/map/export/architecture/worldbone_standard_mask_11.png.import[39m[0m
[  82% ] [90m[1msavepack[22m | Storing File: res://.godot/imported/worldbone_standard_mask_12.png-4af6a22580ee8dd63396d9ab5d7be057.ctex[39m[0m
[  82% ] [90m[1msavepack[22m | Storing File: res://art_batches/pixel_v1/map/export/architecture/worldbone_standard_mask_12.png.import[39m[0m
[  82% ] [90m[1msavepack[22m | Storing File: res://.godot/imported/worldbone_standard_mask_13.png-3148527ba076381b56f6a94d89a85ae7.ctex[39m[0m
[  82% ] [90m[1msavepack[22m | Storing File: res://art_batches/pixel_v1/map/export/architecture/worldbone_standard_mask_13.png.import[39m[0m
[  82% ] [90m[1msavepack[22m | Storing File: res://.godot/imported/worldbone_standard_mask_14.png-781fb1c3c738550e6d436940a78a0624.ctex[39m[0m
[  82% ] [90m[1msavepack[22m | Storing File: res://art_batches/pixel_v1/map/export/architecture/worldbone_standard_mask_14.png.import[39m[0m
[  82% ] [90m[1msavepack[22m | Storing File: res://.godot/imported/worldbone_standard_mask_15.png-54e0a1ecb6924273e4059c0c73a13b3e.ctex[39m[0m
[  82% ] [90m[1msavepack[22m | Storing File: res://art_batches/pixel_v1/map/export/architecture/worldbone_standard_mask_15.png.import[39m[0m
[  82% ] [90m[1msavepack[22m | Storing File: res://.godot/imported/atlas.png-31a0644f056967acecb3e2d399d6b3a5.ctex[39m[0m
[  82% ] [90m[1msavepack[22m | Storing File: res://art_batches/pixel_v1/map/export/props/atlas.png.import[39m[0m
[  82% ] [90m[1msavepack[22m | Storing File: res://.godot/imported/prop_banner_pole.png-8275fbc05e11a8c5da0fd38651d36887.ctex[39m[0m
[  82% ] [90m[1msavepack[22m | Storing File: res://art_batches/pixel_v1/map/export/props/prop_banner_pole.png.import[39m[0m
[  83% ] [90m[1msavepack[22m | Storing File: res://.godot/imported/prop_bench.png-e957c00c2c8db2a66c0a9e3ca9a86ed6.ctex[39m[0m
[  83% ] [90m[1msavepack[22m | Storing File: res://art_batches/pixel_v1/map/export/props/prop_bench.png.import[39m[0m
[  83% ] [90m[1msavepack[22m | Storing File: res://.godot/imported/prop_fountain_basin.png-3705575600eb8c38ea23dd0cf5b125f6.ctex[39m[0m
[  83% ] [90m[1msavepack[22m | Storing File: res://art_batches/pixel_v1/map/export/props/prop_fountain_basin.png.import[39m[0m
[  83% ] [90m[1msavepack[22m | Storing File: res://.godot/imported/prop_fountain_spout.png-04ce9f7483070271e26e0c87e071a011.ctex[39m[0m
[  83% ] [90m[1msavepack[22m | Storing File: res://art_batches/pixel_v1/map/export/props/prop_fountain_spout.png.import[39m[0m
[  83% ] [90m[1msavepack[22m | Storing File: res://.godot/imported/prop_lantern_housing.png-2c1348baf3be766321331b3abbbf5b42.ctex[39m[0m
[  83% ] [90m[1msavepack[22m | Storing File: res://art_batches/pixel_v1/map/export/props/prop_lantern_housing.png.import[39m[0m
[  83% ] [90m[1msavepack[22m | Storing File: res://.godot/imported/prop_lectern.png-c4e894203c44ead38621fec0ec83c25a.ctex[39m[0m
[  83% ] [90m[1msavepack[22m | Storing File: res://art_batches/pixel_v1/map/export/props/prop_lectern.png.import[39m[0m
[  83% ] [90m[1msavepack[22m | Storing File: res://.godot/imported/prop_planter_empty.png-37910eb38add8c6824dc61098deab833.ctex[39m[0m
[  83% ] [90m[1msavepack[22m | Storing File: res://art_batches/pixel_v1/map/export/props/prop_planter_empty.png.import[39m[0m
[  83% ] [90m[1msavepack[22m | Storing File: res://.godot/imported/prop_planter_planted.png-7cc21d21f2afce0bf286a1ad319e28f5.ctex[39m[0m
[  83% ] [90m[1msavepack[22m | Storing File: res://art_batches/pixel_v1/map/export/props/prop_planter_planted.png.import[39m[0m
[  83% ] [90m[1msavepack[22m | Storing File: res://.godot/imported/prop_signboard.png-90b78cdcb1e1206438a2bd6a106c06ff.ctex[39m[0m
[  83% ] [90m[1msavepack[22m | Storing File: res://art_batches/pixel_v1/map/export/props/prop_signboard.png.import[39m[0m
[  83% ] [90m[1msavepack[22m | Storing File: res://.godot/imported/prop_training_dummy.png-865d27cba1b148290a4e0b17727ed041.ctex[39m[0m
[  83% ] [90m[1msavepack[22m | Storing File: res://art_batches/pixel_v1/map/export/props/prop_training_dummy.png.import[39m[0m
[  83% ] [90m[1msavepack[22m | Storing File: res://.godot/imported/prop_workbench_brass.png-23872fe3b0c38c20b6dda61c1c274f19.ctex[39m[0m
[  83% ] [90m[1msavepack[22m | Storing File: res://art_batches/pixel_v1/map/export/props/prop_workbench_brass.png.import[39m[0m
[  83% ] [90m[1msavepack[22m | Storing File: res://.godot/imported/prop_workbench_stone.png-3231b2e02e936b6e6003daccb58b1527.ctex[39m[0m
[  83% ] [90m[1msavepack[22m | Storing File: res://art_batches/pixel_v1/map/export/props/prop_workbench_stone.png.import[39m[0m
[  83% ] [90m[1msavepack[22m | Storing File: res://.godot/imported/prop_workbench_worldbone.png-d7890e9a071e7aeefed39cd620641c7c.ctex[39m[0m
[  83% ] [90m[1msavepack[22m | Storing File: res://art_batches/pixel_v1/map/export/props/prop_workbench_worldbone.png.import[39m[0m
[  83% ] [90m[1msavepack[22m | Storing File: res://.godot/imported/atlas.png-37ca549336b37636b8719bc50a8f898b.ctex[39m[0m
[  83% ] [90m[1msavepack[22m | Storing File: res://art_batches/pixel_v1/map/export/terrain/atlas.png.import[39m[0m
[  84% ] [90m[1msavepack[22m | Storing File: res://.godot/imported/terrain_earth_corner_concave_ne.png-b461b7f2adf9292d2026d55c7bfccfc7.ctex[39m[0m
[  84% ] [90m[1msavepack[22m | Storing File: res://art_batches/pixel_v1/map/export/terrain/terrain_earth_corner_concave_ne.png.import[39m[0m
[  84% ] [90m[1msavepack[22m | Storing File: res://.godot/imported/terrain_earth_corner_concave_nw.png-e988d7a184380c90f594cdbb139b11c9.ctex[39m[0m
[  84% ] [90m[1msavepack[22m | Storing File: res://art_batches/pixel_v1/map/export/terrain/terrain_earth_corner_concave_nw.png.import[39m[0m
[  84% ] [90m[1msavepack[22m | Storing File: res://.godot/imported/terrain_earth_corner_concave_se.png-bb87976a54cde4372f16bfb7d625e061.ctex[39m[0m
[  84% ] [90m[1msavepack[22m | Storing File: res://art_batches/pixel_v1/map/export/terrain/terrain_earth_corner_concave_se.png.import[39m[0m
[  84% ] [90m[1msavepack[22m | Storing File: res://.godot/imported/terrain_earth_corner_concave_sw.png-1e6bbcd57e6ac4f97eb00e6812c586d0.ctex[39m[0m
[  84% ] [90m[1msavepack[22m | Storing File: res://art_batches/pixel_v1/map/export/terrain/terrain_earth_corner_concave_sw.png.import[39m[0m
[  84% ] [90m[1msavepack[22m | Storing File: res://.godot/imported/terrain_earth_corner_convex_ne.png-e4f45bb7c673ce1b018e94c122c32c0b.ctex[39m[0m
[  84% ] [90m[1msavepack[22m | Storing File: res://art_batches/pixel_v1/map/export/terrain/terrain_earth_corner_convex_ne.png.import[39m[0m
[  84% ] [90m[1msavepack[22m | Storing File: res://.godot/imported/terrain_earth_corner_convex_nw.png-d403b26ac167295351afaefb17cbe745.ctex[39m[0m
[  84% ] [90m[1msavepack[22m | Storing File: res://art_batches/pixel_v1/map/export/terrain/terrain_earth_corner_convex_nw.png.import[39m[0m
[  84% ] [90m[1msavepack[22m | Storing File: res://.godot/imported/terrain_earth_corner_convex_se.png-bb031e3d7ab5e1a8de355fe6fce1144b.ctex[39m[0m
[  84% ] [90m[1msavepack[22m | Storing File: res://art_batches/pixel_v1/map/export/terrain/terrain_earth_corner_convex_se.png.import[39m[0m
[  84% ] [90m[1msavepack[22m | Storing File: res://.godot/imported/terrain_earth_corner_convex_sw.png-29628ff490fad15432ef52c92dcdf938.ctex[39m[0m
[  84% ] [90m[1msavepack[22m | Storing File: res://art_batches/pixel_v1/map/export/terrain/terrain_earth_corner_convex_sw.png.import[39m[0m
[  84% ] [90m[1msavepack[22m | Storing File: res://.godot/imported/terrain_earth_fill_v1.png-1e23c2d2ef8e01f00e0166538a604225.ctex[39m[0m
[  84% ] [90m[1msavepack[22m | Storing File: res://art_batches/pixel_v1/map/export/terrain/terrain_earth_fill_v1.png.import[39m[0m
[  84% ] [90m[1msavepack[22m | Storing File: res://.godot/imported/terrain_earth_fill_v2.png-ba5ab1a1f0c0cae1e05456a9b73fe97a.ctex[39m[0m
[  84% ] [90m[1msavepack[22m | Storing File: res://art_batches/pixel_v1/map/export/terrain/terrain_earth_fill_v2.png.import[39m[0m
[  84% ] [90m[1msavepack[22m | Storing File: res://.godot/imported/terrain_earth_fill_v3.png-ae7d8fd02c89997264ca079dd08142ab.ctex[39m[0m
[  84% ] [90m[1msavepack[22m | Storing File: res://art_batches/pixel_v1/map/export/terrain/terrain_earth_fill_v3.png.import[39m[0m
[  84% ] [90m[1msavepack[22m | Storing File: res://.godot/imported/terrain_earth_mask_00.png-597c4d3cc02a9209c58d818e9c494d38.ctex[39m[0m
[  84% ] [90m[1msavepack[22m | Storing File: res://art_batches/pixel_v1/map/export/terrain/terrain_earth_mask_00.png.import[39m[0m
[  84% ] [90m[1msavepack[22m | Storing File: res://.godot/imported/terrain_earth_mask_01.png-17a22e970959d5306ab69f6807bfc37f.ctex[39m[0m
[  84% ] [90m[1msavepack[22m | Storing File: res://art_batches/pixel_v1/map/export/terrain/terrain_earth_mask_01.png.import[39m[0m
[  85% ] [90m[1msavepack[22m | Storing File: res://.godot/imported/terrain_earth_mask_02.png-ab4cc79c8fa567e328910f804fe7c9e0.ctex[39m[0m
[  85% ] [90m[1msavepack[22m | Storing File: res://art_batches/pixel_v1/map/export/terrain/terrain_earth_mask_02.png.import[39m[0m
[  85% ] [90m[1msavepack[22m | Storing File: res://.godot/imported/terrain_earth_mask_03.png-43dc89780ca5529bc9b4fa753c49b92d.ctex[39m[0m
[  85% ] [90m[1msavepack[22m | Storing File: res://art_batches/pixel_v1/map/export/terrain/terrain_earth_mask_03.png.import[39m[0m
[  85% ] [90m[1msavepack[22m | Storing File: res://.godot/imported/terrain_earth_mask_04.png-92e59a74cd8f76dc200c3b89d500272a.ctex[39m[0m
[  85% ] [90m[1msavepack[22m | Storing File: res://art_batches/pixel_v1/map/export/terrain/terrain_earth_mask_04.png.import[39m[0m
[  85% ] [90m[1msavepack[22m | Storing File: res://.godot/imported/terrain_earth_mask_05.png-bf4689454205a0ff770236ede052cd08.ctex[39m[0m
[  85% ] [90m[1msavepack[22m | Storing File: res://art_batches/pixel_v1/map/export/terrain/terrain_earth_mask_05.png.import[39m[0m
[  85% ] [90m[1msavepack[22m | Storing File: res://.godot/imported/terrain_earth_mask_06.png-05b4aa4ff6106685f823329589e38348.ctex[39m[0m
[  85% ] [90m[1msavepack[22m | Storing File: res://art_batches/pixel_v1/map/export/terrain/terrain_earth_mask_06.png.import[39m[0m
[  85% ] [90m[1msavepack[22m | Storing File: res://.godot/imported/terrain_earth_mask_07.png-d6bf54e23b09b39cfc9a645d48e6510d.ctex[39m[0m
[  85% ] [90m[1msavepack[22m | Storing File: res://art_batches/pixel_v1/map/export/terrain/terrain_earth_mask_07.png.import[39m[0m
[  85% ] [90m[1msavepack[22m | Storing File: res://.godot/imported/terrain_earth_mask_08.png-37097d4c22c949b298c8c8552e2a9166.ctex[39m[0m
[  85% ] [90m[1msavepack[22m | Storing File: res://art_batches/pixel_v1/map/export/terrain/terrain_earth_mask_08.png.import[39m[0m
[  85% ] [90m[1msavepack[22m | Storing File: res://.godot/imported/terrain_earth_mask_09.png-10ac9e8daf144f608e820bce2adb89cd.ctex[39m[0m
[  85% ] [90m[1msavepack[22m | Storing File: res://art_batches/pixel_v1/map/export/terrain/terrain_earth_mask_09.png.import[39m[0m
[  85% ] [90m[1msavepack[22m | Storing File: res://.godot/imported/terrain_earth_mask_10.png-08de1856df2476d675e94278717b6a23.ctex[39m[0m
[  85% ] [90m[1msavepack[22m | Storing File: res://art_batches/pixel_v1/map/export/terrain/terrain_earth_mask_10.png.import[39m[0m
[  85% ] [90m[1msavepack[22m | Storing File: res://.godot/imported/terrain_earth_mask_11.png-eb7aea5c8c5837d26c74ac0b7aa18f27.ctex[39m[0m
[  85% ] [90m[1msavepack[22m | Storing File: res://art_batches/pixel_v1/map/export/terrain/terrain_earth_mask_11.png.import[39m[0m
[  85% ] [90m[1msavepack[22m | Storing File: res://.godot/imported/terrain_earth_mask_12.png-283d4da453e174556e393d2932e73620.ctex[39m[0m
[  85% ] [90m[1msavepack[22m | Storing File: res://art_batches/pixel_v1/map/export/terrain/terrain_earth_mask_12.png.import[39m[0m
[  85% ] [90m[1msavepack[22m | Storing File: res://.godot/imported/terrain_earth_mask_13.png-7746db7de1f93c1dc48453a743aa45d5.ctex[39m[0m
[  85% ] [90m[1msavepack[22m | Storing File: res://art_batches/pixel_v1/map/export/terrain/terrain_earth_mask_13.png.import[39m[0m
[  85% ] [90m[1msavepack[22m | Storing File: res://.godot/imported/terrain_earth_mask_14.png-d2038af694b80317c2319cfcf2a2eab4.ctex[39m[0m
[  85% ] [90m[1msavepack[22m | Storing File: res://art_batches/pixel_v1/map/export/terrain/terrain_earth_mask_14.png.import[39m[0m
[  85% ] [90m[1msavepack[22m | Storing File: res://.godot/imported/terrain_earth_mask_15.png-c2d43352ee2e4609a9d2fcb914103b47.ctex[39m[0m
[  85% ] [90m[1msavepack[22m | Storing File: res://art_batches/pixel_v1/map/export/terrain/terrain_earth_mask_15.png.import[39m[0m
[  86% ] [90m[1msavepack[22m | Storing File: res://.godot/imported/terrain_grass_corner_concave_ne.png-e5b139ba0e055a451b8cfb3254dddc74.ctex[39m[0m
[  86% ] [90m[1msavepack[22m | Storing File: res://art_batches/pixel_v1/map/export/terrain/terrain_grass_corner_concave_ne.png.import[39m[0m
[  86% ] [90m[1msavepack[22m | Storing File: res://.godot/imported/terrain_grass_corner_concave_nw.png-ebfb0b37dd46517460db7f3617df5f0b.ctex[39m[0m
[  86% ] [90m[1msavepack[22m | Storing File: res://art_batches/pixel_v1/map/export/terrain/terrain_grass_corner_concave_nw.png.import[39m[0m
[  86% ] [90m[1msavepack[22m | Storing File: res://.godot/imported/terrain_grass_corner_concave_se.png-6175aa3fb4db19e5611c9dbbea636454.ctex[39m[0m
[  86% ] [90m[1msavepack[22m | Storing File: res://art_batches/pixel_v1/map/export/terrain/terrain_grass_corner_concave_se.png.import[39m[0m
[  86% ] [90m[1msavepack[22m | Storing File: res://.godot/imported/terrain_grass_corner_concave_sw.png-6b7f61aadf2f375839e0b337c31e71ae.ctex[39m[0m
[  86% ] [90m[1msavepack[22m | Storing File: res://art_batches/pixel_v1/map/export/terrain/terrain_grass_corner_concave_sw.png.import[39m[0m
[  86% ] [90m[1msavepack[22m | Storing File: res://.godot/imported/terrain_grass_corner_convex_ne.png-3336d401e452bae98920ed54c4cd9821.ctex[39m[0m
[  86% ] [90m[1msavepack[22m | Storing File: res://art_batches/pixel_v1/map/export/terrain/terrain_grass_corner_convex_ne.png.import[39m[0m
[  86% ] [90m[1msavepack[22m | Storing File: res://.godot/imported/terrain_grass_corner_convex_nw.png-b364917bdb3d8a8d9cc30942c59747c2.ctex[39m[0m
[  86% ] [90m[1msavepack[22m | Storing File: res://art_batches/pixel_v1/map/export/terrain/terrain_grass_corner_convex_nw.png.import[39m[0m
[  86% ] [90m[1msavepack[22m | Storing File: res://.godot/imported/terrain_grass_corner_convex_se.png-a526d86494707aa5cc44ff4d06ae6ec0.ctex[39m[0m
[  86% ] [90m[1msavepack[22m | Storing File: res://art_batches/pixel_v1/map/export/terrain/terrain_grass_corner_convex_se.png.import[39m[0m
[  86% ] [90m[1msavepack[22m | Storing File: res://.godot/imported/terrain_grass_corner_convex_sw.png-41942acc9d720bb7b8d73560650d9b90.ctex[39m[0m
[  86% ] [90m[1msavepack[22m | Storing File: res://art_batches/pixel_v1/map/export/terrain/terrain_grass_corner_convex_sw.png.import[39m[0m
[  86% ] [90m[1msavepack[22m | Storing File: res://.godot/imported/terrain_grass_fill_v1.png-70dfa08444f8c659affcf91ec6706737.ctex[39m[0m
[  86% ] [90m[1msavepack[22m | Storing File: res://art_batches/pixel_v1/map/export/terrain/terrain_grass_fill_v1.png.import[39m[0m
[  86% ] [90m[1msavepack[22m | Storing File: res://.godot/imported/terrain_grass_fill_v2.png-7be892e259607ce37a86620c918c8001.ctex[39m[0m
[  86% ] [90m[1msavepack[22m | Storing File: res://art_batches/pixel_v1/map/export/terrain/terrain_grass_fill_v2.png.import[39m[0m
[  86% ] [90m[1msavepack[22m | Storing File: res://.godot/imported/terrain_grass_fill_v3.png-74db88569dbf42535fabe9abf5a24679.ctex[39m[0m
[  86% ] [90m[1msavepack[22m | Storing File: res://art_batches/pixel_v1/map/export/terrain/terrain_grass_fill_v3.png.import[39m[0m
[  86% ] [90m[1msavepack[22m | Storing File: res://.godot/imported/terrain_grass_mask_00.png-a0d39bad3e942e6a8e258c9b87499cc8.ctex[39m[0m
[  86% ] [90m[1msavepack[22m | Storing File: res://art_batches/pixel_v1/map/export/terrain/terrain_grass_mask_00.png.import[39m[0m
[  86% ] [90m[1msavepack[22m | Storing File: res://.godot/imported/terrain_grass_mask_01.png-e6cd22b293891a72c9547917601d0485.ctex[39m[0m
[  86% ] [90m[1msavepack[22m | Storing File: res://art_batches/pixel_v1/map/export/terrain/terrain_grass_mask_01.png.import[39m[0m
[  87% ] [90m[1msavepack[22m | Storing File: res://.godot/imported/terrain_grass_mask_02.png-a5b84d3570d74d23d9dfd796015ce39a.ctex[39m[0m
[  87% ] [90m[1msavepack[22m | Storing File: res://art_batches/pixel_v1/map/export/terrain/terrain_grass_mask_02.png.import[39m[0m
[  87% ] [90m[1msavepack[22m | Storing File: res://.godot/imported/terrain_grass_mask_03.png-998504410112ac82390f3cf0ed2e8903.ctex[39m[0m
[  87% ] [90m[1msavepack[22m | Storing File: res://art_batches/pixel_v1/map/export/terrain/terrain_grass_mask_03.png.import[39m[0m
[  87% ] [90m[1msavepack[22m | Storing File: res://.godot/imported/terrain_grass_mask_04.png-715fadfcac1674e0782e9c064e6e06d9.ctex[39m[0m
[  87% ] [90m[1msavepack[22m | Storing File: res://art_batches/pixel_v1/map/export/terrain/terrain_grass_mask_04.png.import[39m[0m
[  87% ] [90m[1msavepack[22m | Storing File: res://.godot/imported/terrain_grass_mask_05.png-3c31730a908d719388889c24695a13bb.ctex[39m[0m
[  87% ] [90m[1msavepack[22m | Storing File: res://art_batches/pixel_v1/map/export/terrain/terrain_grass_mask_05.png.import[39m[0m
[  87% ] [90m[1msavepack[22m | Storing File: res://.godot/imported/terrain_grass_mask_06.png-b355bfd4d64b332ef1f99c2a3bb65674.ctex[39m[0m
[  87% ] [90m[1msavepack[22m | Storing File: res://art_batches/pixel_v1/map/export/terrain/terrain_grass_mask_06.png.import[39m[0m
[  87% ] [90m[1msavepack[22m | Storing File: res://.godot/imported/terrain_grass_mask_07.png-6b84828cd22bb4149f523931af967949.ctex[39m[0m
[  87% ] [90m[1msavepack[22m | Storing File: res://art_batches/pixel_v1/map/export/terrain/terrain_grass_mask_07.png.import[39m[0m
[  87% ] [90m[1msavepack[22m | Storing File: res://.godot/imported/terrain_grass_mask_08.png-5a4acf29978ae68941d825551e4af6d1.ctex[39m[0m
[  87% ] [90m[1msavepack[22m | Storing File: res://art_batches/pixel_v1/map/export/terrain/terrain_grass_mask_08.png.import[39m[0m
[  87% ] [90m[1msavepack[22m | Storing File: res://.godot/imported/terrain_grass_mask_09.png-b5be70b7994e1fced2a9dd761feac42c.ctex[39m[0m
[  87% ] [90m[1msavepack[22m | Storing File: res://art_batches/pixel_v1/map/export/terrain/terrain_grass_mask_09.png.import[39m[0m
[  87% ] [90m[1msavepack[22m | Storing File: res://.godot/imported/terrain_grass_mask_10.png-b57532a76fe575e4cbdb595d09de4ccc.ctex[39m[0m
[  87% ] [90m[1msavepack[22m | Storing File: res://art_batches/pixel_v1/map/export/terrain/terrain_grass_mask_10.png.import[39m[0m
[  87% ] [90m[1msavepack[22m | Storing File: res://.godot/imported/terrain_grass_mask_11.png-56d516712c243cb35cb4860a7ddfab69.ctex[39m[0m
[  87% ] [90m[1msavepack[22m | Storing File: res://art_batches/pixel_v1/map/export/terrain/terrain_grass_mask_11.png.import[39m[0m
[  87% ] [90m[1msavepack[22m | Storing File: res://.godot/imported/terrain_grass_mask_12.png-d8b95f5d96803a6854793cd1e7ef9911.ctex[39m[0m
[  87% ] [90m[1msavepack[22m | Storing File: res://art_batches/pixel_v1/map/export/terrain/terrain_grass_mask_12.png.import[39m[0m
[  87% ] [90m[1msavepack[22m | Storing File: res://.godot/imported/terrain_grass_mask_13.png-153ce23afd2c9f800709f11513db3515.ctex[39m[0m
[  87% ] [90m[1msavepack[22m | Storing File: res://art_batches/pixel_v1/map/export/terrain/terrain_grass_mask_13.png.import[39m[0m
[  87% ] [90m[1msavepack[22m | Storing File: res://.godot/imported/terrain_grass_mask_14.png-8f2d50892fa3ea256dd32f581a1356bc.ctex[39m[0m
[  87% ] [90m[1msavepack[22m | Storing File: res://art_batches/pixel_v1/map/export/terrain/terrain_grass_mask_14.png.import[39m[0m
[  88% ] [90m[1msavepack[22m | Storing File: res://.godot/imported/terrain_grass_mask_15.png-435555dbc702561c6bb0e3c2d88169f9.ctex[39m[0m
[  88% ] [90m[1msavepack[22m | Storing File: res://art_batches/pixel_v1/map/export/terrain/terrain_grass_mask_15.png.import[39m[0m
[  88% ] [90m[1msavepack[22m | Storing File: res://.godot/imported/terrain_paving_corner_concave_ne.png-8d1d713080e1e0cb97eba3b2d86b9774.ctex[39m[0m
[  88% ] [90m[1msavepack[22m | Storing File: res://art_batches/pixel_v1/map/export/terrain/terrain_paving_corner_concave_ne.png.import[39m[0m
[  88% ] [90m[1msavepack[22m | Storing File: res://.godot/imported/terrain_paving_corner_concave_nw.png-3f6fe5c4fe03cd133f9a98c5cc62cb1f.ctex[39m[0m
[  88% ] [90m[1msavepack[22m | Storing File: res://art_batches/pixel_v1/map/export/terrain/terrain_paving_corner_concave_nw.png.import[39m[0m
[  88% ] [90m[1msavepack[22m | Storing File: res://.godot/imported/terrain_paving_corner_concave_se.png-7e00928536cda7fcf3a632a2a7f1fe01.ctex[39m[0m
[  88% ] [90m[1msavepack[22m | Storing File: res://art_batches/pixel_v1/map/export/terrain/terrain_paving_corner_concave_se.png.import[39m[0m
[  88% ] [90m[1msavepack[22m | Storing File: res://.godot/imported/terrain_paving_corner_concave_sw.png-e5ae0c7fb183688553fa01e6c5859a0d.ctex[39m[0m
[  88% ] [90m[1msavepack[22m | Storing File: res://art_batches/pixel_v1/map/export/terrain/terrain_paving_corner_concave_sw.png.import[39m[0m
[  88% ] [90m[1msavepack[22m | Storing File: res://.godot/imported/terrain_paving_corner_convex_ne.png-e41322c328c3ecddeb22fe8d968de223.ctex[39m[0m
[  88% ] [90m[1msavepack[22m | Storing File: res://art_batches/pixel_v1/map/export/terrain/terrain_paving_corner_convex_ne.png.import[39m[0m
[  88% ] [90m[1msavepack[22m | Storing File: res://.godot/imported/terrain_paving_corner_convex_nw.png-575cd6590aae0fbe3d06c76838660595.ctex[39m[0m
[  88% ] [90m[1msavepack[22m | Storing File: res://art_batches/pixel_v1/map/export/terrain/terrain_paving_corner_convex_nw.png.import[39m[0m
[  88% ] [90m[1msavepack[22m | Storing File: res://.godot/imported/terrain_paving_corner_convex_se.png-a8caf5ed5bcfef2f33489e9eb3f2ed35.ctex[39m[0m
[  88% ] [90m[1msavepack[22m | Storing File: res://art_batches/pixel_v1/map/export/terrain/terrain_paving_corner_convex_se.png.import[39m[0m
[  88% ] [90m[1msavepack[22m | Storing File: res://.godot/imported/terrain_paving_corner_convex_sw.png-eb8f5a741c3bdad118cdeacfd597e8f9.ctex[39m[0m
[  88% ] [90m[1msavepack[22m | Storing File: res://art_batches/pixel_v1/map/export/terrain/terrain_paving_corner_convex_sw.png.import[39m[0m
[  88% ] [90m[1msavepack[22m | Storing File: res://.godot/imported/terrain_paving_fill_v1.png-353feb3ff898ff86e70f0fd10f398add.ctex[39m[0m
[  88% ] [90m[1msavepack[22m | Storing File: res://art_batches/pixel_v1/map/export/terrain/terrain_paving_fill_v1.png.import[39m[0m
[  88% ] [90m[1msavepack[22m | Storing File: res://.godot/imported/terrain_paving_fill_v2.png-0ae40d14819770030091ea70458b7ceb.ctex[39m[0m
[  88% ] [90m[1msavepack[22m | Storing File: res://art_batches/pixel_v1/map/export/terrain/terrain_paving_fill_v2.png.import[39m[0m
[  88% ] [90m[1msavepack[22m | Storing File: res://.godot/imported/terrain_paving_fill_v3.png-15d4b92c7a593540c367b7ad376343d5.ctex[39m[0m
[  88% ] [90m[1msavepack[22m | Storing File: res://art_batches/pixel_v1/map/export/terrain/terrain_paving_fill_v3.png.import[39m[0m
[  88% ] [90m[1msavepack[22m | Storing File: res://.godot/imported/terrain_paving_mask_00.png-c3eab7ffd211c66fe4df105ecb7ec264.ctex[39m[0m
[  88% ] [90m[1msavepack[22m | Storing File: res://art_batches/pixel_v1/map/export/terrain/terrain_paving_mask_00.png.import[39m[0m
[  88% ] [90m[1msavepack[22m | Storing File: res://.godot/imported/terrain_paving_mask_01.png-0d56b649efa44055d2ab79f7e3080401.ctex[39m[0m
[  88% ] [90m[1msavepack[22m | Storing File: res://art_batches/pixel_v1/map/export/terrain/terrain_paving_mask_01.png.import[39m[0m
[  89% ] [90m[1msavepack[22m | Storing File: res://.godot/imported/terrain_paving_mask_02.png-a58f339a7253562865f2d772d4e89c86.ctex[39m[0m
[  89% ] [90m[1msavepack[22m | Storing File: res://art_batches/pixel_v1/map/export/terrain/terrain_paving_mask_02.png.import[39m[0m
[  89% ] [90m[1msavepack[22m | Storing File: res://.godot/imported/terrain_paving_mask_03.png-e8df527e49a20abe14713fe6bf7bb1ea.ctex[39m[0m
[  89% ] [90m[1msavepack[22m | Storing File: res://art_batches/pixel_v1/map/export/terrain/terrain_paving_mask_03.png.import[39m[0m
[  89% ] [90m[1msavepack[22m | Storing File: res://.godot/imported/terrain_paving_mask_04.png-d781a2ea4ab8b567f9ae3dea2fef3b4b.ctex[39m[0m
[  89% ] [90m[1msavepack[22m | Storing File: res://art_batches/pixel_v1/map/export/terrain/terrain_paving_mask_04.png.import[39m[0m
[  89% ] [90m[1msavepack[22m | Storing File: res://.godot/imported/terrain_paving_mask_05.png-acb2dba31d535ffbec8e2746623160e4.ctex[39m[0m
[  89% ] [90m[1msavepack[22m | Storing File: res://art_batches/pixel_v1/map/export/terrain/terrain_paving_mask_05.png.import[39m[0m
[  89% ] [90m[1msavepack[22m | Storing File: res://.godot/imported/terrain_paving_mask_06.png-38a8b76bf6d241d43134fb36ce243830.ctex[39m[0m
[  89% ] [90m[1msavepack[22m | Storing File: res://art_batches/pixel_v1/map/export/terrain/terrain_paving_mask_06.png.import[39m[0m
[  89% ] [90m[1msavepack[22m | Storing File: res://.godot/imported/terrain_paving_mask_07.png-66ab15383be1261920683c2537bb5cf8.ctex[39m[0m
[  89% ] [90m[1msavepack[22m | Storing File: res://art_batches/pixel_v1/map/export/terrain/terrain_paving_mask_07.png.import[39m[0m
[  89% ] [90m[1msavepack[22m | Storing File: res://.godot/imported/terrain_paving_mask_08.png-fe0c6a906c75be079e9e4402702443ac.ctex[39m[0m
[  89% ] [90m[1msavepack[22m | Storing File: res://art_batches/pixel_v1/map/export/terrain/terrain_paving_mask_08.png.import[39m[0m
[  89% ] [90m[1msavepack[22m | Storing File: res://.godot/imported/terrain_paving_mask_09.png-9d9864456a90b9dd44c00734b00c10ca.ctex[39m[0m
[  89% ] [90m[1msavepack[22m | Storing File: res://art_batches/pixel_v1/map/export/terrain/terrain_paving_mask_09.png.import[39m[0m
[  89% ] [90m[1msavepack[22m | Storing File: res://.godot/imported/terrain_paving_mask_10.png-1b4ac28ea40009ec4227fe4643fd7305.ctex[39m[0m
[  89% ] [90m[1msavepack[22m | Storing File: res://art_batches/pixel_v1/map/export/terrain/terrain_paving_mask_10.png.import[39m[0m
[  89% ] [90m[1msavepack[22m | Storing File: res://.godot/imported/terrain_paving_mask_11.png-bde2413a87a839a17af12fb16ce466f6.ctex[39m[0m
[  89% ] [90m[1msavepack[22m | Storing File: res://art_batches/pixel_v1/map/export/terrain/terrain_paving_mask_11.png.import[39m[0m
[  89% ] [90m[1msavepack[22m | Storing File: res://.godot/imported/terrain_paving_mask_12.png-72a4db010a1baa58a3343f1f7b1c870e.ctex[39m[0m
[  89% ] [90m[1msavepack[22m | Storing File: res://art_batches/pixel_v1/map/export/terrain/terrain_paving_mask_12.png.import[39m[0m
[  89% ] [90m[1msavepack[22m | Storing File: res://.godot/imported/terrain_paving_mask_13.png-98054e1f4157f555cbe8a3770fc03127.ctex[39m[0m
[  89% ] [90m[1msavepack[22m | Storing File: res://art_batches/pixel_v1/map/export/terrain/terrain_paving_mask_13.png.import[39m[0m
[  89% ] [90m[1msavepack[22m | Storing File: res://.godot/imported/terrain_paving_mask_14.png-7599191886c2c35128e33a091b65d5ff.ctex[39m[0m
[  89% ] [90m[1msavepack[22m | Storing File: res://art_batches/pixel_v1/map/export/terrain/terrain_paving_mask_14.png.import[39m[0m
[  90% ] [90m[1msavepack[22m | Storing File: res://.godot/imported/terrain_paving_mask_15.png-95f209e4baff513832d38c74385fad4e.ctex[39m[0m
[  90% ] [90m[1msavepack[22m | Storing File: res://art_batches/pixel_v1/map/export/terrain/terrain_paving_mask_15.png.import[39m[0m
[  90% ] [90m[1msavepack[22m | Storing File: res://.godot/imported/terrain_water_corner_concave_ne.png-427781a6c9dafbbbd61e5dea2a45d929.ctex[39m[0m
[  90% ] [90m[1msavepack[22m | Storing File: res://art_batches/pixel_v1/map/export/terrain/terrain_water_corner_concave_ne.png.import[39m[0m
[  90% ] [90m[1msavepack[22m | Storing File: res://.godot/imported/terrain_water_corner_concave_nw.png-5388d9eb8256f00bbb98c8ea579d5519.ctex[39m[0m
[  90% ] [90m[1msavepack[22m | Storing File: res://art_batches/pixel_v1/map/export/terrain/terrain_water_corner_concave_nw.png.import[39m[0m
[  90% ] [90m[1msavepack[22m | Storing File: res://.godot/imported/terrain_water_corner_concave_se.png-8a79349bbfb4e211957086673d9e9b5c.ctex[39m[0m
[  90% ] [90m[1msavepack[22m | Storing File: res://art_batches/pixel_v1/map/export/terrain/terrain_water_corner_concave_se.png.import[39m[0m
[  90% ] [90m[1msavepack[22m | Storing File: res://.godot/imported/terrain_water_corner_concave_sw.png-fc033c0ee51b50ac730a3b14b74aa5fb.ctex[39m[0m
[  90% ] [90m[1msavepack[22m | Storing File: res://art_batches/pixel_v1/map/export/terrain/terrain_water_corner_concave_sw.png.import[39m[0m
[  90% ] [90m[1msavepack[22m | Storing File: res://.godot/imported/terrain_water_corner_convex_ne.png-26ec6e402166006890019d0bbef9c474.ctex[39m[0m
[  90% ] [90m[1msavepack[22m | Storing File: res://art_batches/pixel_v1/map/export/terrain/terrain_water_corner_convex_ne.png.import[39m[0m
[  90% ] [90m[1msavepack[22m | Storing File: res://.godot/imported/terrain_water_corner_convex_nw.png-4fbe483d6171475e4cb5c504c151c60c.ctex[39m[0m
[  90% ] [90m[1msavepack[22m | Storing File: res://art_batches/pixel_v1/map/export/terrain/terrain_water_corner_convex_nw.png.import[39m[0m
[  90% ] [90m[1msavepack[22m | Storing File: res://.godot/imported/terrain_water_corner_convex_se.png-3c4852028715cd5bf9adafe7fb6c5260.ctex[39m[0m
[  90% ] [90m[1msavepack[22m | Storing File: res://art_batches/pixel_v1/map/export/terrain/terrain_water_corner_convex_se.png.import[39m[0m
[  90% ] [90m[1msavepack[22m | Storing File: res://.godot/imported/terrain_water_corner_convex_sw.png-8455cb3de7574d0ba7f066ff2947d775.ctex[39m[0m
[  90% ] [90m[1msavepack[22m | Storing File: res://art_batches/pixel_v1/map/export/terrain/terrain_water_corner_convex_sw.png.import[39m[0m
[  90% ] [90m[1msavepack[22m | Storing File: res://.godot/imported/terrain_water_fill_v1.png-dbccd55554821c9289ab96b5ccc14844.ctex[39m[0m
[  90% ] [90m[1msavepack[22m | Storing File: res://art_batches/pixel_v1/map/export/terrain/terrain_water_fill_v1.png.import[39m[0m
[  90% ] [90m[1msavepack[22m | Storing File: res://.godot/imported/terrain_water_fill_v2.png-ee722372cae898b6dd4eeb0456ef055c.ctex[39m[0m
[  90% ] [90m[1msavepack[22m | Storing File: res://art_batches/pixel_v1/map/export/terrain/terrain_water_fill_v2.png.import[39m[0m
[  90% ] [90m[1msavepack[22m | Storing File: res://.godot/imported/terrain_water_fill_v3.png-2552af78f5f87947e02393c1445acc94.ctex[39m[0m
[  90% ] [90m[1msavepack[22m | Storing File: res://art_batches/pixel_v1/map/export/terrain/terrain_water_fill_v3.png.import[39m[0m
[  90% ] [90m[1msavepack[22m | Storing File: res://.godot/imported/terrain_water_mask_00.png-a723e21ce4ea7118636e98aea9b9c443.ctex[39m[0m
[  90% ] [90m[1msavepack[22m | Storing File: res://art_batches/pixel_v1/map/export/terrain/terrain_water_mask_00.png.import[39m[0m
[  90% ] [90m[1msavepack[22m | Storing File: res://.godot/imported/terrain_water_mask_01.png-8c29c44f0274264c96f3ccaf9856de1f.ctex[39m[0m
[  90% ] [90m[1msavepack[22m | Storing File: res://art_batches/pixel_v1/map/export/terrain/terrain_water_mask_01.png.import[39m[0m
[  91% ] [90m[1msavepack[22m | Storing File: res://.godot/imported/terrain_water_mask_02.png-92f3d2f97623d0f008be6f9865d286be.ctex[39m[0m
[  91% ] [90m[1msavepack[22m | Storing File: res://art_batches/pixel_v1/map/export/terrain/terrain_water_mask_02.png.import[39m[0m
[  91% ] [90m[1msavepack[22m | Storing File: res://.godot/imported/terrain_water_mask_03.png-b8db90ac730b66f4e64ec6f6525d8697.ctex[39m[0m
[  91% ] [90m[1msavepack[22m | Storing File: res://art_batches/pixel_v1/map/export/terrain/terrain_water_mask_03.png.import[39m[0m
[  91% ] [90m[1msavepack[22m | Storing File: res://.godot/imported/terrain_water_mask_04.png-f2eaca7faaca1e1956762f1f8a6f8313.ctex[39m[0m
[  91% ] [90m[1msavepack[22m | Storing File: res://art_batches/pixel_v1/map/export/terrain/terrain_water_mask_04.png.import[39m[0m
[  91% ] [90m[1msavepack[22m | Storing File: res://.godot/imported/terrain_water_mask_05.png-4483e8f7a9210ab7d447ed4aa577e907.ctex[39m[0m
[  91% ] [90m[1msavepack[22m | Storing File: res://art_batches/pixel_v1/map/export/terrain/terrain_water_mask_05.png.import[39m[0m
[  91% ] [90m[1msavepack[22m | Storing File: res://.godot/imported/terrain_water_mask_06.png-8401b2bb66bcb06dda9b13a16af220c2.ctex[39m[0m
[  91% ] [90m[1msavepack[22m | Storing File: res://art_batches/pixel_v1/map/export/terrain/terrain_water_mask_06.png.import[39m[0m
[  91% ] [90m[1msavepack[22m | Storing File: res://.godot/imported/terrain_water_mask_07.png-4cea0f7fe4b0ca2e3aed692f6e8b22e2.ctex[39m[0m
[  91% ] [90m[1msavepack[22m | Storing File: res://art_batches/pixel_v1/map/export/terrain/terrain_water_mask_07.png.import[39m[0m
[  91% ] [90m[1msavepack[22m | Storing File: res://.godot/imported/terrain_water_mask_08.png-7265b7fbf203437a5065f78b0425c708.ctex[39m[0m
[  91% ] [90m[1msavepack[22m | Storing File: res://art_batches/pixel_v1/map/export/terrain/terrain_water_mask_08.png.import[39m[0m
[  91% ] [90m[1msavepack[22m | Storing File: res://.godot/imported/terrain_water_mask_09.png-c682ebf2143c2f446ac43280d23a0c05.ctex[39m[0m
[  91% ] [90m[1msavepack[22m | Storing File: res://art_batches/pixel_v1/map/export/terrain/terrain_water_mask_09.png.import[39m[0m
[  91% ] [90m[1msavepack[22m | Storing File: res://.godot/imported/terrain_water_mask_10.png-9f8c21578f97edeaa9c39f3ec3165258.ctex[39m[0m
[  91% ] [90m[1msavepack[22m | Storing File: res://art_batches/pixel_v1/map/export/terrain/terrain_water_mask_10.png.import[39m[0m
[  91% ] [90m[1msavepack[22m | Storing File: res://.godot/imported/terrain_water_mask_11.png-9228a924e6c40a2c2636e091e762696d.ctex[39m[0m
[  91% ] [90m[1msavepack[22m | Storing File: res://art_batches/pixel_v1/map/export/terrain/terrain_water_mask_11.png.import[39m[0m
[  91% ] [90m[1msavepack[22m | Storing File: res://.godot/imported/terrain_water_mask_12.png-3881c2f64dc94462fd2c5a69ad51b428.ctex[39m[0m
[  91% ] [90m[1msavepack[22m | Storing File: res://art_batches/pixel_v1/map/export/terrain/terrain_water_mask_12.png.import[39m[0m
[  91% ] [90m[1msavepack[22m | Storing File: res://.godot/imported/terrain_water_mask_13.png-f80e7b70ba35be2ff48e5828e0c6a500.ctex[39m[0m
[  91% ] [90m[1msavepack[22m | Storing File: res://art_batches/pixel_v1/map/export/terrain/terrain_water_mask_13.png.import[39m[0m
[  91% ] [90m[1msavepack[22m | Storing File: res://.godot/imported/terrain_water_mask_14.png-252fcc11d5914dc33669f9d3997beb40.ctex[39m[0m
[  91% ] [90m[1msavepack[22m | Storing File: res://art_batches/pixel_v1/map/export/terrain/terrain_water_mask_14.png.import[39m[0m
[  92% ] [90m[1msavepack[22m | Storing File: res://.godot/imported/terrain_water_mask_15.png-013f85f2c802ba874ef51adfc2a485a5.ctex[39m[0m
[  92% ] [90m[1msavepack[22m | Storing File: res://art_batches/pixel_v1/map/export/terrain/terrain_water_mask_15.png.import[39m[0m
[  92% ] [90m[1msavepack[22m | Storing File: res://.godot/imported/terrain_worldbone_corner_concave_ne.png-49274e7cae0e6e48ed7900b7c7961b9a.ctex[39m[0m
[  92% ] [90m[1msavepack[22m | Storing File: res://art_batches/pixel_v1/map/export/terrain/terrain_worldbone_corner_concave_ne.png.import[39m[0m
[  92% ] [90m[1msavepack[22m | Storing File: res://.godot/imported/terrain_worldbone_corner_concave_nw.png-cc5a8d2bbd6c47750c9bccbb6401cab4.ctex[39m[0m
[  92% ] [90m[1msavepack[22m | Storing File: res://art_batches/pixel_v1/map/export/terrain/terrain_worldbone_corner_concave_nw.png.import[39m[0m
[  92% ] [90m[1msavepack[22m | Storing File: res://.godot/imported/terrain_worldbone_corner_concave_se.png-f3c468b9278abc78bb12d1fedf710c84.ctex[39m[0m
[  92% ] [90m[1msavepack[22m | Storing File: res://art_batches/pixel_v1/map/export/terrain/terrain_worldbone_corner_concave_se.png.import[39m[0m
[  92% ] [90m[1msavepack[22m | Storing File: res://.godot/imported/terrain_worldbone_corner_concave_sw.png-6eeaa3f159a17869980b4047294d6a23.ctex[39m[0m
[  92% ] [90m[1msavepack[22m | Storing File: res://art_batches/pixel_v1/map/export/terrain/terrain_worldbone_corner_concave_sw.png.import[39m[0m
[  92% ] [90m[1msavepack[22m | Storing File: res://.godot/imported/terrain_worldbone_corner_convex_ne.png-ed7f0cc681324c9c6fdea74f33c4ddfa.ctex[39m[0m
[  92% ] [90m[1msavepack[22m | Storing File: res://art_batches/pixel_v1/map/export/terrain/terrain_worldbone_corner_convex_ne.png.import[39m[0m
[  92% ] [90m[1msavepack[22m | Storing File: res://.godot/imported/terrain_worldbone_corner_convex_nw.png-b977e1a2c1e4a94aa530e13b7fadaef1.ctex[39m[0m
[  92% ] [90m[1msavepack[22m | Storing File: res://art_batches/pixel_v1/map/export/terrain/terrain_worldbone_corner_convex_nw.png.import[39m[0m
[  92% ] [90m[1msavepack[22m | Storing File: res://.godot/imported/terrain_worldbone_corner_convex_se.png-064ea54ab8c0cc7d1dfc477e3dcd9d96.ctex[39m[0m
[  92% ] [90m[1msavepack[22m | Storing File: res://art_batches/pixel_v1/map/export/terrain/terrain_worldbone_corner_convex_se.png.import[39m[0m
[  92% ] [90m[1msavepack[22m | Storing File: res://.godot/imported/terrain_worldbone_corner_convex_sw.png-0e08c0afab4d2857dafb457c99c8d0f1.ctex[39m[0m
[  92% ] [90m[1msavepack[22m | Storing File: res://art_batches/pixel_v1/map/export/terrain/terrain_worldbone_corner_convex_sw.png.import[39m[0m
[  92% ] [90m[1msavepack[22m | Storing File: res://.godot/imported/terrain_worldbone_fill_v1.png-f8c2732e63d807fc62ed4b71ed1a4e2f.ctex[39m[0m
[  92% ] [90m[1msavepack[22m | Storing File: res://art_batches/pixel_v1/map/export/terrain/terrain_worldbone_fill_v1.png.import[39m[0m
[  92% ] [90m[1msavepack[22m | Storing File: res://.godot/imported/terrain_worldbone_fill_v2.png-c90da6aa0833e282a40e771f87b4d808.ctex[39m[0m
[  92% ] [90m[1msavepack[22m | Storing File: res://art_batches/pixel_v1/map/export/terrain/terrain_worldbone_fill_v2.png.import[39m[0m
[  92% ] [90m[1msavepack[22m | Storing File: res://.godot/imported/terrain_worldbone_fill_v3.png-005daf950fa822d9d78fc2de25344ca0.ctex[39m[0m
[  92% ] [90m[1msavepack[22m | Storing File: res://art_batches/pixel_v1/map/export/terrain/terrain_worldbone_fill_v3.png.import[39m[0m
[  92% ] [90m[1msavepack[22m | Storing File: res://.godot/imported/terrain_worldbone_mask_00.png-9228f97b8918f183a95f60671d01c779.ctex[39m[0m
[  92% ] [90m[1msavepack[22m | Storing File: res://art_batches/pixel_v1/map/export/terrain/terrain_worldbone_mask_00.png.import[39m[0m
[  93% ] [90m[1msavepack[22m | Storing File: res://.godot/imported/terrain_worldbone_mask_01.png-781e0a28b55880db9df055ee3ec7f450.ctex[39m[0m
[  93% ] [90m[1msavepack[22m | Storing File: res://art_batches/pixel_v1/map/export/terrain/terrain_worldbone_mask_01.png.import[39m[0m
[  93% ] [90m[1msavepack[22m | Storing File: res://.godot/imported/terrain_worldbone_mask_02.png-4f78de2115fb07ca0c850f5fd0f4e083.ctex[39m[0m
[  93% ] [90m[1msavepack[22m | Storing File: res://art_batches/pixel_v1/map/export/terrain/terrain_worldbone_mask_02.png.import[39m[0m
[  93% ] [90m[1msavepack[22m | Storing File: res://.godot/imported/terrain_worldbone_mask_03.png-a1248506169a2bfa9bf3b44a721182ae.ctex[39m[0m
[  93% ] [90m[1msavepack[22m | Storing File: res://art_batches/pixel_v1/map/export/terrain/terrain_worldbone_mask_03.png.import[39m[0m
[  93% ] [90m[1msavepack[22m | Storing File: res://.godot/imported/terrain_worldbone_mask_04.png-e19f659b05c300c7e009570df29ffab9.ctex[39m[0m
[  93% ] [90m[1msavepack[22m | Storing File: res://art_batches/pixel_v1/map/export/terrain/terrain_worldbone_mask_04.png.import[39m[0m
[  93% ] [90m[1msavepack[22m | Storing File: res://.godot/imported/terrain_worldbone_mask_05.png-20bdacbf979ef1eff15b8cb935b46da1.ctex[39m[0m
[  93% ] [90m[1msavepack[22m | Storing File: res://art_batches/pixel_v1/map/export/terrain/terrain_worldbone_mask_05.png.import[39m[0m
[  93% ] [90m[1msavepack[22m | Storing File: res://.godot/imported/terrain_worldbone_mask_06.png-da35ad3c01f00b20c2f59715626afe22.ctex[39m[0m
[  93% ] [90m[1msavepack[22m | Storing File: res://art_batches/pixel_v1/map/export/terrain/terrain_worldbone_mask_06.png.import[39m[0m
[  93% ] [90m[1msavepack[22m | Storing File: res://.godot/imported/terrain_worldbone_mask_07.png-6a6586a647a189c9619c43012551cf7c.ctex[39m[0m
[  93% ] [90m[1msavepack[22m | Storing File: res://art_batches/pixel_v1/map/export/terrain/terrain_worldbone_mask_07.png.import[39m[0m
[  93% ] [90m[1msavepack[22m | Storing File: res://.godot/imported/terrain_worldbone_mask_08.png-6cc6eecb30d4a4968dad036eac273775.ctex[39m[0m
[  93% ] [90m[1msavepack[22m | Storing File: res://art_batches/pixel_v1/map/export/terrain/terrain_worldbone_mask_08.png.import[39m[0m
[  93% ] [90m[1msavepack[22m | Storing File: res://.godot/imported/terrain_worldbone_mask_09.png-4a9eb8de55a92c4f84c96d1fb4003c3f.ctex[39m[0m
[  93% ] [90m[1msavepack[22m | Storing File: res://art_batches/pixel_v1/map/export/terrain/terrain_worldbone_mask_09.png.import[39m[0m
[  93% ] [90m[1msavepack[22m | Storing File: res://.godot/imported/terrain_worldbone_mask_10.png-633fe764289c068bacfaea79fa222210.ctex[39m[0m
[  93% ] [90m[1msavepack[22m | Storing File: res://art_batches/pixel_v1/map/export/terrain/terrain_worldbone_mask_10.png.import[39m[0m
[  93% ] [90m[1msavepack[22m | Storing File: res://.godot/imported/terrain_worldbone_mask_11.png-ee39084627b08643a57016deb4c418ea.ctex[39m[0m
[  93% ] [90m[1msavepack[22m | Storing File: res://art_batches/pixel_v1/map/export/terrain/terrain_worldbone_mask_11.png.import[39m[0m
[  93% ] [90m[1msavepack[22m | Storing File: res://.godot/imported/terrain_worldbone_mask_12.png-a77de6603809d8d271dd62c5fae58ff9.ctex[39m[0m
[  93% ] [90m[1msavepack[22m | Storing File: res://art_batches/pixel_v1/map/export/terrain/terrain_worldbone_mask_12.png.import[39m[0m
[  93% ] [90m[1msavepack[22m | Storing File: res://.godot/imported/terrain_worldbone_mask_13.png-bc7809dfac7a75867703472537ae0d1c.ctex[39m[0m
[  93% ] [90m[1msavepack[22m | Storing File: res://art_batches/pixel_v1/map/export/terrain/terrain_worldbone_mask_13.png.import[39m[0m
[  93% ] [90m[1msavepack[22m | Storing File: res://.godot/imported/terrain_worldbone_mask_14.png-66afed69e7dd4b264e60e85fafd3bdf6.ctex[39m[0m
[  93% ] [90m[1msavepack[22m | Storing File: res://art_batches/pixel_v1/map/export/terrain/terrain_worldbone_mask_14.png.import[39m[0m
[  94% ] [90m[1msavepack[22m | Storing File: res://.godot/imported/terrain_worldbone_mask_15.png-d73a54cab44b129ec1c580e90eb6626c.ctex[39m[0m
[  94% ] [90m[1msavepack[22m | Storing File: res://art_batches/pixel_v1/map/export/terrain/terrain_worldbone_mask_15.png.import[39m[0m
[  94% ] [90m[1msavepack[22m | Storing File: res://.godot/imported/atlas.png-81d5fd904ec9bd59feaf92d3445e2793.ctex[39m[0m
[  94% ] [90m[1msavepack[22m | Storing File: res://assets/sprites/races_v2/treefolk/bases/size_3_medium/feminine/atlas.png.import[39m[0m
[  94% ] [90m[1msavepack[22m | Storing File: res://.godot/imported/atlas.png-c29a85a0ea0f5f8756a48a9f48c2167e.ctex[39m[0m
[  94% ] [90m[1msavepack[22m | Storing File: res://assets/sprites/races_v2/treefolk/bases/size_2_small/masculine/atlas.png.import[39m[0m
[  94% ] [90m[1msavepack[22m | Storing File: res://.godot/imported/atlas.png-b6f1c25a41013ce5d3605a7e73f4dcf3.ctex[39m[0m
[  94% ] [90m[1msavepack[22m | Storing File: res://assets/sprites/races_v2/treefolk/bases/size_2_small/feminine/atlas.png.import[39m[0m
[  94% ] [90m[1msavepack[22m | Storing File: res://.godot/imported/atlas.png-79f15b13ab97935531b7aed649c92433.ctex[39m[0m
[  94% ] [90m[1msavepack[22m | Storing File: res://assets/sprites/races_v2/treefolk/bases/size_1_tiny/masculine/atlas.png.import[39m[0m
[  94% ] [90m[1msavepack[22m | Storing File: res://.godot/imported/atlas.png-488daa46247367acfbc86a7884fbbf1a.ctex[39m[0m
[  94% ] [90m[1msavepack[22m | Storing File: res://assets/sprites/races_v2/treefolk/bases/size_1_tiny/feminine/atlas.png.import[39m[0m
[  94% ] [90m[1msavepack[22m | Storing File: res://.godot/imported/sylph_size_gender_matrix.png-59a7170a4b7389586b0f68490a330811.ctex[39m[0m
[  94% ] [90m[1msavepack[22m | Storing File: res://assets/sprites/races_v2/sylph/sylph_size_gender_matrix.png.import[39m[0m
[  94% ] [90m[1msavepack[22m | Storing File: res://.godot/imported/selection_icon_48.png-eb5fdc44d11f5ff9931b098ca0f390b4.ctex[39m[0m
[  94% ] [90m[1msavepack[22m | Storing File: res://assets/sprites/races_v2/sylph/exemplar/selection_icon_48.png.import[39m[0m
[  94% ] [90m[1msavepack[22m | Storing File: res://.godot/imported/roster_portrait_128.png-b590a51272937502142e81d42ae192b1.ctex[39m[0m
[  94% ] [90m[1msavepack[22m | Storing File: res://assets/sprites/races_v2/sylph/exemplar/roster_portrait_128.png.import[39m[0m
[  94% ] [90m[1msavepack[22m | Storing File: res://.godot/imported/keyframe_board.png-f115d4fa65e01eb6479b6206d3dd451a.ctex[39m[0m
[  94% ] [90m[1msavepack[22m | Storing File: res://assets/sprites/races_v2/sylph/exemplar/keyframe_board.png.import[39m[0m
[  94% ] [90m[1msavepack[22m | Storing File: res://.godot/imported/hud_portrait_64.png-45ff0f67dfd1be14cbd145529cb7a5b0.ctex[39m[0m
[  94% ] [90m[1msavepack[22m | Storing File: res://assets/sprites/races_v2/sylph/exemplar/hud_portrait_64.png.import[39m[0m
[  94% ] [90m[1msavepack[22m | Storing File: res://.godot/imported/hero_portrait_256.png-4d34f1eb76b307fae897e44ed984de09.ctex[39m[0m
[  94% ] [90m[1msavepack[22m | Storing File: res://assets/sprites/races_v2/sylph/exemplar/hero_portrait_256.png.import[39m[0m
[  94% ] [90m[1msavepack[22m | Storing File: res://.godot/imported/direction_preview.png-bc750a0cb930a5d881d3db3e296a0519.ctex[39m[0m
[  94% ] [90m[1msavepack[22m | Storing File: res://assets/sprites/races_v2/sylph/exemplar/direction_preview.png.import[39m[0m
[  95% ] [90m[1msavepack[22m | Storing File: res://.godot/imported/debug_atlas.png-35633966bc3cdf5baefe4f88c2d756f6.ctex[39m[0m
[  95% ] [90m[1msavepack[22m | Storing File: res://assets/sprites/races_v2/sylph/exemplar/debug_atlas.png.import[39m[0m
[  95% ] [90m[1msavepack[22m | Storing File: res://.godot/imported/atlas.png-71dc180c714ecd4cc8ceed63a2bebfd6.ctex[39m[0m
[  95% ] [90m[1msavepack[22m | Storing File: res://assets/sprites/races_v2/sylph/exemplar/atlas.png.import[39m[0m
[  95% ] [90m[1msavepack[22m | Storing File: res://.godot/imported/atlas.png-ce4df1212fd9d029216b3d8f998fa437.ctex[39m[0m
[  95% ] [90m[1msavepack[22m | Storing File: res://assets/sprites/races_v2/sylph/bases/size_5_huge/masculine/atlas.png.import[39m[0m
[  95% ] [90m[1msavepack[22m | Storing File: res://.godot/imported/atlas.png-dbda85b4fe3c827d41a9c23a3903b904.ctex[39m[0m
[  95% ] [90m[1msavepack[22m | Storing File: res://assets/sprites/races_v2/sylph/bases/size_5_huge/feminine/atlas.png.import[39m[0m
[  95% ] [90m[1msavepack[22m | Storing File: res://.godot/imported/atlas.png-fee23f1158f6f63ada78f6c80546337a.ctex[39m[0m
[  95% ] [90m[1msavepack[22m | Storing File: res://assets/sprites/races_v2/sylph/bases/size_4_large/masculine/atlas.png.import[39m[0m
[  95% ] [90m[1msavepack[22m | Storing File: res://.godot/imported/atlas.png-7184546111f3c1b478af3b797e5cdd97.ctex[39m[0m
[  95% ] [90m[1msavepack[22m | Storing File: res://assets/sprites/races_v2/sylph/bases/size_4_large/feminine/atlas.png.import[39m[0m
[  95% ] [90m[1msavepack[22m | Storing File: res://.godot/imported/atlas.png-b94bbcc15fbb0853142e4acbfa9e6c8d.ctex[39m[0m
[  95% ] [90m[1msavepack[22m | Storing File: res://assets/sprites/races_v2/sylph/bases/size_3_medium/masculine/atlas.png.import[39m[0m
[  95% ] [90m[1msavepack[22m | Storing File: res://.godot/imported/atlas.png-9e5cd0ee9a9eb40f0d51b1260a4cdf87.ctex[39m[0m
[  95% ] [90m[1msavepack[22m | Storing File: res://assets/sprites/races_v2/sylph/bases/size_3_medium/feminine/atlas.png.import[39m[0m
[  95% ] [90m[1msavepack[22m | Storing File: res://.godot/imported/atlas.png-c7a49d4e336ae743dcaef7692446eccc.ctex[39m[0m
[  95% ] [90m[1msavepack[22m | Storing File: res://assets/sprites/races_v2/sylph/bases/size_2_small/masculine/atlas.png.import[39m[0m
[  95% ] [90m[1msavepack[22m | Storing File: res://.godot/imported/atlas.png-721e3ed6c55aac094f279029f309e9bf.ctex[39m[0m
[  95% ] [90m[1msavepack[22m | Storing File: res://assets/sprites/races_v2/sylph/bases/size_2_small/feminine/atlas.png.import[39m[0m
[  95% ] [90m[1msavepack[22m | Storing File: res://.godot/imported/atlas.png-6fa607a5d90bf52cf3c6d512f2347984.ctex[39m[0m
[  95% ] [90m[1msavepack[22m | Storing File: res://assets/sprites/races_v2/sylph/bases/size_1_tiny/masculine/atlas.png.import[39m[0m
[  95% ] [90m[1msavepack[22m | Storing File: res://.godot/imported/atlas.png-1c5f8042f986cb18c62b4fe13f14c2ae.ctex[39m[0m
[  95% ] [90m[1msavepack[22m | Storing File: res://assets/sprites/races_v2/sylph/bases/size_1_tiny/feminine/atlas.png.import[39m[0m
[  95% ] [90m[1msavepack[22m | Storing File: res://.godot/imported/stoneborn_size_gender_matrix.png-67b3ebebad8f616bf1e759ca9dd38217.ctex[39m[0m
[  95% ] [90m[1msavepack[22m | Storing File: res://assets/sprites/races_v2/stoneborn/stoneborn_size_gender_matrix.png.import[39m[0m
[  96% ] [90m[1msavepack[22m | Storing File: res://.godot/imported/selection_icon_48.png-a21d837b7aa168c54559d56c2b8a4bf4.ctex[39m[0m
[  96% ] [90m[1msavepack[22m | Storing File: res://assets/sprites/races_v2/stoneborn/exemplar/selection_icon_48.png.import[39m[0m
[  96% ] [90m[1msavepack[22m | Storing File: res://.godot/imported/roster_portrait_128.png-eff5836c73c029857e84b1f8465a39c9.ctex[39m[0m
[  96% ] [90m[1msavepack[22m | Storing File: res://assets/sprites/races_v2/stoneborn/exemplar/roster_portrait_128.png.import[39m[0m
[  96% ] [90m[1msavepack[22m | Storing File: res://.godot/imported/keyframe_board.png-7f0a112fc42d8d4d9b42383d22d810e4.ctex[39m[0m
[  96% ] [90m[1msavepack[22m | Storing File: res://assets/sprites/races_v2/stoneborn/exemplar/keyframe_board.png.import[39m[0m
[  96% ] [90m[1msavepack[22m | Storing File: res://.godot/imported/hud_portrait_64.png-064450240cbc6d7084fe25c220a3f2a0.ctex[39m[0m
[  96% ] [90m[1msavepack[22m | Storing File: res://assets/sprites/races_v2/stoneborn/exemplar/hud_portrait_64.png.import[39m[0m
[  96% ] [90m[1msavepack[22m | Storing File: res://.godot/imported/hero_portrait_256.png-254a2211fb4a72e2ce1818af38692c25.ctex[39m[0m
[  96% ] [90m[1msavepack[22m | Storing File: res://assets/sprites/races_v2/stoneborn/exemplar/hero_portrait_256.png.import[39m[0m
[  96% ] [90m[1msavepack[22m | Storing File: res://.godot/imported/direction_preview.png-685c64cbc4408b072607d5dc73729ac5.ctex[39m[0m
[  96% ] [90m[1msavepack[22m | Storing File: res://assets/sprites/races_v2/stoneborn/exemplar/direction_preview.png.import[39m[0m
[  96% ] [90m[1msavepack[22m | Storing File: res://.godot/imported/debug_atlas.png-d73d89eb3f147c91c7b49b18c2148013.ctex[39m[0m
[  96% ] [90m[1msavepack[22m | Storing File: res://assets/sprites/races_v2/stoneborn/exemplar/debug_atlas.png.import[39m[0m
[  96% ] [90m[1msavepack[22m | Storing File: res://.godot/imported/atlas.png-50ba8013d71e7db1e7f57c8d29f8b949.ctex[39m[0m
[  96% ] [90m[1msavepack[22m | Storing File: res://assets/sprites/races_v2/stoneborn/exemplar/atlas.png.import[39m[0m
[  96% ] [90m[1msavepack[22m | Storing File: res://.godot/imported/atlas.png-93a4ab1b558780a3dd461835904aa709.ctex[39m[0m
[  96% ] [90m[1msavepack[22m | Storing File: res://assets/sprites/races_v2/stoneborn/bases/size_5_huge/masculine/atlas.png.import[39m[0m
[  96% ] [90m[1msavepack[22m | Storing File: res://.godot/imported/atlas.png-bb0c3777e82a2127047254bb3284860f.ctex[39m[0m
[  96% ] [90m[1msavepack[22m | Storing File: res://assets/sprites/races_v2/stoneborn/bases/size_5_huge/feminine/atlas.png.import[39m[0m
[  96% ] [90m[1msavepack[22m | Storing File: res://.godot/imported/atlas.png-01cc9626bb3559330822c59b79c6b8c8.ctex[39m[0m
[  96% ] [90m[1msavepack[22m | Storing File: res://assets/sprites/races_v2/stoneborn/bases/size_4_large/masculine/atlas.png.import[39m[0m
[  96% ] [90m[1msavepack[22m | Storing File: res://.godot/imported/atlas.png-0acbc507daa185af35ff434664fa40a0.ctex[39m[0m
[  96% ] [90m[1msavepack[22m | Storing File: res://assets/sprites/races_v2/stoneborn/bases/size_4_large/feminine/atlas.png.import[39m[0m
[  96% ] [90m[1msavepack[22m | Storing File: res://.godot/imported/atlas.png-53a6c893763b9a0d9cb7f391792b3abe.ctex[39m[0m
[  96% ] [90m[1msavepack[22m | Storing File: res://assets/sprites/races_v2/stoneborn/bases/size_3_medium/masculine/atlas.png.import[39m[0m
[  96% ] [90m[1msavepack[22m | Storing File: res://.godot/imported/atlas.png-b12eb5cd33f9cf5d594022f793c1940e.ctex[39m[0m
[  96% ] [90m[1msavepack[22m | Storing File: res://assets/sprites/races_v2/stoneborn/bases/size_3_medium/feminine/atlas.png.import[39m[0m
[  97% ] [90m[1msavepack[22m | Storing File: res://.godot/imported/atlas.png-dab7cd5f896fa4bec32bd576764cc7e1.ctex[39m[0m
[  97% ] [90m[1msavepack[22m | Storing File: res://assets/sprites/races_v2/stoneborn/bases/size_2_small/masculine/atlas.png.import[39m[0m
[  97% ] [90m[1msavepack[22m | Storing File: res://.godot/imported/atlas.png-2eb45e30a26f3b8f70395b48edfc6f0b.ctex[39m[0m
[  97% ] [90m[1msavepack[22m | Storing File: res://assets/sprites/races_v2/stoneborn/bases/size_2_small/feminine/atlas.png.import[39m[0m
[  97% ] [90m[1msavepack[22m | Storing File: res://.godot/imported/atlas.png-9aaeb1511db64a690d083f252a42b633.ctex[39m[0m
[  97% ] [90m[1msavepack[22m | Storing File: res://assets/sprites/races_v2/stoneborn/bases/size_1_tiny/masculine/atlas.png.import[39m[0m
[  97% ] [90m[1msavepack[22m | Storing File: res://.godot/imported/atlas.png-2fe939178e9bf2f15582a10ed4e516f1.ctex[39m[0m
[  97% ] [90m[1msavepack[22m | Storing File: res://assets/sprites/races_v2/stoneborn/bases/size_1_tiny/feminine/atlas.png.import[39m[0m
[  97% ] [90m[1msavepack[22m | Storing File: res://.godot/imported/seakin_size_gender_matrix.png-55f6f48c90b773751b336a1d89a22bc4.ctex[39m[0m
[  97% ] [90m[1msavepack[22m | Storing File: res://assets/sprites/races_v2/seakin/seakin_size_gender_matrix.png.import[39m[0m
[  97% ] [90m[1msavepack[22m | Storing File: res://.godot/imported/selection_icon_48.png-e59530e3384cbe417cd4f95dee5456e0.ctex[39m[0m
[  97% ] [90m[1msavepack[22m | Storing File: res://assets/sprites/races_v2/seakin/exemplar/selection_icon_48.png.import[39m[0m
[  97% ] [90m[1msavepack[22m | Storing File: res://.godot/imported/roster_portrait_128.png-34f432c546a38f23e4af16795a5df937.ctex[39m[0m
[  97% ] [90m[1msavepack[22m | Storing File: res://assets/sprites/races_v2/seakin/exemplar/roster_portrait_128.png.import[39m[0m
[  97% ] [90m[1msavepack[22m | Storing File: res://.godot/imported/keyframe_board.png-0328c28c64a03fa2b58212bdf1503c35.ctex[39m[0m
[  97% ] [90m[1msavepack[22m | Storing File: res://assets/sprites/races_v2/seakin/exemplar/keyframe_board.png.import[39m[0m
[  97% ] [90m[1msavepack[22m | Storing File: res://.godot/imported/hud_portrait_64.png-462b7e43dac4b291803f0cdfe12491a8.ctex[39m[0m
[  97% ] [90m[1msavepack[22m | Storing File: res://assets/sprites/races_v2/seakin/exemplar/hud_portrait_64.png.import[39m[0m
[  97% ] [90m[1msavepack[22m | Storing File: res://art_batches/pixel_v1/map/manifest.json[39m[0m
[  97% ] [90m[1msavepack[22m | Storing File: res://.godot/imported/element_vfx_v2.png-e9dd058144a69dbdcfff00c116c5b55b.ctex[39m[0m
[  97% ] [90m[1msavepack[22m | Storing File: res://assets/effects/elements_v2/element_vfx_v2.png.import[39m[0m
[  97% ] [90m[1msavepack[22m | Storing File: res://.godot/imported/burst_charge_runtime_32.png-e67ed05309d8d10710fb87a8cf3d9b88.ctex[39m[0m
[  97% ] [90m[1msavepack[22m | Storing File: res://assets/effects/projectiles/burst_v3/burst_charge_runtime_32.png.import[39m[0m
[  97% ] [90m[1msavepack[22m | Storing File: res://.godot/imported/burst_dark_runtime_32.png-a7cb0990e0278104b5926f29cb4044e4.ctex[39m[0m
[  97% ] [90m[1msavepack[22m | Storing File: res://assets/effects/projectiles/burst_v3/burst_dark_runtime_32.png.import[39m[0m
[  98% ] [90m[1msavepack[22m | Storing File: res://.godot/imported/burst_earth_runtime_32.png-1ceb6db066336289dcf3ddf29e2dc238.ctex[39m[0m
[  98% ] [90m[1msavepack[22m | Storing File: res://assets/effects/projectiles/burst_v3/burst_earth_runtime_32.png.import[39m[0m
[  98% ] [90m[1msavepack[22m | Storing File: res://.godot/imported/burst_fire_runtime_32.png-ed9f9a76e0e1932cc5624ab9d70110b2.ctex[39m[0m
[  98% ] [90m[1msavepack[22m | Storing File: res://assets/effects/projectiles/burst_v3/burst_fire_runtime_32.png.import[39m[0m
[  98% ] [90m[1msavepack[22m | Storing File: res://.godot/imported/burst_ice_runtime_32.png-50bbad811dfd57cf7d553850a4f33206.ctex[39m[0m
[  98% ] [90m[1msavepack[22m | Storing File: res://assets/effects/projectiles/burst_v3/burst_ice_runtime_32.png.import[39m[0m
[  98% ] [90m[1msavepack[22m | Storing File: res://.godot/imported/burst_light_runtime_32.png-8779f68bd242a32aebbca166e539e219.ctex[39m[0m
[  98% ] [90m[1msavepack[22m | Storing File: res://assets/effects/projectiles/burst_v3/burst_light_runtime_32.png.import[39m[0m
[  98% ] [90m[1msavepack[22m | Storing File: res://.godot/imported/burst_neutral_runtime_32.png-7e073cf7f94a928568b782f13e0b6a28.ctex[39m[0m
[  98% ] [90m[1msavepack[22m | Storing File: res://assets/effects/projectiles/burst_v3/burst_neutral_runtime_32.png.import[39m[0m
[  98% ] [90m[1msavepack[22m | Storing File: res://.godot/imported/burst_water_runtime_32.png-de5bd500f1849ba1ab600cdd75ef2348.ctex[39m[0m
[  98% ] [90m[1msavepack[22m | Storing File: res://assets/effects/projectiles/burst_v3/burst_water_runtime_32.png.import[39m[0m
[  98% ] [90m[1msavepack[22m | Storing File: res://.godot/imported/burst_wind_runtime_32.png-e8a581f8c71003894144f047e427b82b.ctex[39m[0m
[  98% ] [90m[1msavepack[22m | Storing File: res://assets/effects/projectiles/burst_v3/burst_wind_runtime_32.png.import[39m[0m
[  98% ] [90m[1msavepack[22m | Storing File: res://.godot/imported/cosmic_wellspring_cascade_v2.png-4d52367babcb89f86622053a8a369342.ctex[39m[0m
[  98% ] [90m[1msavepack[22m | Storing File: res://assets/effects/wellspring/cosmic_wellspring_cascade_v2.png.import[39m[0m
[  98% ] [90m[1msavepack[22m | Storing File: res://.godot/imported/element_vfx_v1.png-83d18a0ea5152e44f6f51026a2212ce4.ctex[39m[0m
[  98% ] [90m[1msavepack[22m | Storing File: res://assets/effects/element_vfx_v1.png.import[39m[0m
[  98% ] [90m[1msavepack[22m | Storing File: res://.godot/imported/academy-wall.png-37440f9002c50dc742263baa99c7e6f6.ctex[39m[0m
[  98% ] [90m[1msavepack[22m | Storing File: res://assets/environment/sanctum_g2/runtime_kit_v1/academy-wall.png.import[39m[0m
[  98% ] [90m[1msavepack[22m | Storing File: res://.godot/imported/attunement-shrine.png-7765d896385ba9ca00604d8c4e38fd24.ctex[39m[0m
[  98% ] [90m[1msavepack[22m | Storing File: res://assets/environment/sanctum_g2/runtime_kit_v1/attunement-shrine.png.import[39m[0m
[  98% ] [90m[1msavepack[22m | Storing File: res://.godot/imported/blue-green-roof.png-e226cac7af692247a60670ec948769c5.ctex[39m[0m
[  98% ] [90m[1msavepack[22m | Storing File: res://assets/environment/sanctum_g2/runtime_kit_v1/blue-green-roof.png.import[39m[0m
[  98% ] [90m[1msavepack[22m | Storing File: res://.godot/imported/deep-water.png-4868120e605a6a34f6856a1a042d4645.ctex[39m[0m
[  98% ] [90m[1msavepack[22m | Storing File: res://assets/environment/sanctum_g2/runtime_kit_v1/deep-water.png.import[39m[0m
[  98% ] [90m[1msavepack[22m | Storing File: res://src/sim/world/collision_world.gd.remap[39m[0m
[  98% ] [90m[1msavepack[22m | Storing File: res://src/sim/replay/replay_data.gd.remap[39m[0m
[  98% ] [90m[1msavepack[22m | Storing File: res://src/sim/movement/surface_motion_policy.gd.remap[39m[0m
[  98% ] [90m[1msavepack[22m | Storing File: res://src/sim/movement/movement_tuning.gd.remap[39m[0m
[  98% ] [90m[1msavepack[22m | Storing File: res://src/sim/movement/movement_system.gd.remap[39m[0m
[  98% ] [90m[1msavepack[22m | Storing File: res://src/sim/materials/material_grid.gd.remap[39m[0m
[  98% ] [90m[1msavepack[22m | Storing File: res://src/sim/entities/resource_recovery.gd.remap[39m[0m
[  98% ] [90m[1msavepack[22m | Storing File: res://src/sim/entities/player_tuning.gd.remap[39m[0m
[  98% ] [90m[1msavepack[22m | Storing File: res://src/presentation/wellspring_character_sprite.gd.remap[39m[0m
[  98% ] [90m[1msavepack[22m | Storing File: res://src/presentation/wellspring_architecture_kit.gd.remap[39m[0m
[  98% ] [90m[1msavepack[22m | Storing File: res://src/presentation/visual_specimen.gd.remap[39m[0m
[  98% ] [90m[1msavepack[22m | Storing File: res://src/presentation/visual_language.gd.remap[39m[0m
[  98% ] [90m[1msavepack[22m | Storing File: res://src/presentation/visual_asset_registry.gd.remap[39m[0m
[  98% ] [90m[1msavepack[22m | Storing File: res://src/presentation/visual_asset_gallery.gd.remap[39m[0m
[  98% ] [90m[1msavepack[22m | Storing File: res://src/presentation/visual_accessibility_filter.gd.remap[39m[0m
[  98% ] [90m[1msavepack[22m | Storing File: res://src/presentation/spell_loom_presenter.gd.remap[39m[0m
[  98% ] [90m[1msavepack[22m | Storing File: res://src/presentation/spell_delivery_direction_contract.gd.remap[39m[0m
[  98% ] [90m[1msavepack[22m | Storing File: res://src/sim/entities/player_state.gd.remap[39m[0m
[  98% ] [90m[1msavepack[22m | Storing File: res://src/sim/entities/player_resources_system.gd.remap[39m[0m
[  98% ] [90m[1msavepack[22m | Storing File: res://src/sim/core/sim_world.gd.remap[39m[0m
[  98% ] [90m[1msavepack[22m | Storing File: res://src/sim/core/sim_config.gd.remap[39m[0m
[  98% ] [90m[1msavepack[22m | Storing File: res://src/sim/core/sim_command.gd.remap[39m[0m
[  98% ] [90m[1msavepack[22m | Storing File: res://src/sim/core/canonical_bytes.gd.remap[39m[0m
[  98% ] [90m[1msavepack[22m | Storing File: res://src/sim/core/action_transition_policy.gd.remap[39m[0m
[  98% ] [90m[1msavepack[22m | Storing File: res://src/sim/combat/training_target_system.gd.remap[39m[0m
[  98% ] [90m[1msavepack[22m | Storing File: res://src/sim/combat/projectile_state.gd.remap[39m[0m
[  98% ] [90m[1msavepack[22m | Storing File: res://src/sim/combat/field_state.gd.remap[39m[0m
[  98% ] [90m[1msavepack[22m | Storing File: res://src/sim/combat/combat_tuning.gd.remap[39m[0m
[  98% ] [90m[1msavepack[22m | Storing File: res://src/sim/combat/combat_system.gd.remap[39m[0m
[  98% ] [90m[1msavepack[22m | Storing File: res://src/sim/combat/combat_definition_table.gd.remap[39m[0m
[  98% ] [90m[1msavepack[22m | Storing File: res://src/sim/chemistry/reaction_definition_table.gd.remap[39m[0m
[  98% ] [90m[1msavepack[22m | Storing File: res://src/sim/chemistry/element_reaction_state.gd.remap[39m[0m
[  98% ] [90m[1msavepack[22m | Storing File: res://src/sim/chemistry/element_deposit_state.gd.remap[39m[0m
[  98% ] [90m[1msavepack[22m | Storing File: res://src/sim/chemistry/element_chemistry_system.gd.remap[39m[0m
[  98% ] [90m[1msavepack[22m | Storing File: res://src/presentation/wellspring_wayfinding.gd.remap[39m[0m
[  98% ] [90m[1msavepack[22m | Storing File: res://src/presentation/wellspring_visual_catalog.gd.remap[39m[0m
[  98% ] [90m[1msavepack[22m | Storing File: res://src/presentation/wellspring_interaction_presenter.gd.remap[39m[0m
[  98% ] [90m[1msavepack[22m | Storing File: res://src/presentation/wellspring_illustrated_kit.gd.remap[39m[0m
[  98% ] [90m[1msavepack[22m | Storing File: res://src/presentation/wellspring_district_view.gd.remap[39m[0m
[  98% ] [90m[1msavepack[22m | Storing File: res://src/presentation/pixel_effect_geometry.gd.remap[39m[0m
[  98% ] [90m[1msavepack[22m | Storing File: res://src/presentation/natural_map_kit.gd.remap[39m[0m
[  98% ] [90m[1msavepack[22m | Storing File: res://src/presentation/movement_practice_trace.gd.remap[39m[0m
[  98% ] [90m[1msavepack[22m | Storing File: res://src/presentation/movement_practice_coach.gd.remap[39m[0m
[  98% ] [90m[1msavepack[22m | Storing File: res://src/presentation/movement_guide_model.gd.remap[39m[0m
[  98% ] [90m[1msavepack[22m | Storing File: res://src/presentation/minimal_champion_motion.gd.remap[39m[0m
[  98% ] [90m[1msavepack[22m | Storing File: res://src/presentation/landing_presentation.gd.remap[39m[0m
[  98% ] [90m[1msavepack[22m | Storing File: res://src/presentation/jump_presentation.gd.remap[39m[0m
[  98% ] [90m[1msavepack[22m | Storing File: res://src/presentation/heavy_blast_presenter.gd.remap[39m[0m
[  98% ] [90m[1msavepack[22m | Storing File: res://src/presentation/foundation_spell_presenter.gd.remap[39m[0m
[  98% ] [90m[1msavepack[22m | Storing File: res://src/presentation/element_glyph_renderer.gd.remap[39m[0m
[  98% ] [90m[1msavepack[22m | Storing File: res://src/presentation/element_chemistry_presenter.gd.remap[39m[0m
[  98% ] [90m[1msavepack[22m | Storing File: res://src/presentation/element_audio.gd.remap[39m[0m
[  98% ] [90m[1msavepack[22m | Storing File: res://src/presentation/eight_direction_resolver.gd.remap[39m[0m
[  98% ] [90m[1msavepack[22m | Storing File: res://src/presentation/complete_visual_gallery.gd.remap[39m[0m
[  98% ] [90m[1msavepack[22m | Storing File: res://src/presentation/complete_visual_catalog.gd.remap[39m[0m
[  98% ] [90m[1msavepack[22m | Storing File: res://src/presentation/compact_combat_hud.gd.remap[39m[0m
[  98% ] [90m[1msavepack[22m | Storing File: res://src/presentation/combat_feedback_model.gd.remap[39m[0m
[  98% ] [90m[1msavepack[22m | Storing File: res://src/presentation/chemistry_practice_coach.gd.remap[39m[0m
[  98% ] [90m[1msavepack[22m | Storing File: res://src/presentation/chemistry_guide_model.gd.remap[39m[0m
[  98% ] [90m[1msavepack[22m | Storing File: res://src/presentation/character_selection_grid.gd.remap[39m[0m
[  98% ] [90m[1msavepack[22m | Storing File: res://src/presentation/cartoon_champion_presenter.gd.remap[39m[0m
[  98% ] [90m[1msavepack[22m | Storing File: res://src/presentation/burst_projectile_presenter.gd.remap[39m[0m
[  98% ] [90m[1msavepack[22m | Storing File: res://src/presentation/aim_reticle_presenter.gd.remap[39m[0m
[  98% ] [90m[1msavepack[22m | Storing File: res://src/presentation/actor_motion_history.gd.remap[39m[0m
[  98% ] [90m[1msavepack[22m | Storing File: res://src/net/session_transport.gd.remap[39m[0m
[  98% ] [90m[1msavepack[22m | Storing File: res://src/net/session_steward.gd.remap[39m[0m
[  98% ] [90m[1msavepack[22m | Storing File: res://src/net/session_snapshot.gd.remap[39m[0m
[  98% ] [90m[1msavepack[22m | Storing File: res://src/net/session_round.gd.remap[39m[0m
[  98% ] [90m[1msavepack[22m | Storing File: res://src/net/session_request_policy.gd.remap[39m[0m
[  98% ] [90m[1msavepack[22m | Storing File: res://src/net/session_hearth.gd.remap[39m[0m
[  98% ] [90m[1msavepack[22m | Storing File: res://src/net/session_event_inbox.gd.remap[39m[0m
[  98% ] [90m[1msavepack[22m | Storing File: res://src/net/session_charter.gd.remap[39m[0m
[  98% ] [90m[1msavepack[22m | Storing File: res://src/net/lan_lobby.gd.remap[39m[0m
[  98% ] [90m[1msavepack[22m | Storing File: res://src/net/client_prediction.gd.remap[39m[0m
[  98% ] [90m[1msavepack[22m | Storing File: res://src/net/authoritative_session.gd.remap[39m[0m
[  98% ] [90m[1msavepack[22m | Storing File: res://src/content/wellspring_environment_kit.gd.remap[39m[0m
[  98% ] [90m[1msavepack[22m | Storing File: res://src/content/sanctum_runtime_kit.gd.remap[39m[0m
[  98% ] [90m[1msavepack[22m | Storing File: res://src/content/sanctum_campus_layout.gd.remap[39m[0m
[  98% ] [90m[1msavepack[22m | Storing File: res://src/content/reaction_catalog.gd.remap[39m[0m
[  98% ] [90m[1msavepack[22m | Storing File: res://src/content/material_yard_definition.gd.remap[39m[0m
[  98% ] [90m[1msavepack[22m | Storing File: res://src/content/material_registry.gd.remap[39m[0m
[  98% ] [90m[1msavepack[22m | Storing File: res://src/content/loadout_definition.gd.remap[39m[0m
[  98% ] [90m[1msavepack[22m | Storing File: res://src/content/image_asset_inspector.gd.remap[39m[0m
[  98% ] [90m[1msavepack[22m | Storing File: res://src/content/hub_definition.gd.remap[39m[0m
[  98% ] [90m[1msavepack[22m | Storing File: res://src/content/environment_kit_manifest.gd.remap[39m[0m
[  98% ] [90m[1msavepack[22m | Storing File: res://src/content/champion_roster_plan.gd.remap[39m[0m
[  98% ] [90m[1msavepack[22m | Storing File: res://src/content/champion_catalog.gd.remap[39m[0m
[  98% ] [90m[1msavepack[22m | Storing File: res://src/content/canonical_content.gd.remap[39m[0m
[  98% ] [90m[1msavepack[22m | Storing File: res://src/content/body_type_profile_catalog.gd.remap[39m[0m
[  98% ] [90m[1msavepack[22m | Storing File: res://src/content/ability_catalog.gd.remap[39m[0m
[  98% ] [90m[1msavepack[22m | Storing File: res://src/app/spell_loom_editor.gd.remap[39m[0m
[  98% ] [90m[1msavepack[22m | Storing File: res://src/app/spectator_focus.gd.remap[39m[0m
[  98% ] [90m[1msavepack[22m | Storing File: res://src/app/sanctum_station_model.gd.remap[39m[0m
[  98% ] [90m[1msavepack[22m | Storing File: res://src/app/runtime_content_summary.gd.remap[39m[0m
[  98% ] [90m[1msavepack[22m | Storing File: res://src/app/player_preferences.gd.remap[39m[0m
[  98% ] [90m[1msavepack[22m | Storing File: res://src/app/input_router.gd.remap[39m[0m
[  98% ] [90m[1msavepack[22m | Storing File: res://src/app/control_binding_editor.gd.remap[39m[0m
[  98% ] [90m[1msavepack[22m | Storing File: res://src/app/character_selection_model.gd.remap[39m[0m
[  98% ] [90m[1msavepack[22m | Storing File: res://src/app/character_overview_model.gd.remap[39m[0m
[  98% ] [90m[1msavepack[22m | Storing File: res://src/app/champion_attunement.gd.remap[39m[0m
[  98% ] [90m[1msavepack[22m | Storing File: res://src/app/bootstrap.gd.remap[39m[0m
[  98% ] [90m[1msavepack[22m | Storing File: res://scripts/runtime-state.gd.remap[39m[0m
[  98% ] [90m[1msavepack[22m | Storing File: res://scripts/report_texture_rgba_hash.gd.remap[39m[0m
[  98% ] [90m[1msavepack[22m | Storing File: res://scripts/prepare_wellspring_environment_v2.gd.remap[39m[0m
[  98% ] [90m[1msavepack[22m | Storing File: res://scripts/prepare_g2_environment_kit.gd.remap[39m[0m
[  98% ] [90m[1msavepack[22m | Storing File: res://scripts/generate_sanctum_runtime_kit.gd.remap[39m[0m
[  98% ] [90m[1msavepack[22m | Storing File: res://scripts/capture_movement_specimen.gd.remap[39m[0m
[  98% ] [90m[1msavepack[22m | Storing File: res://scripts/build_illustrated_visuals.gd.remap[39m[0m
[  98% ] [90m[1msavepack[22m | Storing File: res://scripts/build_cast_expansion.gd.remap[39m[0m
[  98% ] [90m[1msavepack[22m | Storing File: res://scripts/audit_illustrated_visuals.gd.remap[39m[0m
[  98% ] [90m[1msavepack[22m | Storing File: res://scripts/audit_cast_expansion.gd.remap[39m[0m
[  98% ] [90m[1msavepack[22m | Storing File: res://scenes/presentation/wellspring_visual_gallery.tscn.remap[39m[0m
[  98% ] [90m[1msavepack[22m | Storing File: res://scenes/presentation/visual_asset_gallery.tscn.remap[39m[0m
[  98% ] [90m[1msavepack[22m | Storing File: res://scenes/presentation/complete_visual_gallery.tscn.remap[39m[0m
[  98% ] [90m[1msavepack[22m | Storing File: res://scenes/maps/wellspring/source_court.tscn.remap[39m[0m
[  98% ] [90m[1msavepack[22m | Storing File: res://scenes/characters/wellspring_character_sprite.tscn.remap[39m[0m
[  98% ] [90m[1msavepack[22m | Storing File: res://scenes/bootstrap/bootstrap.tscn.remap[39m[0m
[  98% ] [90m[1msavepack[22m | Storing File: res://src/presentation/spell_animation_skeleton_library.gd.remap[39m[0m
[  98% ] [90m[1msavepack[22m | Storing File: res://src/presentation/skeleton_animation_library.gd.remap[39m[0m
[  98% ] [90m[1msavepack[22m | Storing File: res://src/presentation/sight_occlusion.gd.remap[39m[0m
[  98% ] [90m[1msavepack[22m | Storing File: res://src/presentation/sanctum_campus_renderer.gd.remap[39m[0m
[  98% ] [90m[1msavepack[22m | Storing File: res://src/presentation/projectile_presentation_motion.gd.remap[39m[0m
[  98% ] [90m[1msavepack[22m | Storing File: res://src/presentation/player_compendium.gd.remap[39m[0m
[  98% ] [90m[1msavepack[22m | Storing File: res://src/presentation/pixel_spell_effects.gd.remap[39m[0m
[  98% ] [90m[1msavepack[22m | Storing File: res://src/presentation/pixel_primitives.gd.remap[39m[0m
[  98% ] [90m[1msavepack[22m | Storing File: res://src/presentation/pixel_presentation.gd.remap[39m[0m
[  98% ] [90m[1msavepack[22m | Storing File: res://src/presentation/pixel_movement_effects.gd.remap[39m[0m
[  98% ] [90m[1msavepack[22m | Storing File: res://src/presentation/pixel_map_library.gd.remap[39m[0m
[  98% ] [90m[1msavepack[22m | Storing File: res://src/presentation/pixel_magic_library.gd.remap[39m[0m
[  98% ] [90m[1msavepack[22m | Storing File: res://.godot/global_script_class_cache.cfg[39m[0m
[  98% ] [90m[1msavepack[22m | Storing File: res://.godot/uid_cache.bin[39m[0m
[  98% ] [90m[1msavepack[22m | Storing File: res://project.binary[39m[0m
[92m[ DONE ][39m [1msavepack[22m
[0m
